자치구_코드_명,행정동_코드_명,카테고리,기준_년분기_코드,자치구_코드,행정동_코드,점포_수,유사_카테고리_점포_수,개업_점포_수,폐업_점포_수,프랜차이즈_점포_수,개업_율,폐업_률,동_총_점포_수
강남구,개포1동,교육,20254,11680,11680660,29,31,0,0,2,0.0,0.0,180
강남구,개포1동,생활/홈인테리어,20254,11680,11680660,11,11,0,2,0,0.0,0.18181818181818182,180
강남구,개포1동,생활서비스,20254,11680,11680660,29,30,0,0,1,0.0,0.0,180
강남구,개포1동,숙박/부동산,20254,11680,11680660,40,40,0,1,0,0.0,0.025,180
강남구,개포1동,식품/식재료,20254,11680,11680660,13,17,0,0,4,0.0,0.0,180
강남구,개포1동,오락/여가,20254,11680,11680660,2,2,0,0,0,0.0,0.0,180
강남구,개포1동,외식/F&B,20254,11680,11680660,10,10,0,0,0,0.0,0.0,180
강남구,개포1동,의료/건강,20254,11680,11680660,5,6,1,0,1,0.2,0.0,180
강남구,개포1동,자동차/이동수단,20254,11680,11680660,3,3,0,0,0,0.0,0.0,180
강남구,개포1동,전자/디지털,20254,11680,11680660,16,16,0,1,0,0.0,0.0625,180
강남구,개포1동,패션/뷰티,20254,11680,11680660,22,23,0,1,1,0.0,0.045454545454545456,180
강남구,개포2동,교육,20254,11680,11680670,185,198,8,4,13,0.043243243243243246,0.021621621621621623,907
강남구,개포2동,생활/홈인테리어,20254,11680,11680670,27,27,0,0,0,0.0,0.0,907
강남구,개포2동,생활서비스,20254,11680,11680670,93,104,0,2,11,0.0,0.021505376344086023,907
강남구,개포2동,숙박/부동산,20254,11680,11680670,177,178,0,4,1,0.0,0.022598870056497175,907
강남구,개포2동,식품/식재료,20254,11680,11680670,73,91,4,6,18,0.0547945205479452,0.0821917808219178,907
강남구,개포2동,오락/여가,20254,11680,11680670,31,33,0,0,2,0.0,0.0,907
강남구,개포2동,외식/F&B,20254,11680,11680670,123,167,3,3,44,0.024390243902439025,0.024390243902439025,907
강남구,개포2동,의료/건강,20254,11680,11680670,92,94,0,2,2,0.0,0.021739130434782608,907
강남구,개포2동,자동차/이동수단,20254,11680,11680670,6,6,0,0,0,0.0,0.0,907
강남구,개포2동,전문서비스,20254,11680,11680670,10,10,0,0,0,0.0,0.0,907
강남구,개포2동,전자/디지털,20254,11680,11680670,46,46,0,0,0,0.0,0.0,907
강남구,개포2동,패션/뷰티,20254,11680,11680670,44,46,1,0,2,0.022727272727272728,0.0,907
강남구,개포4동,교육,20254,11680,11680690,119,125,3,3,6,0.025210084033613446,0.025210084033613446,1338
강남구,개포4동,생활/홈인테리어,20254,11680,11680690,127,127,0,0,0,0.0,0.0,1338
강남구,개포4동,생활서비스,20254,11680,11680690,228,239,2,1,11,0.008771929824561403,0.0043859649122807015,1338
강남구,개포4동,숙박/부동산,20254,11680,11680690,114,114,0,1,0,0.0,0.008771929824561403,1338
강남구,개포4동,식품/식재료,20254,11680,11680690,105,131,1,5,26,0.009523809523809525,0.047619047619047616,1338
강남구,개포4동,오락/여가,20254,11680,11680690,50,50,2,0,0,0.04,0.0,1338
강남구,개포4동,외식/F&B,20254,11680,11680690,183,237,6,10,54,0.03278688524590164,0.0546448087431694,1338
강남구,개포4동,의료/건강,20254,11680,11680690,95,97,0,1,2,0.0,0.010526315789473684,1338
강남구,개포4동,자동차/이동수단,20254,11680,11680690,32,32,0,1,0,0.0,0.03125,1338
강남구,개포4동,전문서비스,20254,11680,11680690,15,15,0,1,0,0.0,0.06666666666666667,1338
강남구,개포4동,전자/디지털,20254,11680,11680690,125,125,0,12,0,0.0,0.096,1338
강남구,개포4동,패션/뷰티,20254,11680,11680690,145,146,2,1,1,0.013793103448275862,0.006896551724137931,1338
강남구,논현1동,교육,20254,11680,11680521,176,179,4,2,3,0.022727272727272728,0.011363636363636364,4061
강남구,논현1동,생활/홈인테리어,20254,11680,11680521,299,300,3,4,1,0.010033444816053512,0.013377926421404682,4061
강남구,논현1동,생활서비스,20254,11680,11680521,719,727,14,10,8,0.019471488178025034,0.013908205841446454,4061
강남구,논현1동,숙박/부동산,20254,11680,11680521,393,393,0,0,0,0.0,0.0,4061
강남구,논현1동,식품/식재료,20254,11680,11680521,191,260,8,8,69,0.041884816753926704,0.041884816753926704,4061
강남구,논현1동,오락/여가,20254,11680,11680521,106,113,3,4,7,0.02830188679245283,0.03773584905660377,4061
강남구,논현1동,외식/F&B,20254,11680,11680521,863,1051,43,28,188,0.04982618771726535,0.03244495944380069,4061
강남구,논현1동,의료/건강,20254,11680,11680521,466,468,12,7,2,0.02575107296137339,0.015021459227467811,4061
강남구,논현1동,자동차/이동수단,20254,11680,11680521,20,20,0,1,0,0.0,0.05,4061
강남구,논현1동,전문서비스,20254,11680,11680521,168,168,0,0,0,0.0,0.0,4061
강남구,논현1동,전자/디지털,20254,11680,11680521,209,209,2,7,0,0.009569377990430622,0.03349282296650718,4061
강남구,논현1동,패션/뷰티,20254,11680,11680521,451,457,10,8,6,0.022172949002217297,0.017738359201773836,4061
강남구,논현2동,교육,20254,11680,11680531,214,217,6,4,3,0.028037383177570093,0.018691588785046728,4290
강남구,논현2동,생활/홈인테리어,20254,11680,11680531,261,261,2,4,0,0.007662835249042145,0.01532567049808429,4290
강남구,논현2동,생활서비스,20254,11680,11680531,795,815,6,8,20,0.007547169811320755,0.010062893081761006,4290
강남구,논현2동,숙박/부동산,20254,11680,11680531,346,347,0,8,1,0.0,0.023121387283236993,4290
강남구,논현2동,식품/식재료,20254,11680,11680531,173,251,3,10,78,0.017341040462427744,0.057803468208092484,4290
강남구,논현2동,오락/여가,20254,11680,11680531,86,91,1,5,5,0.011627906976744186,0.05813953488372093,4290
강남구,논현2동,외식/F&B,20254,11680,11680531,1000,1207,30,33,207,0.03,0.033,4290
강남구,논현2동,의료/건강,20254,11680,11680531,309,312,4,2,3,0.012944983818770227,0.006472491909385114,4290
강남구,논현2동,자동차/이동수단,20254,11680,11680531,24,24,0,0,0,0.0,0.0,4290
강남구,논현2동,전문서비스,20254,11680,11680531,262,262,1,0,0,0.003816793893129771,0.0,4290
강남구,논현2동,전자/디지털,20254,11680,11680531,254,254,2,12,0,0.007874015748031496,0.047244094488188976,4290
강남구,논현2동,패션/뷰티,20254,11680,11680531,566,576,6,8,10,0.01060070671378092,0.014134275618374558,4290
강남구,대치1동,교육,20254,11680,11680600,393,409,5,5,16,0.01272264631043257,0.01272264631043257,1011
강남구,대치1동,생활/홈인테리어,20254,11680,11680600,18,18,1,0,0,0.05555555555555555,0.0,1011
강남구,대치1동,생활서비스,20254,11680,11680600,72,85,4,3,13,0.05555555555555555,0.041666666666666664,1011
강남구,대치1동,숙박/부동산,20254,11680,11680600,124,124,0,1,0,0.0,0.008064516129032258,1011
강남구,대치1동,식품/식재료,20254,11680,11680600,36,62,2,2,26,0.05555555555555555,0.05555555555555555,1011
강남구,대치1동,오락/여가,20254,11680,11680600,36,40,3,0,4,0.08333333333333333,0.0,1011
강남구,대치1동,외식/F&B,20254,11680,11680600,90,136,3,6,46,0.03333333333333333,0.06666666666666667,1011
강남구,대치1동,의료/건강,20254,11680,11680600,146,147,1,1,1,0.00684931506849315,0.00684931506849315,1011
강남구,대치1동,자동차/이동수단,20254,11680,11680600,4,4,0,0,0,0.0,0.0,1011
강남구,대치1동,전문서비스,20254,11680,11680600,15,15,0,0,0,0.0,0.0,1011
강남구,대치1동,전자/디지털,20254,11680,11680600,25,25,1,0,0,0.04,0.0,1011
강남구,대치1동,패션/뷰티,20254,11680,11680600,52,54,0,0,2,0.0,0.0,1011
강남구,대치2동,교육,20254,11680,11680610,505,525,5,7,20,0.009900990099009901,0.013861386138613862,2782
강남구,대치2동,생활/홈인테리어,20254,11680,11680610,108,108,8,1,0,0.07407407407407407,0.009259259259259259,2782
강남구,대치2동,생활서비스,20254,11680,11680610,285,297,5,8,12,0.017543859649122806,0.028070175438596492,2782
강남구,대치2동,숙박/부동산,20254,11680,11680610,305,305,1,5,0,0.003278688524590164,0.01639344262295082,2782
강남구,대치2동,식품/식재료,20254,11680,11680610,189,240,10,10,51,0.05291005291005291,0.05291005291005291,2782
강남구,대치2동,오락/여가,20254,11680,11680610,92,104,1,1,12,0.010869565217391304,0.010869565217391304,2782
강남구,대치2동,외식/F&B,20254,11680,11680610,445,574,17,27,129,0.038202247191011236,0.060674157303370786,2782
강남구,대치2동,의료/건강,20254,11680,11680610,156,160,0,0,4,0.0,0.0,2782
강남구,대치2동,자동차/이동수단,20254,11680,11680610,21,21,0,0,0,0.0,0.0,2782
강남구,대치2동,전문서비스,20254,11680,11680610,181,181,1,2,0,0.0055248618784530384,0.011049723756906077,2782
강남구,대치2동,전자/디지털,20254,11680,11680610,150,150,1,7,0,0.006666666666666667,0.04666666666666667,2782
강남구,대치2동,패션/뷰티,20254,11680,11680610,345,356,3,12,11,0.008695652173913044,0.034782608695652174,2782
강남구,대치4동,교육,20254,11680,11680630,1056,1085,34,25,29,0.032196969696969696,0.023674242424242424,3682
강남구,대치4동,생활/홈인테리어,20254,11680,11680630,97,98,3,2,1,0.030927835051546393,0.020618556701030927,3682
강남구,대치4동,생활서비스,20254,11680,11680630,339,364,8,7,25,0.02359882005899705,0.02064896755162242,3682
강남구,대치4동,숙박/부동산,20254,11680,11680630,371,372,0,9,1,0.0,0.02425876010781671,3682
강남구,대치4동,식품/식재료,20254,11680,11680630,126,175,2,2,49,0.015873015873015872,0.015873015873015872,3682
강남구,대치4동,오락/여가,20254,11680,11680630,150,162,9,4,12,0.06,0.02666666666666667,3682
강남구,대치4동,외식/F&B,20254,11680,11680630,648,864,27,25,216,0.041666666666666664,0.038580246913580245,3682
강남구,대치4동,의료/건강,20254,11680,11680630,162,166,2,1,4,0.012345679012345678,0.006172839506172839,3682
강남구,대치4동,자동차/이동수단,20254,11680,11680630,20,20,0,0,0,0.0,0.0,3682
강남구,대치4동,전문서비스,20254,11680,11680630,177,177,0,1,0,0.0,0.005649717514124294,3682
강남구,대치4동,전자/디지털,20254,11680,11680630,115,115,0,4,0,0.0,0.034782608695652174,3682
강남구,대치4동,패션/뷰티,20254,11680,11680630,421,429,1,13,8,0.0023752969121140144,0.030878859857482184,3682
강남구,도곡1동,교육,20254,11680,11680655,154,160,9,1,6,0.05844155844155844,0.006493506493506494,1288
강남구,도곡1동,생활/홈인테리어,20254,11680,11680655,64,64,2,2,0,0.03125,0.03125,1288
강남구,도곡1동,생활서비스,20254,11680,11680655,189,201,3,3,12,0.015873015873015872,0.015873015873015872,1288
강남구,도곡1동,숙박/부동산,20254,11680,11680655,119,119,1,1,0,0.008403361344537815,0.008403361344537815,1288
강남구,도곡1동,식품/식재료,20254,11680,11680655,71,101,2,2,30,0.028169014084507043,0.028169014084507043,1288
강남구,도곡1동,오락/여가,20254,11680,11680655,33,37,2,0,4,0.06060606060606061,0.0,1288
강남구,도곡1동,외식/F&B,20254,11680,11680655,225,283,11,5,58,0.04888888888888889,0.022222222222222223,1288
강남구,도곡1동,의료/건강,20254,11680,11680655,167,168,3,0,1,0.017964071856287425,0.0,1288
강남구,도곡1동,자동차/이동수단,20254,11680,11680655,15,15,0,0,0,0.0,0.0,1288
강남구,도곡1동,전문서비스,20254,11680,11680655,64,64,0,0,0,0.0,0.0,1288
강남구,도곡1동,전자/디지털,20254,11680,11680655,74,74,0,1,0,0.0,0.013513513513513514,1288
강남구,도곡1동,패션/뷰티,20254,11680,11680655,113,114,1,0,1,0.008849557522123894,0.0,1288
강남구,도곡2동,교육,20254,11680,11680656,196,202,2,5,6,0.01020408163265306,0.025510204081632654,1436
강남구,도곡2동,생활/홈인테리어,20254,11680,11680656,80,80,0,0,0,0.0,0.0,1436
강남구,도곡2동,생활서비스,20254,11680,11680656,171,178,0,5,7,0.0,0.029239766081871343,1436
강남구,도곡2동,숙박/부동산,20254,11680,11680656,151,151,0,1,0,0.0,0.006622516556291391,1436
강남구,도곡2동,식품/식재료,20254,11680,11680656,90,118,4,3,28,0.044444444444444446,0.03333333333333333,1436
강남구,도곡2동,오락/여가,20254,11680,11680656,41,45,3,0,4,0.07317073170731707,0.0,1436
강남구,도곡2동,외식/F&B,20254,11680,11680656,283,337,10,11,54,0.0353356890459364,0.038869257950530034,1436
강남구,도곡2동,의료/건강,20254,11680,11680656,99,100,3,0,1,0.030303030303030304,0.0,1436
강남구,도곡2동,자동차/이동수단,20254,11680,11680656,15,15,0,1,0,0.0,0.06666666666666667,1436
강남구,도곡2동,전문서비스,20254,11680,11680656,79,79,1,0,0,0.012658227848101266,0.0,1436
강남구,도곡2동,전자/디지털,20254,11680,11680656,68,68,1,0,0,0.014705882352941176,0.0,1436
강남구,도곡2동,패션/뷰티,20254,11680,11680656,163,165,0,3,2,0.0,0.018404907975460124,1436
강남구,삼성1동,교육,20254,11680,11680580,122,127,1,0,5,0.00819672131147541,0.0,3361
강남구,삼성1동,생활/홈인테리어,20254,11680,11680580,190,192,0,2,2,0.0,0.010526315789473684,3361
강남구,삼성1동,생활서비스,20254,11680,11680580,256,268,5,6,12,0.01953125,0.0234375,3361
강남구,삼성1동,숙박/부동산,20254,11680,11680580,366,366,0,7,0,0.0,0.01912568306010929,3361
강남구,삼성1동,식품/식재료,20254,11680,11680580,201,258,7,8,57,0.03482587064676617,0.03980099502487562,3361
강남구,삼성1동,오락/여가,20254,11680,11680580,68,73,0,2,5,0.0,0.029411764705882353,3361
강남구,삼성1동,외식/F&B,20254,11680,11680580,679,856,18,13,177,0.026509572901325478,0.01914580265095729,3361
강남구,삼성1동,의료/건강,20254,11680,11680580,172,176,3,3,4,0.01744186046511628,0.01744186046511628,3361
강남구,삼성1동,자동차/이동수단,20254,11680,11680580,27,27,0,2,0,0.0,0.07407407407407407,3361
강남구,삼성1동,전문서비스,20254,11680,11680580,239,239,2,0,0,0.008368200836820083,0.0,3361
강남구,삼성1동,전자/디지털,20254,11680,11680580,158,158,1,2,0,0.006329113924050633,0.012658227848101266,3361
강남구,삼성1동,패션/뷰티,20254,11680,11680580,883,906,8,21,23,0.009060022650056626,0.02378255945639864,3361
강남구,삼성2동,교육,20254,11680,11680590,262,273,7,6,11,0.026717557251908396,0.022900763358778626,2830
강남구,삼성2동,생활/홈인테리어,20254,11680,11680590,131,133,1,2,2,0.007633587786259542,0.015267175572519083,2830
강남구,삼성2동,생활서비스,20254,11680,11680590,421,441,6,8,20,0.014251781472684086,0.019002375296912115,2830
강남구,삼성2동,숙박/부동산,20254,11680,11680590,393,395,0,6,2,0.0,0.015267175572519083,2830
강남구,삼성2동,식품/식재료,20254,11680,11680590,157,215,3,7,58,0.01910828025477707,0.044585987261146494,2830
강남구,삼성2동,오락/여가,20254,11680,11680590,48,51,0,1,3,0.0,0.020833333333333332,2830
강남구,삼성2동,외식/F&B,20254,11680,11680590,489,602,35,22,113,0.07157464212678936,0.044989775051124746,2830
강남구,삼성2동,의료/건강,20254,11680,11680590,168,170,3,3,2,0.017857142857142856,0.017857142857142856,2830
강남구,삼성2동,자동차/이동수단,20254,11680,11680590,27,27,0,1,0,0.0,0.037037037037037035,2830
강남구,삼성2동,전문서비스,20254,11680,11680590,249,249,0,2,0,0.0,0.008032128514056224,2830
강남구,삼성2동,전자/디지털,20254,11680,11680590,166,168,0,2,2,0.0,0.012048192771084338,2830
강남구,삼성2동,패션/뷰티,20254,11680,11680590,319,322,3,6,3,0.009404388714733543,0.018808777429467086,2830
강남구,세곡동,교육,20254,11680,11680700,184,202,4,9,18,0.021739130434782608,0.04891304347826087,1184
강남구,세곡동,생활/홈인테리어,20254,11680,11680700,89,89,2,0,0,0.02247191011235955,0.0,1184
강남구,세곡동,생활서비스,20254,11680,11680700,169,182,4,3,13,0.023668639053254437,0.01775147928994083,1184
강남구,세곡동,숙박/부동산,20254,11680,11680700,113,113,0,0,0,0.0,0.0,1184
강남구,세곡동,식품/식재료,20254,11680,11680700,102,140,6,2,38,0.058823529411764705,0.0196078431372549,1184
강남구,세곡동,오락/여가,20254,11680,11680700,25,30,1,0,5,0.04,0.0,1184
강남구,세곡동,외식/F&B,20254,11680,11680700,165,248,15,10,83,0.09090909090909091,0.06060606060606061,1184
강남구,세곡동,의료/건강,20254,11680,11680700,71,73,1,1,2,0.014084507042253521,0.014084507042253521,1184
강남구,세곡동,자동차/이동수단,20254,11680,11680700,96,96,3,3,0,0.03125,0.03125,1184
강남구,세곡동,전문서비스,20254,11680,11680700,12,12,0,0,0,0.0,0.0,1184
강남구,세곡동,전자/디지털,20254,11680,11680700,90,91,0,1,1,0.0,0.011111111111111112,1184
강남구,세곡동,패션/뷰티,20254,11680,11680700,68,70,1,0,2,0.014705882352941176,0.0,1184
강남구,수서동,교육,20254,11680,11680750,36,37,0,2,1,0.0,0.05555555555555555,746
강남구,수서동,생활/홈인테리어,20254,11680,11680750,72,72,0,0,0,0.0,0.0,746
강남구,수서동,생활서비스,20254,11680,11680750,89,95,3,1,6,0.033707865168539325,0.011235955056179775,746
강남구,수서동,숙박/부동산,20254,11680,11680750,71,71,0,3,0,0.0,0.04225352112676056,746
강남구,수서동,식품/식재료,20254,11680,11680750,77,96,0,1,19,0.0,0.012987012987012988,746
강남구,수서동,오락/여가,20254,11680,11680750,12,15,0,0,3,0.0,0.0,746
강남구,수서동,외식/F&B,20254,11680,11680750,140,211,5,4,71,0.03571428571428571,0.02857142857142857,746
강남구,수서동,의료/건강,20254,11680,11680750,83,84,1,0,1,0.012048192771084338,0.0,746
강남구,수서동,자동차/이동수단,20254,11680,11680750,13,13,0,0,0,0.0,0.0,746
강남구,수서동,전문서비스,20254,11680,11680750,52,52,0,1,0,0.0,0.019230769230769232,746
강남구,수서동,전자/디지털,20254,11680,11680750,46,46,0,1,0,0.0,0.021739130434782608,746
강남구,수서동,패션/뷰티,20254,11680,11680750,55,58,0,0,3,0.0,0.0,746
강남구,신사동,교육,20254,11680,11680510,324,331,7,8,7,0.021604938271604937,0.024691358024691357,3866
강남구,신사동,생활/홈인테리어,20254,11680,11680510,107,110,1,0,3,0.009345794392523364,0.0,3866
강남구,신사동,생활서비스,20254,11680,11680510,564,588,10,13,24,0.01773049645390071,0.02304964539007092,3866
강남구,신사동,숙박/부동산,20254,11680,11680510,195,196,0,4,1,0.0,0.020512820512820513,3866
강남구,신사동,식품/식재료,20254,11680,11680510,120,164,4,1,44,0.03333333333333333,0.008333333333333333,3866
강남구,신사동,오락/여가,20254,11680,11680510,67,73,0,1,6,0.0,0.014925373134328358,3866
강남구,신사동,외식/F&B,20254,11680,11680510,911,1061,19,36,150,0.020856201975850714,0.03951701427003293,3866
강남구,신사동,의료/건강,20254,11680,11680510,539,543,11,6,4,0.02040816326530612,0.011131725417439703,3866
강남구,신사동,자동차/이동수단,20254,11680,11680510,19,19,0,0,0,0.0,0.0,3866
강남구,신사동,전문서비스,20254,11680,11680510,59,59,0,0,0,0.0,0.0,3866
강남구,신사동,전자/디지털,20254,11680,11680510,139,139,0,7,0,0.0,0.050359712230215826,3866
강남구,신사동,패션/뷰티,20254,11680,11680510,822,842,7,13,20,0.00851581508515815,0.015815085158150853,3866
강남구,압구정동,교육,20254,11680,11680545,410,423,7,5,13,0.01707317073170732,0.012195121951219513,4266
강남구,압구정동,생활/홈인테리어,20254,11680,11680545,128,128,2,1,0,0.015625,0.0078125,4266
강남구,압구정동,생활서비스,20254,11680,11680545,663,682,2,6,19,0.0030165912518853697,0.00904977375565611,4266
강남구,압구정동,숙박/부동산,20254,11680,11680545,146,146,0,2,0,0.0,0.0136986301369863,4266
강남구,압구정동,식품/식재료,20254,11680,11680545,139,189,1,4,50,0.007194244604316547,0.02877697841726619,4266
강남구,압구정동,오락/여가,20254,11680,11680545,85,88,1,1,3,0.011764705882352941,0.011764705882352941,4266
강남구,압구정동,외식/F&B,20254,11680,11680545,1094,1216,31,41,122,0.0283363802559415,0.037477148080438755,4266
강남구,압구정동,의료/건강,20254,11680,11680545,447,454,9,4,7,0.020134228187919462,0.008948545861297539,4266
강남구,압구정동,자동차/이동수단,20254,11680,11680545,22,22,0,0,0,0.0,0.0,4266
강남구,압구정동,전문서비스,20254,11680,11680545,39,39,0,0,0,0.0,0.0,4266
강남구,압구정동,전자/디지털,20254,11680,11680545,93,93,0,0,0,0.0,0.0,4266
강남구,압구정동,패션/뷰티,20254,11680,11680545,1000,1010,13,12,10,0.013,0.012,4266
강남구,역삼1동,교육,20254,11680,11680640,546,554,10,13,8,0.018315018315018316,0.023809523809523808,10800
강남구,역삼1동,생활/홈인테리어,20254,11680,11680640,395,400,1,6,5,0.002531645569620253,0.015189873417721518,10800
강남구,역삼1동,생활서비스,20254,11680,11680640,1300,1367,43,29,67,0.03307692307692308,0.022307692307692306,10800
강남구,역삼1동,숙박/부동산,20254,11680,11680640,1283,1285,7,20,2,0.005455962587685113,0.01558846453624318,10800
강남구,역삼1동,식품/식재료,20254,11680,11680640,419,600,13,15,181,0.031026252983293555,0.03579952267303103,10800
강남구,역삼1동,오락/여가,20254,11680,11680640,284,309,7,11,25,0.02464788732394366,0.03873239436619718,10800
강남구,역삼1동,외식/F&B,20254,11680,11680640,2431,2999,121,112,568,0.049773755656108594,0.04607157548334019,10800
강남구,역삼1동,의료/건강,20254,11680,11680640,785,794,15,6,9,0.01910828025477707,0.007643312101910828,10800
강남구,역삼1동,자동차/이동수단,20254,11680,11680640,84,84,3,1,0,0.03571428571428571,0.011904761904761904,10800
강남구,역삼1동,전문서비스,20254,11680,11680640,1635,1635,14,10,0,0.00856269113149847,0.0061162079510703364,10800
강남구,역삼1동,전자/디지털,20254,11680,11680640,533,533,1,16,0,0.001876172607879925,0.0300187617260788,10800
강남구,역삼1동,패션/뷰티,20254,11680,11680640,1105,1141,22,29,36,0.019909502262443438,0.026244343891402715,10800
강남구,역삼2동,교육,20254,11680,11680650,247,259,4,4,12,0.016194331983805668,0.016194331983805668,2972
강남구,역삼2동,생활/홈인테리어,20254,11680,11680650,124,124,4,1,0,0.03225806451612903,0.008064516129032258,2972
강남구,역삼2동,생활서비스,20254,11680,11680650,334,344,7,10,10,0.020958083832335328,0.029940119760479042,2972
강남구,역삼2동,숙박/부동산,20254,11680,11680650,467,468,1,8,1,0.0021413276231263384,0.017130620985010708,2972
강남구,역삼2동,식품/식재료,20254,11680,11680650,155,217,6,6,62,0.03870967741935484,0.03870967741935484,2972
강남구,역삼2동,오락/여가,20254,11680,11680650,77,82,1,1,5,0.012987012987012988,0.012987012987012988,2972
강남구,역삼2동,외식/F&B,20254,11680,11680650,525,636,24,31,111,0.045714285714285714,0.05904761904761905,2972
강남구,역삼2동,의료/건강,20254,11680,11680650,225,230,4,2,5,0.017777777777777778,0.008888888888888889,2972
강남구,역삼2동,자동차/이동수단,20254,11680,11680650,30,30,0,0,0,0.0,0.0,2972
강남구,역삼2동,전문서비스,20254,11680,11680650,347,347,2,0,0,0.005763688760806916,0.0,2972
강남구,역삼2동,전자/디지털,20254,11680,11680650,162,162,1,4,0,0.006172839506172839,0.024691358024691357,2972
강남구,역삼2동,패션/뷰티,20254,11680,11680650,279,279,2,3,0,0.007168458781362007,0.010752688172043012,2972
강남구,일원1동,교육,20254,11680,11680730,63,68,2,4,5,0.031746031746031744,0.06349206349206349,666
강남구,일원1동,생활/홈인테리어,20254,11680,11680730,36,36,1,0,0,0.027777777777777776,0.0,666
강남구,일원1동,생활서비스,20254,11680,11680730,120,132,1,1,12,0.008333333333333333,0.008333333333333333,666
강남구,일원1동,숙박/부동산,20254,11680,11680730,42,42,0,0,0,0.0,0.0,666
강남구,일원1동,식품/식재료,20254,11680,11680730,69,89,2,1,20,0.028985507246376812,0.014492753623188406,666
강남구,일원1동,오락/여가,20254,11680,11680730,49,51,1,2,2,0.02040816326530612,0.04081632653061224,666
강남구,일원1동,외식/F&B,20254,11680,11680730,143,190,5,4,47,0.03496503496503497,0.027972027972027972,666
강남구,일원1동,의료/건강,20254,11680,11680730,62,62,2,1,0,0.03225806451612903,0.016129032258064516,666
강남구,일원1동,자동차/이동수단,20254,11680,11680730,9,9,0,0,0,0.0,0.0,666
강남구,일원1동,전문서비스,20254,11680,11680730,3,3,0,0,0,0.0,0.0,666
강남구,일원1동,전자/디지털,20254,11680,11680730,28,28,0,2,0,0.0,0.07142857142857142,666
강남구,일원1동,패션/뷰티,20254,11680,11680730,42,46,0,0,4,0.0,0.0,666
강남구,일원2동,교육,20254,11680,11680740,57,59,0,1,2,0.0,0.017543859649122806,388
강남구,일원2동,생활/홈인테리어,20254,11680,11680740,19,19,0,0,0,0.0,0.0,388
강남구,일원2동,생활서비스,20254,11680,11680740,44,47,0,0,3,0.0,0.0,388
강남구,일원2동,숙박/부동산,20254,11680,11680740,58,58,0,1,0,0.0,0.017241379310344827,388
강남구,일원2동,식품/식재료,20254,11680,11680740,32,39,0,1,7,0.0,0.03125,388
강남구,일원2동,오락/여가,20254,11680,11680740,7,8,0,1,1,0.0,0.14285714285714285,388
강남구,일원2동,외식/F&B,20254,11680,11680740,52,68,2,3,16,0.038461538461538464,0.057692307692307696,388
강남구,일원2동,의료/건강,20254,11680,11680740,38,39,0,1,1,0.0,0.02631578947368421,388
강남구,일원2동,자동차/이동수단,20254,11680,11680740,5,5,0,0,0,0.0,0.0,388
강남구,일원2동,전문서비스,20254,11680,11680740,15,15,0,0,0,0.0,0.0,388
강남구,일원2동,전자/디지털,20254,11680,11680740,25,25,0,1,0,0.0,0.04,388
강남구,일원2동,패션/뷰티,20254,11680,11680740,36,36,0,1,0,0.0,0.027777777777777776,388
강남구,일원본동,교육,20254,11680,11680720,97,105,4,0,8,0.041237113402061855,0.0,406
강남구,일원본동,생활/홈인테리어,20254,11680,11680720,9,9,0,0,0,0.0,0.0,406
강남구,일원본동,생활서비스,20254,11680,11680720,58,65,0,0,7,0.0,0.0,406
강남구,일원본동,숙박/부동산,20254,11680,11680720,51,51,0,1,0,0.0,0.0196078431372549,406
강남구,일원본동,식품/식재료,20254,11680,11680720,34,50,2,0,16,0.058823529411764705,0.0,406
강남구,일원본동,오락/여가,20254,11680,11680720,15,17,3,1,2,0.2,0.06666666666666667,406
강남구,일원본동,외식/F&B,20254,11680,11680720,39,52,1,2,13,0.02564102564102564,0.05128205128205128,406
강남구,일원본동,의료/건강,20254,11680,11680720,48,49,0,0,1,0.0,0.0,406
강남구,일원본동,자동차/이동수단,20254,11680,11680720,1,1,0,0,0,0.0,0.0,406
강남구,일원본동,전문서비스,20254,11680,11680720,4,4,0,0,0,0.0,0.0,406
강남구,일원본동,전자/디지털,20254,11680,11680720,24,24,0,1,0,0.0,0.041666666666666664,406
강남구,일원본동,패션/뷰티,20254,11680,11680720,26,26,0,0,0,0.0,0.0,406
강남구,청담동,교육,20254,11680,11680565,278,290,9,4,12,0.03237410071942446,0.014388489208633094,4250
강남구,청담동,생활/홈인테리어,20254,11680,11680565,201,201,3,3,0,0.014925373134328358,0.014925373134328358,4250
강남구,청담동,생활서비스,20254,11680,11680565,768,792,14,12,24,0.018229166666666668,0.015625,4250
강남구,청담동,숙박/부동산,20254,11680,11680565,313,313,0,3,0,0.0,0.009584664536741214,4250
강남구,청담동,식품/식재료,20254,11680,11680565,146,210,9,7,64,0.06164383561643835,0.04794520547945205,4250
강남구,청담동,오락/여가,20254,11680,11680565,58,63,4,3,5,0.06896551724137931,0.05172413793103448,4250
강남구,청담동,외식/F&B,20254,11680,11680565,828,910,30,22,82,0.036231884057971016,0.026570048309178744,4250
강남구,청담동,의료/건강,20254,11680,11680565,432,435,8,3,3,0.018518518518518517,0.006944444444444444,4250
강남구,청담동,자동차/이동수단,20254,11680,11680565,16,16,0,0,0,0.0,0.0,4250
강남구,청담동,전문서비스,20254,11680,11680565,129,129,0,2,0,0.0,0.015503875968992248,4250
강남구,청담동,전자/디지털,20254,11680,11680565,143,143,0,0,0,0.0,0.0,4250
강남구,청담동,패션/뷰티,20254,11680,11680565,938,946,19,9,8,0.02025586353944563,0.009594882729211088,4250
강동구,강일동,교육,20254,11740,11740515,226,253,9,9,27,0.03982300884955752,0.03982300884955752,824
강동구,강일동,생활/홈인테리어,20254,11740,11740515,21,21,2,1,0,0.09523809523809523,0.047619047619047616,824
강동구,강일동,생활서비스,20254,11740,11740515,136,151,4,2,15,0.029411764705882353,0.014705882352941176,824
강동구,강일동,숙박/부동산,20254,11740,11740515,38,38,0,0,0,0.0,0.0,824
강동구,강일동,식품/식재료,20254,11740,11740515,96,127,4,5,31,0.041666666666666664,0.052083333333333336,824
강동구,강일동,오락/여가,20254,11740,11740515,24,29,0,0,5,0.0,0.0,824
강동구,강일동,외식/F&B,20254,11740,11740515,97,165,8,12,68,0.08247422680412371,0.12371134020618557,824
강동구,강일동,의료/건강,20254,11740,11740515,72,74,1,1,2,0.013888888888888888,0.013888888888888888,824
강동구,강일동,자동차/이동수단,20254,11740,11740515,6,6,0,0,0,0.0,0.0,824
강동구,강일동,전문서비스,20254,11740,11740515,6,6,0,0,0,0.0,0.0,824
강동구,강일동,전자/디지털,20254,11740,11740515,65,66,1,4,1,0.015384615384615385,0.06153846153846154,824
강동구,강일동,패션/뷰티,20254,11740,11740515,37,39,2,0,2,0.05405405405405406,0.0,824
강동구,고덕1동,교육,20254,11740,11740550,111,133,4,3,22,0.036036036036036036,0.02702702702702703,517
강동구,고덕1동,생활/홈인테리어,20254,11740,11740550,26,26,1,0,0,0.038461538461538464,0.0,517
강동구,고덕1동,생활서비스,20254,11740,11740550,74,81,1,0,7,0.013513513513513514,0.0,517
강동구,고덕1동,숙박/부동산,20254,11740,11740550,74,74,0,0,0,0.0,0.0,517
강동구,고덕1동,식품/식재료,20254,11740,11740550,40,52,5,2,12,0.125,0.05,517
강동구,고덕1동,오락/여가,20254,11740,11740550,19,19,0,0,0,0.0,0.0,517
강동구,고덕1동,외식/F&B,20254,11740,11740550,79,107,5,5,28,0.06329113924050633,0.06329113924050633,517
강동구,고덕1동,의료/건강,20254,11740,11740550,21,22,0,0,1,0.0,0.0,517
강동구,고덕1동,자동차/이동수단,20254,11740,11740550,4,4,0,0,0,0.0,0.0,517
강동구,고덕1동,전문서비스,20254,11740,11740550,2,2,0,0,0,0.0,0.0,517
강동구,고덕1동,전자/디지털,20254,11740,11740550,36,36,0,1,0,0.0,0.027777777777777776,517
강동구,고덕1동,패션/뷰티,20254,11740,11740550,31,31,1,0,0,0.03225806451612903,0.0,517
강동구,고덕2동,교육,20254,11740,11740560,118,136,1,3,18,0.00847457627118644,0.025423728813559324,870
강동구,고덕2동,생활/홈인테리어,20254,11740,11740560,37,38,1,0,1,0.02702702702702703,0.0,870
강동구,고덕2동,생활서비스,20254,11740,11740560,118,134,1,4,16,0.00847457627118644,0.03389830508474576,870
강동구,고덕2동,숙박/부동산,20254,11740,11740560,137,137,0,1,0,0.0,0.0072992700729927005,870
강동구,고덕2동,식품/식재료,20254,11740,11740560,66,91,1,0,25,0.015151515151515152,0.0,870
강동구,고덕2동,오락/여가,20254,11740,11740560,22,25,0,0,3,0.0,0.0,870
강동구,고덕2동,외식/F&B,20254,11740,11740560,167,242,10,14,75,0.059880239520958084,0.08383233532934131,870
강동구,고덕2동,의료/건강,20254,11740,11740560,73,73,0,1,0,0.0,0.0136986301369863,870
강동구,고덕2동,자동차/이동수단,20254,11740,11740560,7,7,0,0,0,0.0,0.0,870
강동구,고덕2동,전문서비스,20254,11740,11740560,15,15,0,0,0,0.0,0.0,870
강동구,고덕2동,전자/디지털,20254,11740,11740560,56,56,0,0,0,0.0,0.0,870
강동구,고덕2동,패션/뷰티,20254,11740,11740560,54,57,2,0,3,0.037037037037037035,0.0,870
강동구,길동,교육,20254,11740,11740685,185,196,3,11,11,0.016216216216216217,0.05945945945945946,2644
강동구,길동,생활/홈인테리어,20254,11740,11740685,139,139,2,4,0,0.014388489208633094,0.02877697841726619,2644
강동구,길동,생활서비스,20254,11740,11740685,429,456,6,8,27,0.013986013986013986,0.018648018648018648,2644
강동구,길동,숙박/부동산,20254,11740,11740685,234,235,3,6,1,0.01282051282051282,0.02564102564102564,2644
강동구,길동,식품/식재료,20254,11740,11740685,250,299,4,8,49,0.016,0.032,2644
강동구,길동,오락/여가,20254,11740,11740685,115,118,5,7,3,0.043478260869565216,0.06086956521739131,2644
강동구,길동,외식/F&B,20254,11740,11740685,638,792,29,25,154,0.045454545454545456,0.03918495297805643,2644
강동구,길동,의료/건강,20254,11740,11740685,207,213,5,3,6,0.024154589371980676,0.014492753623188406,2644
강동구,길동,자동차/이동수단,20254,11740,11740685,25,25,0,0,0,0.0,0.0,2644
강동구,길동,전문서비스,20254,11740,11740685,46,46,0,0,0,0.0,0.0,2644
강동구,길동,전자/디지털,20254,11740,11740685,186,187,0,4,1,0.0,0.021505376344086023,2644
강동구,길동,패션/뷰티,20254,11740,11740685,190,197,3,2,7,0.015789473684210527,0.010526315789473684,2644
강동구,둔촌1동,교육,20254,11740,11740690,39,47,2,0,8,0.05128205128205128,0.0,173
강동구,둔촌1동,생활/홈인테리어,20254,11740,11740690,9,9,0,0,0,0.0,0.0,173
강동구,둔촌1동,생활서비스,20254,11740,11740690,14,27,3,1,13,0.21428571428571427,0.07142857142857142,173
강동구,둔촌1동,숙박/부동산,20254,11740,11740690,1,1,0,0,0,0.0,0.0,173
강동구,둔촌1동,식품/식재료,20254,11740,11740690,23,33,5,2,10,0.21739130434782608,0.08695652173913043,173
강동구,둔촌1동,오락/여가,20254,11740,11740690,2,2,0,0,0,0.0,0.0,173
강동구,둔촌1동,외식/F&B,20254,11740,11740690,30,48,5,1,18,0.16666666666666666,0.03333333333333333,173
강동구,둔촌1동,의료/건강,20254,11740,11740690,42,45,1,0,3,0.023809523809523808,0.0,173
강동구,둔촌1동,전자/디지털,20254,11740,11740690,1,1,0,0,0,0.0,0.0,173
강동구,둔촌1동,패션/뷰티,20254,11740,11740690,12,12,2,0,0,0.16666666666666666,0.0,173
강동구,둔촌2동,교육,20254,11740,11740700,101,112,1,3,11,0.009900990099009901,0.0297029702970297,1018
강동구,둔촌2동,생활/홈인테리어,20254,11740,11740700,68,68,0,2,0,0.0,0.029411764705882353,1018
강동구,둔촌2동,생활서비스,20254,11740,11740700,166,177,3,3,11,0.018072289156626505,0.018072289156626505,1018
강동구,둔촌2동,숙박/부동산,20254,11740,11740700,98,98,2,2,0,0.02040816326530612,0.02040816326530612,1018
강동구,둔촌2동,식품/식재료,20254,11740,11740700,102,123,3,3,21,0.029411764705882353,0.029411764705882353,1018
강동구,둔촌2동,오락/여가,20254,11740,11740700,37,39,2,3,2,0.05405405405405406,0.08108108108108109,1018
강동구,둔촌2동,외식/F&B,20254,11740,11740700,216,253,4,6,37,0.018518518518518517,0.027777777777777776,1018
강동구,둔촌2동,의료/건강,20254,11740,11740700,71,72,1,1,1,0.014084507042253521,0.014084507042253521,1018
강동구,둔촌2동,자동차/이동수단,20254,11740,11740700,17,18,2,1,1,0.11764705882352941,0.058823529411764705,1018
강동구,둔촌2동,전문서비스,20254,11740,11740700,14,14,0,0,0,0.0,0.0,1018
강동구,둔촌2동,전자/디지털,20254,11740,11740700,57,57,0,0,0,0.0,0.0,1018
강동구,둔촌2동,패션/뷰티,20254,11740,11740700,71,72,0,1,1,0.0,0.014084507042253521,1018
강동구,명일1동,교육,20254,11740,11740530,178,194,3,0,16,0.016853932584269662,0.0,1414
강동구,명일1동,생활/홈인테리어,20254,11740,11740530,38,39,0,2,1,0.0,0.05263157894736842,1414
강동구,명일1동,생활서비스,20254,11740,11740530,179,196,3,6,17,0.01675977653631285,0.0335195530726257,1414
강동구,명일1동,숙박/부동산,20254,11740,11740530,80,80,1,2,0,0.0125,0.025,1414
강동구,명일1동,식품/식재료,20254,11740,11740530,112,128,2,2,16,0.017857142857142856,0.017857142857142856,1414
강동구,명일1동,오락/여가,20254,11740,11740530,69,76,5,3,7,0.07246376811594203,0.043478260869565216,1414
강동구,명일1동,외식/F&B,20254,11740,11740530,288,376,11,21,88,0.03819444444444445,0.07291666666666667,1414
강동구,명일1동,의료/건강,20254,11740,11740530,126,128,1,1,2,0.007936507936507936,0.007936507936507936,1414
강동구,명일1동,자동차/이동수단,20254,11740,11740530,8,8,0,0,0,0.0,0.0,1414
강동구,명일1동,전문서비스,20254,11740,11740530,7,7,0,0,0,0.0,0.0,1414
강동구,명일1동,전자/디지털,20254,11740,11740530,160,162,1,8,2,0.00625,0.05,1414
강동구,명일1동,패션/뷰티,20254,11740,11740530,169,174,0,3,5,0.0,0.01775147928994083,1414
강동구,명일2동,교육,20254,11740,11740540,341,362,6,8,21,0.017595307917888565,0.02346041055718475,960
강동구,명일2동,생활/홈인테리어,20254,11740,11740540,44,44,2,2,0,0.045454545454545456,0.045454545454545456,960
강동구,명일2동,생활서비스,20254,11740,11740540,96,103,0,4,7,0.0,0.041666666666666664,960
강동구,명일2동,숙박/부동산,20254,11740,11740540,57,57,0,2,0,0.0,0.03508771929824561,960
강동구,명일2동,식품/식재료,20254,11740,11740540,42,61,3,1,19,0.07142857142857142,0.023809523809523808,960
강동구,명일2동,오락/여가,20254,11740,11740540,38,42,4,1,4,0.10526315789473684,0.02631578947368421,960
강동구,명일2동,외식/F&B,20254,11740,11740540,128,211,9,11,83,0.0703125,0.0859375,960
강동구,명일2동,의료/건강,20254,11740,11740540,101,105,1,1,4,0.009900990099009901,0.009900990099009901,960
강동구,명일2동,자동차/이동수단,20254,11740,11740540,6,6,0,0,0,0.0,0.0,960
강동구,명일2동,전문서비스,20254,11740,11740540,7,7,0,0,0,0.0,0.0,960
강동구,명일2동,전자/디지털,20254,11740,11740540,34,35,0,0,1,0.0,0.0,960
강동구,명일2동,패션/뷰티,20254,11740,11740540,66,69,0,4,3,0.0,0.06060606060606061,960
강동구,상일동,교육,20254,11740,11740520,117,133,5,2,16,0.042735042735042736,0.017094017094017096,832
강동구,상일동,생활/홈인테리어,20254,11740,11740520,51,51,1,0,0,0.0196078431372549,0.0,832
강동구,상일동,생활서비스,20254,11740,11740520,80,90,1,3,10,0.0125,0.0375,832
강동구,상일동,숙박/부동산,20254,11740,11740520,108,109,0,1,1,0.0,0.009259259259259259,832
강동구,상일동,식품/식재료,20254,11740,11740520,91,110,3,1,19,0.03296703296703297,0.01098901098901099,832
강동구,상일동,오락/여가,20254,11740,11740520,29,32,2,1,3,0.06896551724137931,0.034482758620689655,832
강동구,상일동,외식/F&B,20254,11740,11740520,193,246,11,18,53,0.05699481865284974,0.09326424870466321,832
강동구,상일동,의료/건강,20254,11740,11740520,42,43,0,0,1,0.0,0.0,832
강동구,상일동,자동차/이동수단,20254,11740,11740520,10,10,3,0,0,0.3,0.0,832
강동구,상일동,전문서비스,20254,11740,11740520,7,7,0,0,0,0.0,0.0,832
강동구,상일동,전자/디지털,20254,11740,11740520,60,60,0,2,0,0.0,0.03333333333333333,832
강동구,상일동,패션/뷰티,20254,11740,11740520,44,45,0,0,1,0.0,0.0,832
강동구,성내1동,교육,20254,11740,11740640,112,124,2,1,12,0.017857142857142856,0.008928571428571428,1146
강동구,성내1동,생활/홈인테리어,20254,11740,11740640,65,65,1,1,0,0.015384615384615385,0.015384615384615385,1146
강동구,성내1동,생활서비스,20254,11740,11740640,166,172,5,3,6,0.030120481927710843,0.018072289156626505,1146
강동구,성내1동,숙박/부동산,20254,11740,11740640,66,66,1,2,0,0.015151515151515152,0.030303030303030304,1146
강동구,성내1동,식품/식재료,20254,11740,11740640,86,106,0,2,20,0.0,0.023255813953488372,1146
강동구,성내1동,오락/여가,20254,11740,11740640,47,47,3,4,0,0.06382978723404255,0.0851063829787234,1146
강동구,성내1동,외식/F&B,20254,11740,11740640,288,365,9,9,77,0.03125,0.03125,1146
강동구,성내1동,의료/건강,20254,11740,11740640,80,82,1,1,2,0.0125,0.0125,1146
강동구,성내1동,자동차/이동수단,20254,11740,11740640,29,29,0,2,0,0.0,0.06896551724137931,1146
강동구,성내1동,전문서비스,20254,11740,11740640,60,60,0,0,0,0.0,0.0,1146
강동구,성내1동,전자/디지털,20254,11740,11740640,63,63,1,8,0,0.015873015873015872,0.12698412698412698,1146
강동구,성내1동,패션/뷰티,20254,11740,11740640,84,84,2,2,0,0.023809523809523808,0.023809523809523808,1146
강동구,성내2동,교육,20254,11740,11740650,76,79,3,0,3,0.039473684210526314,0.0,1388
강동구,성내2동,생활/홈인테리어,20254,11740,11740650,89,89,2,1,0,0.02247191011235955,0.011235955056179775,1388
강동구,성내2동,생활서비스,20254,11740,11740650,284,299,6,9,15,0.02112676056338028,0.03169014084507042,1388
강동구,성내2동,숙박/부동산,20254,11740,11740650,127,127,1,2,0,0.007874015748031496,0.015748031496062992,1388
강동구,성내2동,식품/식재료,20254,11740,11740650,108,135,1,4,27,0.009259259259259259,0.037037037037037035,1388
강동구,성내2동,오락/여가,20254,11740,11740650,43,49,3,4,6,0.06976744186046512,0.09302325581395349,1388
강동구,성내2동,외식/F&B,20254,11740,11740650,347,415,15,15,68,0.043227665706051875,0.043227665706051875,1388
강동구,성내2동,의료/건강,20254,11740,11740650,102,106,3,2,4,0.029411764705882353,0.0196078431372549,1388
강동구,성내2동,자동차/이동수단,20254,11740,11740650,17,17,0,0,0,0.0,0.0,1388
강동구,성내2동,전문서비스,20254,11740,11740650,24,24,2,0,0,0.08333333333333333,0.0,1388
강동구,성내2동,전자/디지털,20254,11740,11740650,65,65,0,1,0,0.0,0.015384615384615385,1388
강동구,성내2동,패션/뷰티,20254,11740,11740650,106,111,7,3,5,0.0660377358490566,0.02830188679245283,1388
강동구,성내3동,교육,20254,11740,11740660,173,182,7,6,9,0.04046242774566474,0.03468208092485549,1826
강동구,성내3동,생활/홈인테리어,20254,11740,11740660,82,82,0,3,0,0.0,0.036585365853658534,1826
강동구,성내3동,생활서비스,20254,11740,11740660,276,292,7,4,16,0.025362318840579712,0.014492753623188406,1826
강동구,성내3동,숙박/부동산,20254,11740,11740660,121,121,1,9,0,0.008264462809917356,0.0743801652892562,1826
강동구,성내3동,식품/식재료,20254,11740,11740660,154,182,0,4,28,0.0,0.025974025974025976,1826
강동구,성내3동,오락/여가,20254,11740,11740660,89,94,1,0,5,0.011235955056179775,0.0,1826
강동구,성내3동,외식/F&B,20254,11740,11740660,483,588,13,13,105,0.026915113871635612,0.026915113871635612,1826
강동구,성내3동,의료/건강,20254,11740,11740660,176,178,2,4,2,0.011363636363636364,0.022727272727272728,1826
강동구,성내3동,자동차/이동수단,20254,11740,11740660,20,20,0,0,0,0.0,0.0,1826
강동구,성내3동,전문서비스,20254,11740,11740660,25,25,0,2,0,0.0,0.08,1826
강동구,성내3동,전자/디지털,20254,11740,11740660,81,83,0,1,2,0.0,0.012345679012345678,1826
강동구,성내3동,패션/뷰티,20254,11740,11740660,146,149,1,3,3,0.00684931506849315,0.02054794520547945,1826
강동구,암사1동,교육,20254,11740,11740570,80,89,1,1,9,0.0125,0.0125,1225
강동구,암사1동,생활/홈인테리어,20254,11740,11740570,68,68,0,1,0,0.0,0.014705882352941176,1225
강동구,암사1동,생활서비스,20254,11740,11740570,235,246,2,5,11,0.00851063829787234,0.02127659574468085,1225
강동구,암사1동,숙박/부동산,20254,11740,11740570,83,84,0,1,1,0.0,0.012048192771084338,1225
강동구,암사1동,식품/식재료,20254,11740,11740570,151,179,4,8,28,0.026490066225165563,0.052980132450331126,1225
강동구,암사1동,오락/여가,20254,11740,11740570,51,53,1,3,2,0.0196078431372549,0.058823529411764705,1225
강동구,암사1동,외식/F&B,20254,11740,11740570,283,344,13,14,61,0.045936395759717315,0.04946996466431095,1225
강동구,암사1동,의료/건강,20254,11740,11740570,76,76,1,0,0,0.013157894736842105,0.0,1225
강동구,암사1동,자동차/이동수단,20254,11740,11740570,11,11,0,0,0,0.0,0.0,1225
강동구,암사1동,전문서비스,20254,11740,11740570,5,5,0,0,0,0.0,0.0,1225
강동구,암사1동,전자/디지털,20254,11740,11740570,83,83,1,1,0,0.012048192771084338,0.012048192771084338,1225
강동구,암사1동,패션/뷰티,20254,11740,11740570,99,101,1,0,2,0.010101010101010102,0.0,1225
강동구,암사2동,교육,20254,11740,11740580,95,103,0,0,8,0.0,0.0,604
강동구,암사2동,생활/홈인테리어,20254,11740,11740580,30,31,0,2,1,0.0,0.06666666666666667,604
강동구,암사2동,생활서비스,20254,11740,11740580,100,106,1,0,6,0.01,0.0,604
강동구,암사2동,숙박/부동산,20254,11740,11740580,58,58,0,0,0,0.0,0.0,604
강동구,암사2동,식품/식재료,20254,11740,11740580,47,63,3,0,16,0.06382978723404255,0.0,604
강동구,암사2동,오락/여가,20254,11740,11740580,26,26,2,2,0,0.07692307692307693,0.07692307692307693,604
강동구,암사2동,외식/F&B,20254,11740,11740580,113,149,5,14,36,0.04424778761061947,0.12389380530973451,604
강동구,암사2동,의료/건강,20254,11740,11740580,51,55,1,0,4,0.0196078431372549,0.0,604
강동구,암사2동,자동차/이동수단,20254,11740,11740580,7,7,0,0,0,0.0,0.0,604
강동구,암사2동,전문서비스,20254,11740,11740580,1,1,0,0,0,0.0,0.0,604
강동구,암사2동,전자/디지털,20254,11740,11740580,44,44,0,0,0,0.0,0.0,604
강동구,암사2동,패션/뷰티,20254,11740,11740580,32,32,1,0,0,0.03125,0.0,604
강동구,암사3동,교육,20254,11740,11740590,127,134,4,0,7,0.031496062992125984,0.0,521
강동구,암사3동,생활/홈인테리어,20254,11740,11740590,43,43,3,1,0,0.06976744186046512,0.023255813953488372,521
강동구,암사3동,생활서비스,20254,11740,11740590,81,88,2,1,7,0.024691358024691357,0.012345679012345678,521
강동구,암사3동,숙박/부동산,20254,11740,11740590,46,46,0,3,0,0.0,0.06521739130434782,521
강동구,암사3동,식품/식재료,20254,11740,11740590,37,44,0,1,7,0.0,0.02702702702702703,521
강동구,암사3동,오락/여가,20254,11740,11740590,6,6,1,1,0,0.16666666666666666,0.16666666666666666,521
강동구,암사3동,외식/F&B,20254,11740,11740590,37,63,2,2,26,0.05405405405405406,0.05405405405405406,521
강동구,암사3동,의료/건강,20254,11740,11740590,35,36,1,0,1,0.02857142857142857,0.0,521
강동구,암사3동,자동차/이동수단,20254,11740,11740590,6,6,0,0,0,0.0,0.0,521
강동구,암사3동,전문서비스,20254,11740,11740590,4,4,0,0,0,0.0,0.0,521
강동구,암사3동,전자/디지털,20254,11740,11740590,44,44,0,4,0,0.0,0.09090909090909091,521
강동구,암사3동,패션/뷰티,20254,11740,11740590,55,56,2,0,1,0.03636363636363636,0.0,521
강동구,천호1동,교육,20254,11740,11740600,77,83,3,3,6,0.03896103896103896,0.03896103896103896,998
강동구,천호1동,생활/홈인테리어,20254,11740,11740600,54,54,0,0,0,0.0,0.0,998
강동구,천호1동,생활서비스,20254,11740,11740600,198,205,4,2,7,0.020202020202020204,0.010101010101010102,998
강동구,천호1동,숙박/부동산,20254,11740,11740600,62,62,0,3,0,0.0,0.04838709677419355,998
강동구,천호1동,식품/식재료,20254,11740,11740600,80,104,0,0,24,0.0,0.0,998
강동구,천호1동,오락/여가,20254,11740,11740600,29,30,1,3,1,0.034482758620689655,0.10344827586206896,998
강동구,천호1동,외식/F&B,20254,11740,11740600,209,272,9,11,63,0.0430622009569378,0.05263157894736842,998
강동구,천호1동,의료/건강,20254,11740,11740600,80,81,1,0,1,0.0125,0.0,998
강동구,천호1동,자동차/이동수단,20254,11740,11740600,6,6,0,0,0,0.0,0.0,998
강동구,천호1동,전문서비스,20254,11740,11740600,2,2,0,0,0,0.0,0.0,998
강동구,천호1동,전자/디지털,20254,11740,11740600,111,111,0,2,0,0.0,0.018018018018018018,998
강동구,천호1동,패션/뷰티,20254,11740,11740600,90,95,2,2,5,0.022222222222222223,0.022222222222222223,998
강동구,천호2동,교육,20254,11740,11740610,126,131,0,1,5,0.0,0.007936507936507936,2786
강동구,천호2동,생활/홈인테리어,20254,11740,11740610,150,151,0,1,1,0.0,0.006666666666666667,2786
강동구,천호2동,생활서비스,20254,11740,11740610,296,331,1,3,35,0.0033783783783783786,0.010135135135135136,2786
강동구,천호2동,숙박/부동산,20254,11740,11740610,156,158,0,5,2,0.0,0.03205128205128205,2786
강동구,천호2동,식품/식재료,20254,11740,11740610,188,243,6,5,55,0.031914893617021274,0.026595744680851064,2786
강동구,천호2동,오락/여가,20254,11740,11740610,74,82,3,2,8,0.04054054054054054,0.02702702702702703,2786
강동구,천호2동,외식/F&B,20254,11740,11740610,573,718,25,30,145,0.04363001745200698,0.05235602094240838,2786
강동구,천호2동,의료/건강,20254,11740,11740610,207,211,2,2,4,0.00966183574879227,0.00966183574879227,2786
강동구,천호2동,자동차/이동수단,20254,11740,11740610,56,56,0,2,0,0.0,0.03571428571428571,2786
강동구,천호2동,전문서비스,20254,11740,11740610,16,16,0,0,0,0.0,0.0,2786
강동구,천호2동,전자/디지털,20254,11740,11740610,134,134,0,2,0,0.0,0.014925373134328358,2786
강동구,천호2동,패션/뷰티,20254,11740,11740610,810,830,5,16,20,0.006172839506172839,0.019753086419753086,2786
강동구,천호3동,교육,20254,11740,11740620,64,69,1,5,5,0.015625,0.078125,1351
강동구,천호3동,생활/홈인테리어,20254,11740,11740620,67,67,1,0,0,0.014925373134328358,0.0,1351
강동구,천호3동,생활서비스,20254,11740,11740620,200,219,6,9,19,0.03,0.045,1351
강동구,천호3동,숙박/부동산,20254,11740,11740620,124,124,0,3,0,0.0,0.024193548387096774,1351
강동구,천호3동,식품/식재료,20254,11740,11740620,103,125,2,2,22,0.019417475728155338,0.019417475728155338,1351
강동구,천호3동,오락/여가,20254,11740,11740620,56,59,2,1,3,0.03571428571428571,0.017857142857142856,1351
강동구,천호3동,외식/F&B,20254,11740,11740620,332,419,19,15,87,0.0572289156626506,0.045180722891566265,1351
강동구,천호3동,의료/건강,20254,11740,11740620,106,106,1,1,0,0.009433962264150943,0.009433962264150943,1351
강동구,천호3동,자동차/이동수단,20254,11740,11740620,14,14,0,0,0,0.0,0.0,1351
강동구,천호3동,전문서비스,20254,11740,11740620,11,11,0,0,0,0.0,0.0,1351
강동구,천호3동,전자/디지털,20254,11740,11740620,103,103,0,2,0,0.0,0.019417475728155338,1351
강동구,천호3동,패션/뷰티,20254,11740,11740620,171,175,0,4,4,0.0,0.023391812865497075,1351
강북구,미아동,교육,20254,11305,11305535,38,38,0,0,0,0.0,0.0,1129
강북구,미아동,생활/홈인테리어,20254,11305,11305535,40,40,1,0,0,0.025,0.0,1129
강북구,미아동,생활서비스,20254,11305,11305535,226,230,7,4,4,0.030973451327433628,0.017699115044247787,1129
강북구,미아동,숙박/부동산,20254,11305,11305535,110,111,2,1,1,0.01818181818181818,0.00909090909090909,1129
강북구,미아동,식품/식재료,20254,11305,11305535,70,99,3,2,29,0.04285714285714286,0.02857142857142857,1129
강북구,미아동,오락/여가,20254,11305,11305535,58,60,1,1,2,0.017241379310344827,0.017241379310344827,1129
강북구,미아동,외식/F&B,20254,11305,11305535,301,368,11,15,67,0.036544850498338874,0.04983388704318937,1129
강북구,미아동,의료/건강,20254,11305,11305535,89,92,0,0,3,0.0,0.0,1129
강북구,미아동,자동차/이동수단,20254,11305,11305535,5,5,0,0,0,0.0,0.0,1129
강북구,미아동,전문서비스,20254,11305,11305535,7,7,0,1,0,0.0,0.14285714285714285,1129
강북구,미아동,전자/디지털,20254,11305,11305535,67,68,0,1,1,0.0,0.014925373134328358,1129
강북구,미아동,패션/뷰티,20254,11305,11305535,118,122,2,5,4,0.01694915254237288,0.0423728813559322,1129
강북구,번1동,교육,20254,11305,11305595,53,60,0,2,7,0.0,0.03773584905660377,1189
강북구,번1동,생활/홈인테리어,20254,11305,11305595,55,55,1,0,0,0.01818181818181818,0.0,1189
강북구,번1동,생활서비스,20254,11305,11305595,243,252,3,0,9,0.012345679012345678,0.0,1189
강북구,번1동,숙박/부동산,20254,11305,11305595,104,104,0,4,0,0.0,0.038461538461538464,1189
강북구,번1동,식품/식재료,20254,11305,11305595,78,104,5,0,26,0.0641025641025641,0.0,1189
강북구,번1동,오락/여가,20254,11305,11305595,56,57,1,0,1,0.017857142857142856,0.0,1189
강북구,번1동,외식/F&B,20254,11305,11305595,294,371,16,16,77,0.05442176870748299,0.05442176870748299,1189
강북구,번1동,의료/건강,20254,11305,11305595,80,84,0,2,4,0.0,0.025,1189
강북구,번1동,자동차/이동수단,20254,11305,11305595,15,15,0,0,0,0.0,0.0,1189
강북구,번1동,전문서비스,20254,11305,11305595,25,25,0,0,0,0.0,0.0,1189
강북구,번1동,전자/디지털,20254,11305,11305595,88,88,0,0,0,0.0,0.0,1189
강북구,번1동,패션/뷰티,20254,11305,11305595,98,101,4,3,3,0.04081632653061224,0.030612244897959183,1189
강북구,번2동,교육,20254,11305,11305603,19,19,0,1,0,0.0,0.05263157894736842,283
강북구,번2동,생활/홈인테리어,20254,11305,11305603,12,12,0,0,0,0.0,0.0,283
강북구,번2동,생활서비스,20254,11305,11305603,59,62,1,2,3,0.01694915254237288,0.03389830508474576,283
강북구,번2동,숙박/부동산,20254,11305,11305603,20,20,0,1,0,0.0,0.05,283
강북구,번2동,식품/식재료,20254,11305,11305603,37,47,1,1,10,0.02702702702702703,0.02702702702702703,283
강북구,번2동,오락/여가,20254,11305,11305603,11,12,0,0,1,0.0,0.0,283
강북구,번2동,외식/F&B,20254,11305,11305603,54,61,0,2,7,0.0,0.037037037037037035,283
강북구,번2동,의료/건강,20254,11305,11305603,13,13,0,0,0,0.0,0.0,283
강북구,번2동,자동차/이동수단,20254,11305,11305603,8,8,0,0,0,0.0,0.0,283
강북구,번2동,전문서비스,20254,11305,11305603,1,1,0,0,0,0.0,0.0,283
강북구,번2동,전자/디지털,20254,11305,11305603,29,29,0,4,0,0.0,0.13793103448275862,283
강북구,번2동,패션/뷰티,20254,11305,11305603,20,20,0,1,0,0.0,0.05,283
강북구,번3동,교육,20254,11305,11305608,53,56,2,7,3,0.03773584905660377,0.1320754716981132,344
강북구,번3동,생활/홈인테리어,20254,11305,11305608,19,19,0,0,0,0.0,0.0,344
강북구,번3동,생활서비스,20254,11305,11305608,53,63,1,0,10,0.018867924528301886,0.0,344
강북구,번3동,숙박/부동산,20254,11305,11305608,20,20,0,0,0,0.0,0.0,344
강북구,번3동,식품/식재료,20254,11305,11305608,40,48,4,1,8,0.1,0.025,344
강북구,번3동,오락/여가,20254,11305,11305608,20,20,1,2,0,0.05,0.1,344
강북구,번3동,외식/F&B,20254,11305,11305608,74,100,4,4,26,0.05405405405405406,0.05405405405405406,344
강북구,번3동,의료/건강,20254,11305,11305608,27,28,0,0,1,0.0,0.0,344
강북구,번3동,자동차/이동수단,20254,11305,11305608,2,2,0,0,0,0.0,0.0,344
강북구,번3동,전문서비스,20254,11305,11305608,2,2,0,0,0,0.0,0.0,344
강북구,번3동,전자/디지털,20254,11305,11305608,21,21,0,1,0,0.0,0.047619047619047616,344
강북구,번3동,패션/뷰티,20254,11305,11305608,13,13,0,1,0,0.0,0.07692307692307693,344
강북구,삼각산동,교육,20254,11305,11305575,143,157,2,5,14,0.013986013986013986,0.03496503496503497,656
강북구,삼각산동,생활/홈인테리어,20254,11305,11305575,18,18,1,0,0,0.05555555555555555,0.0,656
강북구,삼각산동,생활서비스,20254,11305,11305575,90,97,1,1,7,0.011111111111111112,0.011111111111111112,656
강북구,삼각산동,숙박/부동산,20254,11305,11305575,59,59,1,0,0,0.01694915254237288,0.0,656
강북구,삼각산동,식품/식재료,20254,11305,11305575,54,67,1,2,13,0.018518518518518517,0.037037037037037035,656
강북구,삼각산동,오락/여가,20254,11305,11305575,22,25,1,1,3,0.045454545454545456,0.045454545454545456,656
강북구,삼각산동,외식/F&B,20254,11305,11305575,106,153,5,4,47,0.04716981132075472,0.03773584905660377,656
강북구,삼각산동,의료/건강,20254,11305,11305575,51,53,0,1,2,0.0,0.0196078431372549,656
강북구,삼각산동,자동차/이동수단,20254,11305,11305575,2,2,0,0,0,0.0,0.0,656
강북구,삼각산동,전문서비스,20254,11305,11305575,2,2,0,0,0,0.0,0.0,656
강북구,삼각산동,전자/디지털,20254,11305,11305575,73,73,0,0,0,0.0,0.0,656
강북구,삼각산동,패션/뷰티,20254,11305,11305575,36,39,1,2,3,0.027777777777777776,0.05555555555555555,656
강북구,삼양동,교육,20254,11305,11305534,62,70,0,4,8,0.0,0.06451612903225806,621
강북구,삼양동,생활/홈인테리어,20254,11305,11305534,25,25,0,0,0,0.0,0.0,621
강북구,삼양동,생활서비스,20254,11305,11305534,126,131,1,1,5,0.007936507936507936,0.007936507936507936,621
강북구,삼양동,숙박/부동산,20254,11305,11305534,40,40,0,2,0,0.0,0.05,621
강북구,삼양동,식품/식재료,20254,11305,11305534,55,72,5,1,17,0.09090909090909091,0.01818181818181818,621
강북구,삼양동,오락/여가,20254,11305,11305534,32,33,2,0,1,0.0625,0.0,621
강북구,삼양동,외식/F&B,20254,11305,11305534,124,156,5,4,32,0.04032258064516129,0.03225806451612903,621
강북구,삼양동,의료/건강,20254,11305,11305534,67,69,2,1,2,0.029850746268656716,0.014925373134328358,621
강북구,삼양동,자동차/이동수단,20254,11305,11305534,11,11,1,0,0,0.09090909090909091,0.0,621
강북구,삼양동,전문서비스,20254,11305,11305534,2,2,0,0,0,0.0,0.0,621
강북구,삼양동,전자/디지털,20254,11305,11305534,40,40,1,0,0,0.025,0.0,621
강북구,삼양동,패션/뷰티,20254,11305,11305534,37,38,0,2,1,0.0,0.05405405405405406,621
강북구,송중동,교육,20254,11305,11305545,109,117,4,2,8,0.03669724770642202,0.01834862385321101,1516
강북구,송중동,생활/홈인테리어,20254,11305,11305545,46,46,0,0,0,0.0,0.0,1516
강북구,송중동,생활서비스,20254,11305,11305545,246,255,2,4,9,0.008130081300813009,0.016260162601626018,1516
강북구,송중동,숙박/부동산,20254,11305,11305545,102,103,1,6,1,0.00980392156862745,0.058823529411764705,1516
강북구,송중동,식품/식재료,20254,11305,11305545,89,115,5,3,26,0.056179775280898875,0.033707865168539325,1516
강북구,송중동,오락/여가,20254,11305,11305545,59,66,1,0,7,0.01694915254237288,0.0,1516
강북구,송중동,외식/F&B,20254,11305,11305545,392,514,15,16,122,0.03826530612244898,0.04081632653061224,1516
강북구,송중동,의료/건강,20254,11305,11305545,93,95,2,1,2,0.021505376344086023,0.010752688172043012,1516
강북구,송중동,자동차/이동수단,20254,11305,11305545,16,16,0,1,0,0.0,0.0625,1516
강북구,송중동,전문서비스,20254,11305,11305545,16,16,0,0,0,0.0,0.0,1516
강북구,송중동,전자/디지털,20254,11305,11305545,61,62,1,0,1,0.01639344262295082,0.0,1516
강북구,송중동,패션/뷰티,20254,11305,11305545,287,292,1,7,5,0.003484320557491289,0.024390243902439025,1516
강북구,송천동,교육,20254,11305,11305555,60,63,0,1,3,0.0,0.016666666666666666,1160
강북구,송천동,생활/홈인테리어,20254,11305,11305555,54,54,0,1,0,0.0,0.018518518518518517,1160
강북구,송천동,생활서비스,20254,11305,11305555,213,222,2,5,9,0.009389671361502348,0.023474178403755867,1160
강북구,송천동,숙박/부동산,20254,11305,11305555,97,97,1,3,0,0.010309278350515464,0.030927835051546393,1160
강북구,송천동,식품/식재료,20254,11305,11305555,81,105,0,2,24,0.0,0.024691358024691357,1160
강북구,송천동,오락/여가,20254,11305,11305555,36,39,1,2,3,0.027777777777777776,0.05555555555555555,1160
강북구,송천동,외식/F&B,20254,11305,11305555,319,377,13,19,58,0.04075235109717868,0.05956112852664577,1160
강북구,송천동,의료/건강,20254,11305,11305555,93,93,0,0,0,0.0,0.0,1160
강북구,송천동,자동차/이동수단,20254,11305,11305555,7,7,0,0,0,0.0,0.0,1160
강북구,송천동,전문서비스,20254,11305,11305555,37,37,0,0,0,0.0,0.0,1160
강북구,송천동,전자/디지털,20254,11305,11305555,72,73,0,1,1,0.0,0.013888888888888888,1160
강북구,송천동,패션/뷰티,20254,11305,11305555,91,95,1,2,4,0.01098901098901099,0.02197802197802198,1160
강북구,수유1동,교육,20254,11305,11305615,48,49,0,1,1,0.0,0.020833333333333332,959
강북구,수유1동,생활/홈인테리어,20254,11305,11305615,56,56,0,0,0,0.0,0.0,959
강북구,수유1동,생활서비스,20254,11305,11305615,134,138,3,4,4,0.022388059701492536,0.029850746268656716,959
강북구,수유1동,숙박/부동산,20254,11305,11305615,76,77,2,2,1,0.02631578947368421,0.02631578947368421,959
강북구,수유1동,식품/식재료,20254,11305,11305615,166,183,2,5,17,0.012048192771084338,0.030120481927710843,959
강북구,수유1동,오락/여가,20254,11305,11305615,30,31,1,0,1,0.03333333333333333,0.0,959
강북구,수유1동,외식/F&B,20254,11305,11305615,230,265,14,10,35,0.06086956521739131,0.043478260869565216,959
강북구,수유1동,의료/건강,20254,11305,11305615,45,47,0,0,2,0.0,0.0,959
강북구,수유1동,자동차/이동수단,20254,11305,11305615,10,10,0,0,0,0.0,0.0,959
강북구,수유1동,전문서비스,20254,11305,11305615,4,4,0,0,0,0.0,0.0,959
강북구,수유1동,전자/디지털,20254,11305,11305615,54,55,0,0,1,0.0,0.0,959
강북구,수유1동,패션/뷰티,20254,11305,11305615,106,107,2,2,1,0.018867924528301886,0.018867924528301886,959
강북구,수유2동,교육,20254,11305,11305625,67,76,1,0,9,0.014925373134328358,0.0,812
강북구,수유2동,생활/홈인테리어,20254,11305,11305625,48,48,1,1,0,0.020833333333333332,0.020833333333333332,812
강북구,수유2동,생활서비스,20254,11305,11305625,163,169,0,0,6,0.0,0.0,812
강북구,수유2동,숙박/부동산,20254,11305,11305625,49,49,0,1,0,0.0,0.02040816326530612,812
강북구,수유2동,식품/식재료,20254,11305,11305625,96,109,6,7,13,0.0625,0.07291666666666667,812
강북구,수유2동,오락/여가,20254,11305,11305625,41,42,3,1,1,0.07317073170731707,0.024390243902439025,812
강북구,수유2동,외식/F&B,20254,11305,11305625,182,212,8,9,30,0.04395604395604396,0.04945054945054945,812
강북구,수유2동,의료/건강,20254,11305,11305625,47,47,2,1,0,0.0425531914893617,0.02127659574468085,812
강북구,수유2동,자동차/이동수단,20254,11305,11305625,6,6,0,0,0,0.0,0.0,812
강북구,수유2동,전문서비스,20254,11305,11305625,2,2,0,0,0,0.0,0.0,812
강북구,수유2동,전자/디지털,20254,11305,11305625,42,42,0,1,0,0.0,0.023809523809523808,812
강북구,수유2동,패션/뷰티,20254,11305,11305625,69,72,2,2,3,0.028985507246376812,0.028985507246376812,812
강북구,수유3동,교육,20254,11305,11305635,43,48,2,0,5,0.046511627906976744,0.0,1919
강북구,수유3동,생활/홈인테리어,20254,11305,11305635,45,45,1,1,0,0.022222222222222223,0.022222222222222223,1919
강북구,수유3동,생활서비스,20254,11305,11305635,320,333,14,12,13,0.04375,0.0375,1919
강북구,수유3동,숙박/부동산,20254,11305,11305635,126,126,1,3,0,0.007936507936507936,0.023809523809523808,1919
강북구,수유3동,식품/식재료,20254,11305,11305635,143,177,2,2,34,0.013986013986013986,0.013986013986013986,1919
강북구,수유3동,오락/여가,20254,11305,11305635,180,183,6,8,3,0.03333333333333333,0.044444444444444446,1919
강북구,수유3동,외식/F&B,20254,11305,11305635,685,834,39,60,149,0.05693430656934306,0.08759124087591241,1919
강북구,수유3동,의료/건강,20254,11305,11305635,108,108,0,2,0,0.0,0.018518518518518517,1919
강북구,수유3동,자동차/이동수단,20254,11305,11305635,11,11,1,1,0,0.09090909090909091,0.09090909090909091,1919
강북구,수유3동,전문서비스,20254,11305,11305635,31,31,0,0,0,0.0,0.0,1919
강북구,수유3동,전자/디지털,20254,11305,11305635,80,80,0,1,0,0.0,0.0125,1919
강북구,수유3동,패션/뷰티,20254,11305,11305635,147,157,0,4,10,0.0,0.027210884353741496,1919
강북구,우이동,교육,20254,11305,11305645,28,28,0,1,0,0.0,0.03571428571428571,726
강북구,우이동,생활/홈인테리어,20254,11305,11305645,28,28,1,0,0,0.03571428571428571,0.0,726
강북구,우이동,생활서비스,20254,11305,11305645,86,87,1,0,1,0.011627906976744186,0.0,726
강북구,우이동,숙박/부동산,20254,11305,11305645,33,33,0,1,0,0.0,0.030303030303030304,726
강북구,우이동,식품/식재료,20254,11305,11305645,87,110,2,3,23,0.022988505747126436,0.034482758620689655,726
강북구,우이동,오락/여가,20254,11305,11305645,35,35,0,1,0,0.0,0.02857142857142857,726
강북구,우이동,외식/F&B,20254,11305,11305645,297,331,8,18,34,0.026936026936026935,0.06060606060606061,726
강북구,우이동,의료/건강,20254,11305,11305645,29,29,0,1,0,0.0,0.034482758620689655,726
강북구,우이동,자동차/이동수단,20254,11305,11305645,5,5,0,0,0,0.0,0.0,726
강북구,우이동,전문서비스,20254,11305,11305645,1,1,0,0,0,0.0,0.0,726
강북구,우이동,전자/디지털,20254,11305,11305645,33,33,0,0,0,0.0,0.0,726
강북구,우이동,패션/뷰티,20254,11305,11305645,64,64,1,1,0,0.015625,0.015625,726
강북구,인수동,교육,20254,11305,11305660,75,79,0,2,4,0.0,0.02666666666666667,890
강북구,인수동,생활/홈인테리어,20254,11305,11305660,43,43,0,2,0,0.0,0.046511627906976744,890
강북구,인수동,생활서비스,20254,11305,11305660,163,169,1,4,6,0.006134969325153374,0.024539877300613498,890
강북구,인수동,숙박/부동산,20254,11305,11305660,59,59,0,1,0,0.0,0.01694915254237288,890
강북구,인수동,식품/식재료,20254,11305,11305660,112,144,5,7,32,0.044642857142857144,0.0625,890
강북구,인수동,오락/여가,20254,11305,11305660,37,39,3,4,2,0.08108108108108109,0.10810810810810811,890
강북구,인수동,외식/F&B,20254,11305,11305660,225,256,6,8,31,0.02666666666666667,0.035555555555555556,890
강북구,인수동,의료/건강,20254,11305,11305660,43,45,0,0,2,0.0,0.0,890
강북구,인수동,자동차/이동수단,20254,11305,11305660,4,4,0,0,0,0.0,0.0,890
강북구,인수동,전문서비스,20254,11305,11305660,3,3,0,0,0,0.0,0.0,890
강북구,인수동,전자/디지털,20254,11305,11305660,62,62,0,1,0,0.0,0.016129032258064516,890
강북구,인수동,패션/뷰티,20254,11305,11305660,64,65,0,0,1,0.0,0.0,890
강서구,가양1동,교육,20254,11500,11500603,223,230,10,5,7,0.04484304932735426,0.02242152466367713,4591
강서구,가양1동,생활/홈인테리어,20254,11500,11500603,198,198,4,1,0,0.020202020202020204,0.005050505050505051,4591
강서구,가양1동,생활서비스,20254,11500,11500603,870,913,19,21,43,0.021839080459770115,0.02413793103448276,4591
강서구,가양1동,숙박/부동산,20254,11500,11500603,407,408,1,7,1,0.002457002457002457,0.0171990171990172,4591
강서구,가양1동,식품/식재료,20254,11500,11500603,219,317,15,7,98,0.0684931506849315,0.0319634703196347,4591
강서구,가양1동,오락/여가,20254,11500,11500603,141,151,10,7,10,0.07092198581560284,0.04964539007092199,4591
강서구,가양1동,외식/F&B,20254,11500,11500603,1277,1679,76,86,402,0.05951448707909162,0.06734534064212999,4591
강서구,가양1동,의료/건강,20254,11500,11500603,266,268,9,6,2,0.03383458646616541,0.022556390977443608,4591
강서구,가양1동,자동차/이동수단,20254,11500,11500603,217,217,3,2,0,0.013824884792626729,0.009216589861751152,4591
강서구,가양1동,전문서비스,20254,11500,11500603,212,212,3,0,0,0.014150943396226415,0.0,4591
강서구,가양1동,전자/디지털,20254,11500,11500603,264,264,1,6,0,0.003787878787878788,0.022727272727272728,4591
강서구,가양1동,패션/뷰티,20254,11500,11500603,297,309,5,5,12,0.016835016835016835,0.016835016835016835,4591
강서구,가양2동,교육,20254,11500,11500604,22,24,1,0,2,0.045454545454545456,0.0,379
강서구,가양2동,생활/홈인테리어,20254,11500,11500604,30,30,2,1,0,0.06666666666666667,0.03333333333333333,379
강서구,가양2동,생활서비스,20254,11500,11500604,73,78,0,2,5,0.0,0.0273972602739726,379
강서구,가양2동,숙박/부동산,20254,11500,11500604,19,19,0,1,0,0.0,0.05263157894736842,379
강서구,가양2동,식품/식재료,20254,11500,11500604,22,31,0,3,9,0.0,0.13636363636363635,379
강서구,가양2동,오락/여가,20254,11500,11500604,17,17,1,0,0,0.058823529411764705,0.0,379
강서구,가양2동,외식/F&B,20254,11500,11500604,43,67,1,2,24,0.023255813953488372,0.046511627906976744,379
강서구,가양2동,의료/건강,20254,11500,11500604,58,59,1,1,1,0.017241379310344827,0.017241379310344827,379
강서구,가양2동,자동차/이동수단,20254,11500,11500604,7,7,0,0,0,0.0,0.0,379
강서구,가양2동,전문서비스,20254,11500,11500604,5,5,0,0,0,0.0,0.0,379
강서구,가양2동,전자/디지털,20254,11500,11500604,38,38,0,0,0,0.0,0.0,379
강서구,가양2동,패션/뷰티,20254,11500,11500604,45,49,1,1,4,0.022222222222222223,0.022222222222222223,379
강서구,가양3동,교육,20254,11500,11500605,27,29,0,0,2,0.0,0.0,313
강서구,가양3동,생활/홈인테리어,20254,11500,11500605,28,28,1,0,0,0.03571428571428571,0.0,313
강서구,가양3동,생활서비스,20254,11500,11500605,54,59,0,2,5,0.0,0.037037037037037035,313
강서구,가양3동,숙박/부동산,20254,11500,11500605,25,25,0,1,0,0.0,0.04,313
강서구,가양3동,식품/식재료,20254,11500,11500605,26,33,0,0,7,0.0,0.0,313
강서구,가양3동,오락/여가,20254,11500,11500605,1,1,0,0,0,0.0,0.0,313
강서구,가양3동,외식/F&B,20254,11500,11500605,24,36,2,3,12,0.08333333333333333,0.125,313
강서구,가양3동,의료/건강,20254,11500,11500605,18,18,0,0,0,0.0,0.0,313
강서구,가양3동,자동차/이동수단,20254,11500,11500605,5,5,0,0,0,0.0,0.0,313
강서구,가양3동,전문서비스,20254,11500,11500605,8,8,0,0,0,0.0,0.0,313
강서구,가양3동,전자/디지털,20254,11500,11500605,65,65,1,3,0,0.015384615384615385,0.046153846153846156,313
강서구,가양3동,패션/뷰티,20254,11500,11500605,32,34,1,0,2,0.03125,0.0,313
강서구,공항동,교육,20254,11500,11500620,86,97,2,1,11,0.023255813953488372,0.011627906976744186,1224
강서구,공항동,생활/홈인테리어,20254,11500,11500620,90,90,4,1,0,0.044444444444444446,0.011111111111111112,1224
강서구,공항동,생활서비스,20254,11500,11500620,182,193,1,4,11,0.005494505494505495,0.02197802197802198,1224
강서구,공항동,숙박/부동산,20254,11500,11500620,82,82,0,3,0,0.0,0.036585365853658534,1224
강서구,공항동,식품/식재료,20254,11500,11500620,184,224,4,6,40,0.021739130434782608,0.03260869565217391,1224
강서구,공항동,오락/여가,20254,11500,11500620,52,54,0,1,2,0.0,0.019230769230769232,1224
강서구,공항동,외식/F&B,20254,11500,11500620,288,362,9,12,74,0.03125,0.041666666666666664,1224
강서구,공항동,의료/건강,20254,11500,11500620,57,58,0,3,1,0.0,0.05263157894736842,1224
강서구,공항동,자동차/이동수단,20254,11500,11500620,24,24,0,0,0,0.0,0.0,1224
강서구,공항동,전문서비스,20254,11500,11500620,14,14,0,0,0,0.0,0.0,1224
강서구,공항동,전자/디지털,20254,11500,11500620,85,85,1,2,0,0.011764705882352941,0.023529411764705882,1224
강서구,공항동,패션/뷰티,20254,11500,11500620,80,83,1,2,3,0.0125,0.025,1224
강서구,등촌1동,교육,20254,11500,11500520,89,94,1,1,5,0.011235955056179775,0.011235955056179775,1318
강서구,등촌1동,생활/홈인테리어,20254,11500,11500520,81,81,1,0,0,0.012345679012345678,0.0,1318
강서구,등촌1동,생활서비스,20254,11500,11500520,212,228,4,4,16,0.018867924528301886,0.018867924528301886,1318
강서구,등촌1동,숙박/부동산,20254,11500,11500520,110,110,1,2,0,0.00909090909090909,0.01818181818181818,1318
강서구,등촌1동,식품/식재료,20254,11500,11500520,73,107,2,3,34,0.0273972602739726,0.0410958904109589,1318
강서구,등촌1동,오락/여가,20254,11500,11500520,42,46,0,0,4,0.0,0.0,1318
강서구,등촌1동,외식/F&B,20254,11500,11500520,298,405,14,11,107,0.04697986577181208,0.03691275167785235,1318
강서구,등촌1동,의료/건강,20254,11500,11500520,90,92,1,1,2,0.011111111111111112,0.011111111111111112,1318
강서구,등촌1동,자동차/이동수단,20254,11500,11500520,18,18,0,0,0,0.0,0.0,1318
강서구,등촌1동,전문서비스,20254,11500,11500520,25,25,0,0,0,0.0,0.0,1318
강서구,등촌1동,전자/디지털,20254,11500,11500520,113,113,1,2,0,0.008849557522123894,0.017699115044247787,1318
강서구,등촌1동,패션/뷰티,20254,11500,11500520,167,180,4,3,13,0.023952095808383235,0.017964071856287425,1318
강서구,등촌2동,교육,20254,11500,11500530,66,70,4,2,4,0.06060606060606061,0.030303030303030304,496
강서구,등촌2동,생활/홈인테리어,20254,11500,11500530,20,20,1,1,0,0.05,0.05,496
강서구,등촌2동,생활서비스,20254,11500,11500530,96,104,4,3,8,0.041666666666666664,0.03125,496
강서구,등촌2동,숙박/부동산,20254,11500,11500530,39,39,1,1,0,0.02564102564102564,0.02564102564102564,496
강서구,등촌2동,식품/식재료,20254,11500,11500530,37,47,2,2,10,0.05405405405405406,0.05405405405405406,496
강서구,등촌2동,오락/여가,20254,11500,11500530,16,17,1,0,1,0.0625,0.0,496
강서구,등촌2동,외식/F&B,20254,11500,11500530,91,123,1,5,32,0.01098901098901099,0.054945054945054944,496
강서구,등촌2동,의료/건강,20254,11500,11500530,27,28,0,0,1,0.0,0.0,496
강서구,등촌2동,자동차/이동수단,20254,11500,11500530,15,16,2,0,1,0.13333333333333333,0.0,496
강서구,등촌2동,전문서비스,20254,11500,11500530,5,5,0,0,0,0.0,0.0,496
강서구,등촌2동,전자/디지털,20254,11500,11500530,46,46,0,0,0,0.0,0.0,496
강서구,등촌2동,패션/뷰티,20254,11500,11500530,38,38,1,1,0,0.02631578947368421,0.02631578947368421,496
강서구,등촌3동,교육,20254,11500,11500535,185,195,5,8,10,0.02702702702702703,0.043243243243243246,1681
강서구,등촌3동,생활/홈인테리어,20254,11500,11500535,68,68,1,3,0,0.014705882352941176,0.04411764705882353,1681
강서구,등촌3동,생활서비스,20254,11500,11500535,220,235,4,1,15,0.01818181818181818,0.004545454545454545,1681
강서구,등촌3동,숙박/부동산,20254,11500,11500535,89,89,0,2,0,0.0,0.02247191011235955,1681
강서구,등촌3동,식품/식재료,20254,11500,11500535,88,117,1,2,29,0.011363636363636364,0.022727272727272728,1681
강서구,등촌3동,오락/여가,20254,11500,11500535,60,63,2,3,3,0.03333333333333333,0.05,1681
강서구,등촌3동,외식/F&B,20254,11500,11500535,291,404,12,23,113,0.041237113402061855,0.07903780068728522,1681
강서구,등촌3동,의료/건강,20254,11500,11500535,126,127,3,2,1,0.023809523809523808,0.015873015873015872,1681
강서구,등촌3동,자동차/이동수단,20254,11500,11500535,47,47,2,1,0,0.0425531914893617,0.02127659574468085,1681
강서구,등촌3동,전문서비스,20254,11500,11500535,19,19,0,0,0,0.0,0.0,1681
강서구,등촌3동,전자/디지털,20254,11500,11500535,95,95,0,4,0,0.0,0.042105263157894736,1681
강서구,등촌3동,패션/뷰티,20254,11500,11500535,393,404,2,15,11,0.005089058524173028,0.03816793893129771,1681
강서구,발산1동,교육,20254,11500,11500611,437,476,14,14,39,0.032036613272311214,0.032036613272311214,3620
강서구,발산1동,생활/홈인테리어,20254,11500,11500611,117,117,0,2,0,0.0,0.017094017094017096,3620
강서구,발산1동,생활서비스,20254,11500,11500611,622,649,19,18,27,0.03054662379421222,0.028938906752411574,3620
강서구,발산1동,숙박/부동산,20254,11500,11500611,218,218,2,1,0,0.009174311926605505,0.0045871559633027525,3620
강서구,발산1동,식품/식재료,20254,11500,11500611,745,791,11,11,46,0.01476510067114094,0.01476510067114094,3620
강서구,발산1동,오락/여가,20254,11500,11500611,75,89,5,6,14,0.06666666666666667,0.08,3620
강서구,발산1동,외식/F&B,20254,11500,11500611,497,660,21,27,163,0.04225352112676056,0.05432595573440644,3620
강서구,발산1동,의료/건강,20254,11500,11500611,239,244,5,1,5,0.02092050209205021,0.0041841004184100415,3620
강서구,발산1동,자동차/이동수단,20254,11500,11500611,32,32,0,0,0,0.0,0.0,3620
강서구,발산1동,전문서비스,20254,11500,11500611,211,211,1,4,0,0.004739336492890996,0.018957345971563982,3620
강서구,발산1동,전자/디지털,20254,11500,11500611,173,174,3,7,1,0.017341040462427744,0.04046242774566474,3620
강서구,발산1동,패션/뷰티,20254,11500,11500611,254,260,5,4,6,0.01968503937007874,0.015748031496062992,3620
강서구,방화1동,교육,20254,11500,11500630,224,247,5,8,23,0.022321428571428572,0.03571428571428571,1820
강서구,방화1동,생활/홈인테리어,20254,11500,11500630,80,80,3,1,0,0.0375,0.0125,1820
강서구,방화1동,생활서비스,20254,11500,11500630,287,311,3,2,24,0.010452961672473868,0.006968641114982578,1820
강서구,방화1동,숙박/부동산,20254,11500,11500630,127,128,0,0,1,0.0,0.0,1820
강서구,방화1동,식품/식재료,20254,11500,11500630,184,221,8,8,37,0.043478260869565216,0.043478260869565216,1820
강서구,방화1동,오락/여가,20254,11500,11500630,70,78,2,1,8,0.02857142857142857,0.014285714285714285,1820
강서구,방화1동,외식/F&B,20254,11500,11500630,367,470,30,24,103,0.08174386920980926,0.0653950953678474,1820
강서구,방화1동,의료/건강,20254,11500,11500630,141,145,3,5,4,0.02127659574468085,0.03546099290780142,1820
강서구,방화1동,자동차/이동수단,20254,11500,11500630,28,28,0,1,0,0.0,0.03571428571428571,1820
강서구,방화1동,전문서비스,20254,11500,11500630,35,35,2,1,0,0.05714285714285714,0.02857142857142857,1820
강서구,방화1동,전자/디지털,20254,11500,11500630,135,137,0,5,2,0.0,0.037037037037037035,1820
강서구,방화1동,패션/뷰티,20254,11500,11500630,142,144,5,4,2,0.035211267605633804,0.028169014084507043,1820
강서구,방화2동,교육,20254,11500,11500640,43,45,1,1,2,0.023255813953488372,0.023255813953488372,1370
강서구,방화2동,생활/홈인테리어,20254,11500,11500640,81,81,0,0,0,0.0,0.0,1370
강서구,방화2동,생활서비스,20254,11500,11500640,165,174,2,0,9,0.012121212121212121,0.0,1370
강서구,방화2동,숙박/부동산,20254,11500,11500640,72,72,0,1,0,0.0,0.013888888888888888,1370
강서구,방화2동,식품/식재료,20254,11500,11500640,89,122,1,6,33,0.011235955056179775,0.06741573033707865,1370
강서구,방화2동,오락/여가,20254,11500,11500640,53,57,1,1,4,0.018867924528301886,0.018867924528301886,1370
강서구,방화2동,외식/F&B,20254,11500,11500640,284,361,5,8,77,0.017605633802816902,0.028169014084507043,1370
강서구,방화2동,의료/건강,20254,11500,11500640,49,50,2,0,1,0.04081632653061224,0.0,1370
강서구,방화2동,자동차/이동수단,20254,11500,11500640,32,32,4,0,0,0.125,0.0,1370
강서구,방화2동,전문서비스,20254,11500,11500640,3,3,0,0,0,0.0,0.0,1370
강서구,방화2동,전자/디지털,20254,11500,11500640,59,59,0,1,0,0.0,0.01694915254237288,1370
강서구,방화2동,패션/뷰티,20254,11500,11500640,440,456,2,1,16,0.004545454545454545,0.0022727272727272726,1370
강서구,방화3동,교육,20254,11500,11500641,60,62,1,1,2,0.016666666666666666,0.016666666666666666,480
강서구,방화3동,생활/홈인테리어,20254,11500,11500641,12,12,0,0,0,0.0,0.0,480
강서구,방화3동,생활서비스,20254,11500,11500641,84,89,0,4,5,0.0,0.047619047619047616,480
강서구,방화3동,숙박/부동산,20254,11500,11500641,35,35,0,0,0,0.0,0.0,480
강서구,방화3동,식품/식재료,20254,11500,11500641,49,63,4,0,14,0.08163265306122448,0.0,480
강서구,방화3동,오락/여가,20254,11500,11500641,17,18,0,0,1,0.0,0.0,480
강서구,방화3동,외식/F&B,20254,11500,11500641,90,116,4,3,26,0.044444444444444446,0.03333333333333333,480
강서구,방화3동,의료/건강,20254,11500,11500641,29,29,0,0,0,0.0,0.0,480
강서구,방화3동,자동차/이동수단,20254,11500,11500641,6,6,1,0,0,0.16666666666666666,0.0,480
강서구,방화3동,전문서비스,20254,11500,11500641,3,3,0,0,0,0.0,0.0,480
강서구,방화3동,전자/디지털,20254,11500,11500641,53,53,1,3,0,0.018867924528301886,0.05660377358490566,480
강서구,방화3동,패션/뷰티,20254,11500,11500641,42,42,0,1,0,0.0,0.023809523809523808,480
강서구,염창동,교육,20254,11500,11500510,228,251,11,4,23,0.04824561403508772,0.017543859649122806,1272
강서구,염창동,생활/홈인테리어,20254,11500,11500510,55,55,0,0,0,0.0,0.0,1272
강서구,염창동,생활서비스,20254,11500,11500510,220,233,3,0,13,0.013636363636363636,0.0,1272
강서구,염창동,숙박/부동산,20254,11500,11500510,113,113,2,1,0,0.017699115044247787,0.008849557522123894,1272
강서구,염창동,식품/식재료,20254,11500,11500510,83,114,2,3,31,0.024096385542168676,0.03614457831325301,1272
강서구,염창동,오락/여가,20254,11500,11500510,62,69,3,3,7,0.04838709677419355,0.04838709677419355,1272
강서구,염창동,외식/F&B,20254,11500,11500510,179,287,5,6,108,0.027932960893854747,0.0335195530726257,1272
강서구,염창동,의료/건강,20254,11500,11500510,91,92,1,0,1,0.01098901098901099,0.0,1272
강서구,염창동,자동차/이동수단,20254,11500,11500510,29,29,0,0,0,0.0,0.0,1272
강서구,염창동,전문서비스,20254,11500,11500510,16,16,1,0,0,0.0625,0.0,1272
강서구,염창동,전자/디지털,20254,11500,11500510,117,118,0,2,1,0.0,0.017094017094017096,1272
강서구,염창동,패션/뷰티,20254,11500,11500510,79,81,0,2,2,0.0,0.02531645569620253,1272
강서구,우장산동,교육,20254,11500,11500615,254,279,6,8,25,0.023622047244094488,0.031496062992125984,1230
강서구,우장산동,생활/홈인테리어,20254,11500,11500615,51,51,1,0,0,0.0196078431372549,0.0,1230
강서구,우장산동,생활서비스,20254,11500,11500615,223,237,6,5,14,0.026905829596412557,0.02242152466367713,1230
강서구,우장산동,숙박/부동산,20254,11500,11500615,92,92,0,3,0,0.0,0.03260869565217391,1230
강서구,우장산동,식품/식재료,20254,11500,11500615,85,113,4,4,28,0.047058823529411764,0.047058823529411764,1230
강서구,우장산동,오락/여가,20254,11500,11500615,46,48,1,0,2,0.021739130434782608,0.0,1230
강서구,우장산동,외식/F&B,20254,11500,11500615,208,275,18,22,67,0.08653846153846154,0.10576923076923077,1230
강서구,우장산동,의료/건강,20254,11500,11500615,97,97,1,1,0,0.010309278350515464,0.010309278350515464,1230
강서구,우장산동,자동차/이동수단,20254,11500,11500615,11,11,0,0,0,0.0,0.0,1230
강서구,우장산동,전문서비스,20254,11500,11500615,5,5,0,0,0,0.0,0.0,1230
강서구,우장산동,전자/디지털,20254,11500,11500615,82,82,1,2,0,0.012195121951219513,0.024390243902439025,1230
강서구,우장산동,패션/뷰티,20254,11500,11500615,76,80,2,2,4,0.02631578947368421,0.02631578947368421,1230
강서구,화곡1동,교육,20254,11500,11500540,96,108,3,3,12,0.03125,0.03125,2072
강서구,화곡1동,생활/홈인테리어,20254,11500,11500540,102,102,0,1,0,0.0,0.00980392156862745,2072
강서구,화곡1동,생활서비스,20254,11500,11500540,369,386,5,9,17,0.013550135501355014,0.024390243902439025,2072
강서구,화곡1동,숙박/부동산,20254,11500,11500540,203,203,1,4,0,0.0049261083743842365,0.019704433497536946,2072
강서구,화곡1동,식품/식재료,20254,11500,11500540,116,168,2,15,52,0.017241379310344827,0.12931034482758622,2072
강서구,화곡1동,오락/여가,20254,11500,11500540,108,114,10,9,6,0.09259259259259259,0.08333333333333333,2072
강서구,화곡1동,외식/F&B,20254,11500,11500540,578,701,28,31,123,0.04844290657439446,0.05363321799307959,2072
강서구,화곡1동,의료/건강,20254,11500,11500540,126,133,1,2,7,0.007936507936507936,0.015873015873015872,2072
강서구,화곡1동,자동차/이동수단,20254,11500,11500540,36,36,1,1,0,0.027777777777777776,0.027777777777777776,2072
강서구,화곡1동,전문서비스,20254,11500,11500540,9,9,0,0,0,0.0,0.0,2072
강서구,화곡1동,전자/디지털,20254,11500,11500540,167,167,1,3,0,0.005988023952095809,0.017964071856287425,2072
강서구,화곡1동,패션/뷰티,20254,11500,11500540,162,170,4,3,8,0.024691358024691357,0.018518518518518517,2072
강서구,화곡2동,교육,20254,11500,11500550,61,67,2,0,6,0.03278688524590164,0.0,526
강서구,화곡2동,생활/홈인테리어,20254,11500,11500550,35,35,1,0,0,0.02857142857142857,0.0,526
강서구,화곡2동,생활서비스,20254,11500,11500550,85,89,0,2,4,0.0,0.023529411764705882,526
강서구,화곡2동,숙박/부동산,20254,11500,11500550,40,40,0,2,0,0.0,0.05,526
강서구,화곡2동,식품/식재료,20254,11500,11500550,50,62,1,2,12,0.02,0.04,526
강서구,화곡2동,오락/여가,20254,11500,11500550,20,20,2,2,0,0.1,0.1,526
강서구,화곡2동,외식/F&B,20254,11500,11500550,69,88,4,6,19,0.057971014492753624,0.08695652173913043,526
강서구,화곡2동,의료/건강,20254,11500,11500550,24,24,0,0,0,0.0,0.0,526
강서구,화곡2동,자동차/이동수단,20254,11500,11500550,14,14,2,0,0,0.14285714285714285,0.0,526
강서구,화곡2동,전문서비스,20254,11500,11500550,1,1,0,0,0,0.0,0.0,526
강서구,화곡2동,전자/디지털,20254,11500,11500550,51,51,0,0,0,0.0,0.0,526
강서구,화곡2동,패션/뷰티,20254,11500,11500550,76,76,1,1,0,0.013157894736842105,0.013157894736842105,526
강서구,화곡3동,교육,20254,11500,11500560,110,115,1,3,5,0.00909090909090909,0.02727272727272727,924
강서구,화곡3동,생활/홈인테리어,20254,11500,11500560,39,39,2,1,0,0.05128205128205128,0.02564102564102564,924
강서구,화곡3동,생활서비스,20254,11500,11500560,175,191,5,2,16,0.02857142857142857,0.011428571428571429,924
강서구,화곡3동,숙박/부동산,20254,11500,11500560,62,64,0,2,2,0.0,0.03225806451612903,924
강서구,화곡3동,식품/식재료,20254,11500,11500560,45,67,2,1,22,0.044444444444444446,0.022222222222222223,924
강서구,화곡3동,오락/여가,20254,11500,11500560,56,65,2,2,9,0.03571428571428571,0.03571428571428571,924
강서구,화곡3동,외식/F&B,20254,11500,11500560,236,308,16,19,72,0.06779661016949153,0.08050847457627118,924
강서구,화곡3동,의료/건강,20254,11500,11500560,73,74,0,1,1,0.0,0.0136986301369863,924
강서구,화곡3동,자동차/이동수단,20254,11500,11500560,1,1,0,0,0,0.0,0.0,924
강서구,화곡3동,전문서비스,20254,11500,11500560,7,7,0,0,0,0.0,0.0,924
강서구,화곡3동,전자/디지털,20254,11500,11500560,59,59,0,4,0,0.0,0.06779661016949153,924
강서구,화곡3동,패션/뷰티,20254,11500,11500560,61,66,2,2,5,0.03278688524590164,0.03278688524590164,924
강서구,화곡4동,교육,20254,11500,11500570,63,67,0,2,4,0.0,0.031746031746031744,1011
강서구,화곡4동,생활/홈인테리어,20254,11500,11500570,48,48,1,1,0,0.020833333333333332,0.020833333333333332,1011
강서구,화곡4동,생활서비스,20254,11500,11500570,161,169,0,0,8,0.0,0.0,1011
강서구,화곡4동,숙박/부동산,20254,11500,11500570,48,48,0,1,0,0.0,0.020833333333333332,1011
강서구,화곡4동,식품/식재료,20254,11500,11500570,145,166,8,5,21,0.05517241379310345,0.034482758620689655,1011
강서구,화곡4동,오락/여가,20254,11500,11500570,51,52,3,2,1,0.058823529411764705,0.0392156862745098,1011
강서구,화곡4동,외식/F&B,20254,11500,11500570,259,314,4,8,55,0.015444015444015444,0.03088803088803089,1011
강서구,화곡4동,의료/건강,20254,11500,11500570,57,59,1,1,2,0.017543859649122806,0.017543859649122806,1011
강서구,화곡4동,자동차/이동수단,20254,11500,11500570,7,7,0,0,0,0.0,0.0,1011
강서구,화곡4동,전문서비스,20254,11500,11500570,4,4,0,0,0,0.0,0.0,1011
강서구,화곡4동,전자/디지털,20254,11500,11500570,71,71,0,0,0,0.0,0.0,1011
강서구,화곡4동,패션/뷰티,20254,11500,11500570,97,100,0,1,3,0.0,0.010309278350515464,1011
강서구,화곡6동,교육,20254,11500,11500591,64,74,2,0,10,0.03125,0.0,1162
강서구,화곡6동,생활/홈인테리어,20254,11500,11500591,46,46,0,1,0,0.0,0.021739130434782608,1162
강서구,화곡6동,생활서비스,20254,11500,11500591,164,174,2,5,10,0.012195121951219513,0.03048780487804878,1162
강서구,화곡6동,숙박/부동산,20254,11500,11500591,88,88,1,1,0,0.011363636363636364,0.011363636363636364,1162
강서구,화곡6동,식품/식재료,20254,11500,11500591,70,98,4,4,28,0.05714285714285714,0.05714285714285714,1162
강서구,화곡6동,오락/여가,20254,11500,11500591,72,78,1,5,6,0.013888888888888888,0.06944444444444445,1162
강서구,화곡6동,외식/F&B,20254,11500,11500591,406,501,21,22,95,0.05172413793103448,0.054187192118226604,1162
강서구,화곡6동,의료/건강,20254,11500,11500591,55,56,0,1,1,0.0,0.01818181818181818,1162
강서구,화곡6동,자동차/이동수단,20254,11500,11500591,10,10,0,0,0,0.0,0.0,1162
강서구,화곡6동,전문서비스,20254,11500,11500591,33,33,0,0,0,0.0,0.0,1162
강서구,화곡6동,전자/디지털,20254,11500,11500591,98,98,0,1,0,0.0,0.01020408163265306,1162
강서구,화곡6동,패션/뷰티,20254,11500,11500591,56,58,1,2,2,0.017857142857142856,0.03571428571428571,1162
강서구,화곡8동,교육,20254,11500,11500593,47,52,2,1,5,0.0425531914893617,0.02127659574468085,927
강서구,화곡8동,생활/홈인테리어,20254,11500,11500593,39,39,0,0,0,0.0,0.0,927
강서구,화곡8동,생활서비스,20254,11500,11500593,164,174,1,3,10,0.006097560975609756,0.018292682926829267,927
강서구,화곡8동,숙박/부동산,20254,11500,11500593,70,70,0,4,0,0.0,0.05714285714285714,927
강서구,화곡8동,식품/식재료,20254,11500,11500593,108,125,2,3,17,0.018518518518518517,0.027777777777777776,927
강서구,화곡8동,오락/여가,20254,11500,11500593,30,31,0,2,1,0.0,0.06666666666666667,927
강서구,화곡8동,외식/F&B,20254,11500,11500593,228,288,12,11,60,0.05263157894736842,0.04824561403508772,927
강서구,화곡8동,의료/건강,20254,11500,11500593,56,57,2,1,1,0.03571428571428571,0.017857142857142856,927
강서구,화곡8동,자동차/이동수단,20254,11500,11500593,2,2,0,0,0,0.0,0.0,927
강서구,화곡8동,전문서비스,20254,11500,11500593,3,3,0,0,0,0.0,0.0,927
강서구,화곡8동,전자/디지털,20254,11500,11500593,85,85,0,2,0,0.0,0.023529411764705882,927
강서구,화곡8동,패션/뷰티,20254,11500,11500593,95,98,0,1,3,0.0,0.010526315789473684,927
강서구,화곡본동,교육,20254,11500,11500590,91,98,1,0,7,0.01098901098901099,0.0,1038
강서구,화곡본동,생활/홈인테리어,20254,11500,11500590,39,39,0,1,0,0.0,0.02564102564102564,1038
강서구,화곡본동,생활서비스,20254,11500,11500590,194,202,5,3,8,0.02577319587628866,0.015463917525773196,1038
강서구,화곡본동,숙박/부동산,20254,11500,11500590,123,123,0,3,0,0.0,0.024390243902439025,1038
강서구,화곡본동,식품/식재료,20254,11500,11500590,94,122,5,2,28,0.05319148936170213,0.02127659574468085,1038
강서구,화곡본동,오락/여가,20254,11500,11500590,33,35,1,1,2,0.030303030303030304,0.030303030303030304,1038
강서구,화곡본동,외식/F&B,20254,11500,11500590,246,307,9,19,61,0.036585365853658534,0.07723577235772358,1038
강서구,화곡본동,의료/건강,20254,11500,11500590,52,53,0,0,1,0.0,0.0,1038
강서구,화곡본동,자동차/이동수단,20254,11500,11500590,13,13,1,0,0,0.07692307692307693,0.0,1038
강서구,화곡본동,전문서비스,20254,11500,11500590,5,5,0,0,0,0.0,0.0,1038
강서구,화곡본동,전자/디지털,20254,11500,11500590,77,77,1,3,0,0.012987012987012988,0.03896103896103896,1038
강서구,화곡본동,패션/뷰티,20254,11500,11500590,71,72,2,0,1,0.028169014084507043,0.0,1038
관악구,낙성대동,교육,20254,11620,11620585,65,66,0,2,1,0.0,0.03076923076923077,1172
관악구,낙성대동,생활/홈인테리어,20254,11620,11620585,36,36,1,0,0,0.027777777777777776,0.0,1172
관악구,낙성대동,생활서비스,20254,11620,11620585,140,154,2,8,14,0.014285714285714285,0.05714285714285714,1172
관악구,낙성대동,숙박/부동산,20254,11620,11620585,78,79,2,1,1,0.02564102564102564,0.01282051282051282,1172
관악구,낙성대동,식품/식재료,20254,11620,11620585,44,76,1,5,32,0.022727272727272728,0.11363636363636363,1172
관악구,낙성대동,오락/여가,20254,11620,11620585,61,66,1,1,5,0.01639344262295082,0.01639344262295082,1172
관악구,낙성대동,외식/F&B,20254,11620,11620585,544,655,28,24,111,0.051470588235294115,0.04411764705882353,1172
관악구,낙성대동,의료/건강,20254,11620,11620585,82,82,1,2,0,0.012195121951219513,0.024390243902439025,1172
관악구,낙성대동,자동차/이동수단,20254,11620,11620585,12,12,0,0,0,0.0,0.0,1172
관악구,낙성대동,전문서비스,20254,11620,11620585,25,25,0,0,0,0.0,0.0,1172
관악구,낙성대동,전자/디지털,20254,11620,11620585,48,48,0,1,0,0.0,0.020833333333333332,1172
관악구,낙성대동,패션/뷰티,20254,11620,11620585,37,43,1,2,6,0.02702702702702703,0.05405405405405406,1172
관악구,난곡동,교육,20254,11620,11620775,42,43,0,0,1,0.0,0.0,551
관악구,난곡동,생활/홈인테리어,20254,11620,11620775,23,23,0,1,0,0.0,0.043478260869565216,551
관악구,난곡동,생활서비스,20254,11620,11620775,112,114,1,1,2,0.008928571428571428,0.008928571428571428,551
관악구,난곡동,숙박/부동산,20254,11620,11620775,36,36,0,0,0,0.0,0.0,551
관악구,난곡동,식품/식재료,20254,11620,11620775,69,89,0,1,20,0.0,0.014492753623188406,551
관악구,난곡동,오락/여가,20254,11620,11620775,22,23,0,0,1,0.0,0.0,551
관악구,난곡동,외식/F&B,20254,11620,11620775,82,115,5,9,33,0.06097560975609756,0.10975609756097561,551
관악구,난곡동,의료/건강,20254,11620,11620775,58,62,0,0,4,0.0,0.0,551
관악구,난곡동,자동차/이동수단,20254,11620,11620775,11,11,0,0,0,0.0,0.0,551
관악구,난곡동,전문서비스,20254,11620,11620775,3,3,0,0,0,0.0,0.0,551
관악구,난곡동,전자/디지털,20254,11620,11620775,56,57,0,2,1,0.0,0.03571428571428571,551
관악구,난곡동,패션/뷰티,20254,11620,11620775,37,40,0,1,3,0.0,0.02702702702702703,551
관악구,난향동,교육,20254,11620,11620715,44,48,2,0,4,0.045454545454545456,0.0,284
관악구,난향동,생활/홈인테리어,20254,11620,11620715,11,11,1,0,0,0.09090909090909091,0.0,284
관악구,난향동,생활서비스,20254,11620,11620715,59,60,0,0,1,0.0,0.0,284
관악구,난향동,숙박/부동산,20254,11620,11620715,20,20,1,1,0,0.05,0.05,284
관악구,난향동,식품/식재료,20254,11620,11620715,30,36,0,3,6,0.0,0.1,284
관악구,난향동,오락/여가,20254,11620,11620715,9,10,0,0,1,0.0,0.0,284
관악구,난향동,외식/F&B,20254,11620,11620715,43,55,5,2,12,0.11627906976744186,0.046511627906976744,284
관악구,난향동,의료/건강,20254,11620,11620715,16,17,0,0,1,0.0,0.0,284
관악구,난향동,자동차/이동수단,20254,11620,11620715,3,3,0,0,0,0.0,0.0,284
관악구,난향동,전문서비스,20254,11620,11620715,1,1,0,0,0,0.0,0.0,284
관악구,난향동,전자/디지털,20254,11620,11620715,25,25,0,0,0,0.0,0.0,284
관악구,난향동,패션/뷰티,20254,11620,11620715,23,23,0,0,0,0.0,0.0,284
관악구,남현동,교육,20254,11620,11620630,62,65,1,1,3,0.016129032258064516,0.016129032258064516,728
관악구,남현동,생활/홈인테리어,20254,11620,11620630,27,27,1,0,0,0.037037037037037035,0.0,728
관악구,남현동,생활서비스,20254,11620,11620630,117,127,1,4,10,0.008547008547008548,0.03418803418803419,728
관악구,남현동,숙박/부동산,20254,11620,11620630,59,59,0,0,0,0.0,0.0,728
관악구,남현동,식품/식재료,20254,11620,11620630,33,52,0,2,19,0.0,0.06060606060606061,728
관악구,남현동,오락/여가,20254,11620,11620630,32,37,3,1,5,0.09375,0.03125,728
관악구,남현동,외식/F&B,20254,11620,11620630,211,263,8,6,52,0.037914691943127965,0.02843601895734597,728
관악구,남현동,의료/건강,20254,11620,11620630,52,52,0,1,0,0.0,0.019230769230769232,728
관악구,남현동,자동차/이동수단,20254,11620,11620630,11,11,0,0,0,0.0,0.0,728
관악구,남현동,전문서비스,20254,11620,11620630,21,21,0,0,0,0.0,0.0,728
관악구,남현동,전자/디지털,20254,11620,11620630,47,47,0,1,0,0.0,0.02127659574468085,728
관악구,남현동,패션/뷰티,20254,11620,11620630,56,63,0,1,7,0.0,0.017857142857142856,728
관악구,대학동,교육,20254,11620,11620735,87,88,1,3,1,0.011494252873563218,0.034482758620689655,1041
관악구,대학동,생활/홈인테리어,20254,11620,11620735,16,16,0,0,0,0.0,0.0,1041
관악구,대학동,생활서비스,20254,11620,11620735,166,174,3,4,8,0.018072289156626505,0.024096385542168676,1041
관악구,대학동,숙박/부동산,20254,11620,11620735,108,108,2,1,0,0.018518518518518517,0.009259259259259259,1041
관악구,대학동,식품/식재료,20254,11620,11620735,62,95,3,2,33,0.04838709677419355,0.03225806451612903,1041
관악구,대학동,오락/여가,20254,11620,11620735,121,130,5,5,9,0.04132231404958678,0.04132231404958678,1041
관악구,대학동,외식/F&B,20254,11620,11620735,334,424,18,23,90,0.05389221556886228,0.0688622754491018,1041
관악구,대학동,의료/건강,20254,11620,11620735,40,41,0,0,1,0.0,0.0,1041
관악구,대학동,자동차/이동수단,20254,11620,11620735,4,4,0,0,0,0.0,0.0,1041
관악구,대학동,전문서비스,20254,11620,11620735,10,10,0,0,0,0.0,0.0,1041
관악구,대학동,전자/디지털,20254,11620,11620735,52,52,0,0,0,0.0,0.0,1041
관악구,대학동,패션/뷰티,20254,11620,11620735,41,42,1,0,1,0.024390243902439025,0.0,1041
관악구,미성동,교육,20254,11620,11620765,87,101,1,3,14,0.011494252873563218,0.034482758620689655,961
관악구,미성동,생활/홈인테리어,20254,11620,11620765,57,57,2,0,0,0.03508771929824561,0.0,961
관악구,미성동,생활서비스,20254,11620,11620765,197,202,2,0,5,0.01015228426395939,0.0,961
관악구,미성동,숙박/부동산,20254,11620,11620765,59,59,0,1,0,0.0,0.01694915254237288,961
관악구,미성동,식품/식재료,20254,11620,11620765,90,109,3,2,19,0.03333333333333333,0.022222222222222223,961
관악구,미성동,오락/여가,20254,11620,11620765,31,33,0,1,2,0.0,0.03225806451612903,961
관악구,미성동,외식/F&B,20254,11620,11620765,176,238,10,13,62,0.056818181818181816,0.07386363636363637,961
관악구,미성동,의료/건강,20254,11620,11620765,57,58,1,0,1,0.017543859649122806,0.0,961
관악구,미성동,자동차/이동수단,20254,11620,11620765,22,22,0,0,0,0.0,0.0,961
관악구,미성동,전문서비스,20254,11620,11620765,8,8,0,0,0,0.0,0.0,961
관악구,미성동,전자/디지털,20254,11620,11620765,74,75,0,0,1,0.0,0.0,961
관악구,미성동,패션/뷰티,20254,11620,11620765,103,106,2,3,3,0.019417475728155338,0.02912621359223301,961
관악구,보라매동,교육,20254,11620,11620525,56,60,2,1,4,0.03571428571428571,0.017857142857142856,1147
관악구,보라매동,생활/홈인테리어,20254,11620,11620525,62,62,1,0,0,0.016129032258064516,0.0,1147
관악구,보라매동,생활서비스,20254,11620,11620525,144,148,1,3,4,0.006944444444444444,0.020833333333333332,1147
관악구,보라매동,숙박/부동산,20254,11620,11620525,54,54,0,0,0,0.0,0.0,1147
관악구,보라매동,식품/식재료,20254,11620,11620525,75,90,4,1,15,0.05333333333333334,0.013333333333333334,1147
관악구,보라매동,오락/여가,20254,11620,11620525,30,33,0,0,3,0.0,0.0,1147
관악구,보라매동,외식/F&B,20254,11620,11620525,253,318,11,12,65,0.043478260869565216,0.04743083003952569,1147
관악구,보라매동,의료/건강,20254,11620,11620525,36,38,0,0,2,0.0,0.0,1147
관악구,보라매동,자동차/이동수단,20254,11620,11620525,11,11,0,0,0,0.0,0.0,1147
관악구,보라매동,전문서비스,20254,11620,11620525,5,5,0,0,0,0.0,0.0,1147
관악구,보라매동,전자/디지털,20254,11620,11620525,73,73,0,2,0,0.0,0.0273972602739726,1147
관악구,보라매동,패션/뷰티,20254,11620,11620525,348,349,1,2,1,0.0028735632183908046,0.005747126436781609,1147
관악구,삼성동,교육,20254,11620,11620745,37,37,0,1,0,0.0,0.02702702702702703,544
관악구,삼성동,생활/홈인테리어,20254,11620,11620745,35,35,0,0,0,0.0,0.0,544
관악구,삼성동,생활서비스,20254,11620,11620745,95,97,1,0,2,0.010526315789473684,0.0,544
관악구,삼성동,숙박/부동산,20254,11620,11620745,61,61,0,0,0,0.0,0.0,544
관악구,삼성동,식품/식재료,20254,11620,11620745,85,97,0,1,12,0.0,0.011764705882352941,544
관악구,삼성동,오락/여가,20254,11620,11620745,10,10,0,0,0,0.0,0.0,544
관악구,삼성동,외식/F&B,20254,11620,11620745,82,90,3,4,8,0.036585365853658534,0.04878048780487805,544
관악구,삼성동,의료/건강,20254,11620,11620745,30,31,1,0,1,0.03333333333333333,0.0,544
관악구,삼성동,자동차/이동수단,20254,11620,11620745,2,2,0,0,0,0.0,0.0,544
관악구,삼성동,전문서비스,20254,11620,11620745,4,4,0,0,0,0.0,0.0,544
관악구,삼성동,전자/디지털,20254,11620,11620745,41,41,0,1,0,0.0,0.024390243902439025,544
관악구,삼성동,패션/뷰티,20254,11620,11620745,62,63,0,0,1,0.0,0.0,544
관악구,서림동,교육,20254,11620,11620665,68,71,0,2,3,0.0,0.029411764705882353,619
관악구,서림동,생활/홈인테리어,20254,11620,11620665,38,38,1,1,0,0.02631578947368421,0.02631578947368421,619
관악구,서림동,생활서비스,20254,11620,11620665,105,107,1,0,2,0.009523809523809525,0.0,619
관악구,서림동,숙박/부동산,20254,11620,11620665,65,65,0,0,0,0.0,0.0,619
관악구,서림동,식품/식재료,20254,11620,11620665,46,70,2,1,24,0.043478260869565216,0.021739130434782608,619
관악구,서림동,오락/여가,20254,11620,11620665,37,40,0,0,3,0.0,0.0,619
관악구,서림동,외식/F&B,20254,11620,11620665,151,182,9,9,31,0.059602649006622516,0.059602649006622516,619
관악구,서림동,의료/건강,20254,11620,11620665,25,27,0,0,2,0.0,0.0,619
관악구,서림동,자동차/이동수단,20254,11620,11620665,7,7,0,0,0,0.0,0.0,619
관악구,서림동,전문서비스,20254,11620,11620665,9,9,0,0,0,0.0,0.0,619
관악구,서림동,전자/디지털,20254,11620,11620665,46,46,0,1,0,0.0,0.021739130434782608,619
관악구,서림동,패션/뷰티,20254,11620,11620665,22,22,0,0,0,0.0,0.0,619
관악구,서원동,교육,20254,11620,11620645,55,56,1,1,1,0.01818181818181818,0.01818181818181818,1060
관악구,서원동,생활/홈인테리어,20254,11620,11620645,29,30,0,1,1,0.0,0.034482758620689655,1060
관악구,서원동,생활서비스,20254,11620,11620645,139,151,3,2,12,0.02158273381294964,0.014388489208633094,1060
관악구,서원동,숙박/부동산,20254,11620,11620645,80,80,0,1,0,0.0,0.0125,1060
관악구,서원동,식품/식재료,20254,11620,11620645,55,85,1,0,30,0.01818181818181818,0.0,1060
관악구,서원동,오락/여가,20254,11620,11620645,87,96,3,3,9,0.034482758620689655,0.034482758620689655,1060
관악구,서원동,외식/F&B,20254,11620,11620645,313,437,20,19,124,0.06389776357827476,0.06070287539936102,1060
관악구,서원동,의료/건강,20254,11620,11620645,54,54,0,0,0,0.0,0.0,1060
관악구,서원동,자동차/이동수단,20254,11620,11620645,7,7,1,0,0,0.14285714285714285,0.0,1060
관악구,서원동,전문서비스,20254,11620,11620645,17,17,0,0,0,0.0,0.0,1060
관악구,서원동,전자/디지털,20254,11620,11620645,63,63,0,1,0,0.0,0.015873015873015872,1060
관악구,서원동,패션/뷰티,20254,11620,11620645,161,182,2,1,21,0.012422360248447204,0.006211180124223602,1060
관악구,성현동,교육,20254,11620,11620565,134,146,1,4,12,0.007462686567164179,0.029850746268656716,551
관악구,성현동,생활/홈인테리어,20254,11620,11620565,30,30,0,0,0,0.0,0.0,551
관악구,성현동,생활서비스,20254,11620,11620565,93,100,1,2,7,0.010752688172043012,0.021505376344086023,551
관악구,성현동,숙박/부동산,20254,11620,11620565,42,42,0,1,0,0.0,0.023809523809523808,551
관악구,성현동,식품/식재료,20254,11620,11620565,38,50,2,1,12,0.05263157894736842,0.02631578947368421,551
관악구,성현동,오락/여가,20254,11620,11620565,21,27,0,0,6,0.0,0.0,551
관악구,성현동,외식/F&B,20254,11620,11620565,87,104,3,4,17,0.034482758620689655,0.04597701149425287,551
관악구,성현동,의료/건강,20254,11620,11620565,32,33,0,0,1,0.0,0.0,551
관악구,성현동,자동차/이동수단,20254,11620,11620565,6,6,0,0,0,0.0,0.0,551
관악구,성현동,전문서비스,20254,11620,11620565,2,2,0,0,0,0.0,0.0,551
관악구,성현동,전자/디지털,20254,11620,11620565,43,43,0,0,0,0.0,0.0,551
관악구,성현동,패션/뷰티,20254,11620,11620565,23,23,1,0,0,0.043478260869565216,0.0,551
관악구,신림동,교육,20254,11620,11620695,63,63,4,1,0,0.06349206349206349,0.015873015873015872,1507
관악구,신림동,생활/홈인테리어,20254,11620,11620695,34,34,2,0,0,0.058823529411764705,0.0,1507
관악구,신림동,생활서비스,20254,11620,11620695,271,279,7,6,8,0.025830258302583026,0.02214022140221402,1507
관악구,신림동,숙박/부동산,20254,11620,11620695,208,208,4,5,0,0.019230769230769232,0.02403846153846154,1507
관악구,신림동,식품/식재료,20254,11620,11620695,63,101,1,4,38,0.015873015873015872,0.06349206349206349,1507
관악구,신림동,오락/여가,20254,11620,11620695,84,88,3,5,4,0.03571428571428571,0.05952380952380952,1507
관악구,신림동,외식/F&B,20254,11620,11620695,428,535,14,19,107,0.03271028037383177,0.04439252336448598,1507
관악구,신림동,의료/건강,20254,11620,11620695,97,99,1,1,2,0.010309278350515464,0.010309278350515464,1507
관악구,신림동,자동차/이동수단,20254,11620,11620695,11,11,0,0,0,0.0,0.0,1507
관악구,신림동,전문서비스,20254,11620,11620695,25,25,0,0,0,0.0,0.0,1507
관악구,신림동,전자/디지털,20254,11620,11620695,102,102,0,1,0,0.0,0.00980392156862745,1507
관악구,신림동,패션/뷰티,20254,11620,11620695,121,127,0,0,6,0.0,0.0,1507
관악구,신사동,교육,20254,11620,11620685,58,64,1,3,6,0.017241379310344827,0.05172413793103448,1031
관악구,신사동,생활/홈인테리어,20254,11620,11620685,56,56,1,0,0,0.017857142857142856,0.0,1031
관악구,신사동,생활서비스,20254,11620,11620685,236,244,6,6,8,0.025423728813559324,0.025423728813559324,1031
관악구,신사동,숙박/부동산,20254,11620,11620685,84,84,0,3,0,0.0,0.03571428571428571,1031
관악구,신사동,식품/식재료,20254,11620,11620685,97,130,1,3,33,0.010309278350515464,0.030927835051546393,1031
관악구,신사동,오락/여가,20254,11620,11620685,49,51,2,1,2,0.04081632653061224,0.02040816326530612,1031
관악구,신사동,외식/F&B,20254,11620,11620685,248,294,15,12,46,0.06048387096774194,0.04838709677419355,1031
관악구,신사동,의료/건강,20254,11620,11620685,46,48,0,1,2,0.0,0.021739130434782608,1031
관악구,신사동,자동차/이동수단,20254,11620,11620685,19,19,0,0,0,0.0,0.0,1031
관악구,신사동,전문서비스,20254,11620,11620685,15,15,0,0,0,0.0,0.0,1031
관악구,신사동,전자/디지털,20254,11620,11620685,59,59,0,2,0,0.0,0.03389830508474576,1031
관악구,신사동,패션/뷰티,20254,11620,11620685,64,65,0,2,1,0.0,0.03125,1031
관악구,신원동,교육,20254,11620,11620655,41,46,1,1,5,0.024390243902439025,0.024390243902439025,654
관악구,신원동,생활/홈인테리어,20254,11620,11620655,30,30,0,1,0,0.0,0.03333333333333333,654
관악구,신원동,생활서비스,20254,11620,11620655,115,121,2,6,6,0.017391304347826087,0.05217391304347826,654
관악구,신원동,숙박/부동산,20254,11620,11620655,34,34,0,0,0,0.0,0.0,654
관악구,신원동,식품/식재료,20254,11620,11620655,87,97,1,1,10,0.011494252873563218,0.011494252873563218,654
관악구,신원동,오락/여가,20254,11620,11620655,31,33,1,0,2,0.03225806451612903,0.0,654
관악구,신원동,외식/F&B,20254,11620,11620655,183,212,6,14,29,0.03278688524590164,0.07650273224043716,654
관악구,신원동,의료/건강,20254,11620,11620655,31,31,0,1,0,0.0,0.03225806451612903,654
관악구,신원동,자동차/이동수단,20254,11620,11620655,5,5,0,0,0,0.0,0.0,654
관악구,신원동,전문서비스,20254,11620,11620655,17,17,0,1,0,0.0,0.058823529411764705,654
관악구,신원동,전자/디지털,20254,11620,11620655,39,39,0,1,0,0.0,0.02564102564102564,654
관악구,신원동,패션/뷰티,20254,11620,11620655,41,41,2,2,0,0.04878048780487805,0.04878048780487805,654
관악구,은천동,교육,20254,11620,11620605,139,153,8,3,14,0.05755395683453238,0.02158273381294964,1151
관악구,은천동,생활/홈인테리어,20254,11620,11620605,49,49,2,1,0,0.04081632653061224,0.02040816326530612,1151
관악구,은천동,생활서비스,20254,11620,11620605,185,200,3,3,15,0.016216216216216217,0.016216216216216217,1151
관악구,은천동,숙박/부동산,20254,11620,11620605,84,84,0,0,0,0.0,0.0,1151
관악구,은천동,식품/식재료,20254,11620,11620605,81,102,3,2,21,0.037037037037037035,0.024691358024691357,1151
관악구,은천동,오락/여가,20254,11620,11620605,45,50,2,3,5,0.044444444444444446,0.06666666666666667,1151
관악구,은천동,외식/F&B,20254,11620,11620605,303,377,16,21,74,0.052805280528052806,0.06930693069306931,1151
관악구,은천동,의료/건강,20254,11620,11620605,60,62,2,2,2,0.03333333333333333,0.03333333333333333,1151
관악구,은천동,자동차/이동수단,20254,11620,11620605,23,23,3,1,0,0.13043478260869565,0.043478260869565216,1151
관악구,은천동,전문서비스,20254,11620,11620605,21,21,1,1,0,0.047619047619047616,0.047619047619047616,1151
관악구,은천동,전자/디지털,20254,11620,11620605,79,79,0,3,0,0.0,0.0379746835443038,1151
관악구,은천동,패션/뷰티,20254,11620,11620605,82,83,1,0,1,0.012195121951219513,0.0,1151
관악구,인헌동,교육,20254,11620,11620625,64,70,1,3,6,0.015625,0.046875,832
관악구,인헌동,생활/홈인테리어,20254,11620,11620625,31,31,1,1,0,0.03225806451612903,0.03225806451612903,832
관악구,인헌동,생활서비스,20254,11620,11620625,161,168,5,1,7,0.031055900621118012,0.006211180124223602,832
관악구,인헌동,숙박/부동산,20254,11620,11620625,60,60,0,2,0,0.0,0.03333333333333333,832
관악구,인헌동,식품/식재료,20254,11620,11620625,63,80,3,3,17,0.047619047619047616,0.047619047619047616,832
관악구,인헌동,오락/여가,20254,11620,11620625,34,37,0,0,3,0.0,0.0,832
관악구,인헌동,외식/F&B,20254,11620,11620625,201,243,10,20,42,0.04975124378109453,0.09950248756218906,832
관악구,인헌동,의료/건강,20254,11620,11620625,70,72,0,0,2,0.0,0.0,832
관악구,인헌동,자동차/이동수단,20254,11620,11620625,4,4,0,0,0,0.0,0.0,832
관악구,인헌동,전문서비스,20254,11620,11620625,11,11,0,0,0,0.0,0.0,832
관악구,인헌동,전자/디지털,20254,11620,11620625,60,60,0,0,0,0.0,0.0,832
관악구,인헌동,패션/뷰티,20254,11620,11620625,73,79,2,4,6,0.0273972602739726,0.0547945205479452,832
관악구,조원동,교육,20254,11620,11620725,50,51,0,1,1,0.0,0.02,1165
관악구,조원동,생활/홈인테리어,20254,11620,11620725,64,64,0,1,0,0.0,0.015625,1165
관악구,조원동,생활서비스,20254,11620,11620725,218,225,4,0,7,0.01834862385321101,0.0,1165
관악구,조원동,숙박/부동산,20254,11620,11620725,91,93,0,2,2,0.0,0.02197802197802198,1165
관악구,조원동,식품/식재료,20254,11620,11620725,119,143,1,5,24,0.008403361344537815,0.04201680672268908,1165
관악구,조원동,오락/여가,20254,11620,11620725,60,66,1,3,6,0.016666666666666666,0.05,1165
관악구,조원동,외식/F&B,20254,11620,11620725,317,385,15,20,68,0.0473186119873817,0.06309148264984227,1165
관악구,조원동,의료/건강,20254,11620,11620725,66,67,0,1,1,0.0,0.015151515151515152,1165
관악구,조원동,자동차/이동수단,20254,11620,11620725,14,14,0,0,0,0.0,0.0,1165
관악구,조원동,전문서비스,20254,11620,11620725,13,13,0,0,0,0.0,0.0,1165
관악구,조원동,전자/디지털,20254,11620,11620725,70,70,0,0,0,0.0,0.0,1165
관악구,조원동,패션/뷰티,20254,11620,11620725,83,85,0,3,2,0.0,0.03614457831325301,1165
관악구,중앙동,교육,20254,11620,11620615,58,66,3,5,8,0.05172413793103448,0.08620689655172414,785
관악구,중앙동,생활/홈인테리어,20254,11620,11620615,32,32,0,2,0,0.0,0.0625,785
관악구,중앙동,생활서비스,20254,11620,11620615,142,155,3,5,13,0.02112676056338028,0.035211267605633804,785
관악구,중앙동,숙박/부동산,20254,11620,11620615,62,62,0,2,0,0.0,0.03225806451612903,785
관악구,중앙동,식품/식재료,20254,11620,11620615,42,60,3,1,18,0.07142857142857142,0.023809523809523808,785
관악구,중앙동,오락/여가,20254,11620,11620615,25,28,0,1,3,0.0,0.04,785
관악구,중앙동,외식/F&B,20254,11620,11620615,206,258,16,16,52,0.07766990291262135,0.07766990291262135,785
관악구,중앙동,의료/건강,20254,11620,11620615,99,100,3,3,1,0.030303030303030304,0.030303030303030304,785
관악구,중앙동,자동차/이동수단,20254,11620,11620615,4,4,0,0,0,0.0,0.0,785
관악구,중앙동,전문서비스,20254,11620,11620615,16,16,0,0,0,0.0,0.0,785
관악구,중앙동,전자/디지털,20254,11620,11620615,58,58,0,0,0,0.0,0.0,785
관악구,중앙동,패션/뷰티,20254,11620,11620615,41,46,1,0,5,0.024390243902439025,0.0,785
관악구,청룡동,교육,20254,11620,11620595,128,137,2,4,9,0.015625,0.03125,1611
관악구,청룡동,생활/홈인테리어,20254,11620,11620595,54,55,1,0,1,0.018518518518518517,0.0,1611
관악구,청룡동,생활서비스,20254,11620,11620595,268,288,2,7,20,0.007462686567164179,0.026119402985074626,1611
관악구,청룡동,숙박/부동산,20254,11620,11620595,192,196,0,0,4,0.0,0.0,1611
관악구,청룡동,식품/식재료,20254,11620,11620595,99,150,2,5,51,0.020202020202020204,0.050505050505050504,1611
관악구,청룡동,오락/여가,20254,11620,11620595,80,87,3,2,7,0.0375,0.025,1611
관악구,청룡동,외식/F&B,20254,11620,11620595,393,506,34,23,113,0.08651399491094147,0.058524173027989825,1611
관악구,청룡동,의료/건강,20254,11620,11620595,86,88,0,0,2,0.0,0.0,1611
관악구,청룡동,자동차/이동수단,20254,11620,11620595,6,6,0,0,0,0.0,0.0,1611
관악구,청룡동,전문서비스,20254,11620,11620595,36,36,0,1,0,0.0,0.027777777777777776,1611
관악구,청룡동,전자/디지털,20254,11620,11620595,107,107,1,2,0,0.009345794392523364,0.018691588785046728,1611
관악구,청룡동,패션/뷰티,20254,11620,11620595,162,169,0,2,7,0.0,0.012345679012345678,1611
관악구,청림동,교육,20254,11620,11620545,70,78,0,1,8,0.0,0.014285714285714285,356
관악구,청림동,생활/홈인테리어,20254,11620,11620545,10,10,0,0,0,0.0,0.0,356
관악구,청림동,생활서비스,20254,11620,11620545,83,88,1,1,5,0.012048192771084338,0.012048192771084338,356
관악구,청림동,숙박/부동산,20254,11620,11620545,32,32,0,1,0,0.0,0.03125,356
관악구,청림동,식품/식재료,20254,11620,11620545,22,26,0,0,4,0.0,0.0,356
관악구,청림동,오락/여가,20254,11620,11620545,15,15,0,0,0,0.0,0.0,356
관악구,청림동,외식/F&B,20254,11620,11620545,71,84,2,4,13,0.028169014084507043,0.056338028169014086,356
관악구,청림동,의료/건강,20254,11620,11620545,16,16,0,0,0,0.0,0.0,356
관악구,청림동,자동차/이동수단,20254,11620,11620545,5,5,1,0,0,0.2,0.0,356
관악구,청림동,전문서비스,20254,11620,11620545,2,2,0,0,0,0.0,0.0,356
관악구,청림동,전자/디지털,20254,11620,11620545,22,22,0,3,0,0.0,0.13636363636363635,356
관악구,청림동,패션/뷰티,20254,11620,11620545,8,8,0,0,0,0.0,0.0,356
관악구,행운동,교육,20254,11620,11620575,109,116,0,3,7,0.0,0.027522935779816515,1197
관악구,행운동,생활/홈인테리어,20254,11620,11620575,47,47,0,3,0,0.0,0.06382978723404255,1197
관악구,행운동,생활서비스,20254,11620,11620575,240,254,5,4,14,0.020833333333333332,0.016666666666666666,1197
관악구,행운동,숙박/부동산,20254,11620,11620575,113,113,0,3,0,0.0,0.02654867256637168,1197
관악구,행운동,식품/식재료,20254,11620,11620575,67,94,2,2,27,0.029850746268656716,0.029850746268656716,1197
관악구,행운동,오락/여가,20254,11620,11620575,40,41,1,1,1,0.025,0.025,1197
관악구,행운동,외식/F&B,20254,11620,11620575,290,353,18,22,63,0.06206896551724138,0.07586206896551724,1197
관악구,행운동,의료/건강,20254,11620,11620575,91,99,4,1,8,0.04395604395604396,0.01098901098901099,1197
관악구,행운동,자동차/이동수단,20254,11620,11620575,10,10,1,0,0,0.1,0.0,1197
관악구,행운동,전문서비스,20254,11620,11620575,26,26,0,0,0,0.0,0.0,1197
관악구,행운동,전자/디지털,20254,11620,11620575,76,76,0,0,0,0.0,0.0,1197
관악구,행운동,패션/뷰티,20254,11620,11620575,88,90,0,0,2,0.0,0.0,1197
광진구,광장동,교육,20254,11215,11215810,179,185,3,6,6,0.01675977653631285,0.0335195530726257,990
광진구,광장동,생활/홈인테리어,20254,11215,11215810,52,52,1,0,0,0.019230769230769232,0.0,990
광진구,광장동,생활서비스,20254,11215,11215810,135,145,2,2,10,0.014814814814814815,0.014814814814814815,990
광진구,광장동,숙박/부동산,20254,11215,11215810,97,97,0,0,0,0.0,0.0,990
광진구,광장동,식품/식재료,20254,11215,11215810,69,99,3,4,30,0.043478260869565216,0.057971014492753624,990
광진구,광장동,오락/여가,20254,11215,11215810,26,28,0,0,2,0.0,0.0,990
광진구,광장동,외식/F&B,20254,11215,11215810,185,247,6,2,62,0.032432432432432434,0.010810810810810811,990
광진구,광장동,의료/건강,20254,11215,11215810,60,61,1,0,1,0.016666666666666666,0.0,990
광진구,광장동,자동차/이동수단,20254,11215,11215810,10,10,0,0,0,0.0,0.0,990
광진구,광장동,전문서비스,20254,11215,11215810,10,10,0,0,0,0.0,0.0,990
광진구,광장동,전자/디지털,20254,11215,11215810,61,61,0,1,0,0.0,0.01639344262295082,990
광진구,광장동,패션/뷰티,20254,11215,11215810,106,108,1,2,2,0.009433962264150943,0.018867924528301886,990
광진구,구의1동,교육,20254,11215,11215850,84,86,1,2,2,0.011904761904761904,0.023809523809523808,1350
광진구,구의1동,생활/홈인테리어,20254,11215,11215850,44,44,2,2,0,0.045454545454545456,0.045454545454545456,1350
광진구,구의1동,생활서비스,20254,11215,11215850,222,227,3,2,5,0.013513513513513514,0.009009009009009009,1350
광진구,구의1동,숙박/부동산,20254,11215,11215850,128,128,1,1,0,0.0078125,0.0078125,1350
광진구,구의1동,식품/식재료,20254,11215,11215850,63,86,1,1,23,0.015873015873015872,0.015873015873015872,1350
광진구,구의1동,오락/여가,20254,11215,11215850,81,82,1,1,1,0.012345679012345678,0.012345679012345678,1350
광진구,구의1동,외식/F&B,20254,11215,11215850,392,477,17,28,85,0.04336734693877551,0.07142857142857142,1350
광진구,구의1동,의료/건강,20254,11215,11215850,65,66,1,0,1,0.015384615384615385,0.0,1350
광진구,구의1동,자동차/이동수단,20254,11215,11215850,6,6,0,0,0,0.0,0.0,1350
광진구,구의1동,전문서비스,20254,11215,11215850,69,69,0,0,0,0.0,0.0,1350
광진구,구의1동,전자/디지털,20254,11215,11215850,93,93,0,1,0,0.0,0.010752688172043012,1350
광진구,구의1동,패션/뷰티,20254,11215,11215850,103,105,2,1,2,0.019417475728155338,0.009708737864077669,1350
광진구,구의2동,교육,20254,11215,11215860,95,98,8,3,3,0.08421052631578947,0.031578947368421054,909
광진구,구의2동,생활/홈인테리어,20254,11215,11215860,48,48,2,1,0,0.041666666666666664,0.020833333333333332,909
광진구,구의2동,생활서비스,20254,11215,11215860,156,162,7,4,6,0.04487179487179487,0.02564102564102564,909
광진구,구의2동,숙박/부동산,20254,11215,11215860,64,64,0,1,0,0.0,0.015625,909
광진구,구의2동,식품/식재료,20254,11215,11215860,71,92,1,1,21,0.014084507042253521,0.014084507042253521,909
광진구,구의2동,오락/여가,20254,11215,11215860,35,37,0,2,2,0.0,0.05714285714285714,909
광진구,구의2동,외식/F&B,20254,11215,11215860,239,295,12,19,56,0.0502092050209205,0.0794979079497908,909
광진구,구의2동,의료/건강,20254,11215,11215860,54,56,0,1,2,0.0,0.018518518518518517,909
광진구,구의2동,자동차/이동수단,20254,11215,11215860,10,10,0,0,0,0.0,0.0,909
광진구,구의2동,전문서비스,20254,11215,11215860,3,3,0,0,0,0.0,0.0,909
광진구,구의2동,전자/디지털,20254,11215,11215860,62,62,0,1,0,0.0,0.016129032258064516,909
광진구,구의2동,패션/뷰티,20254,11215,11215860,72,76,1,2,4,0.013888888888888888,0.027777777777777776,909
광진구,구의3동,교육,20254,11215,11215870,233,257,12,7,24,0.05150214592274678,0.030042918454935622,2151
광진구,구의3동,생활/홈인테리어,20254,11215,11215870,92,92,1,2,0,0.010869565217391304,0.021739130434782608,2151
광진구,구의3동,생활서비스,20254,11215,11215870,237,256,4,8,19,0.016877637130801686,0.03375527426160337,2151
광진구,구의3동,숙박/부동산,20254,11215,11215870,107,107,0,2,0,0.0,0.018691588785046728,2151
광진구,구의3동,식품/식재료,20254,11215,11215870,97,130,5,1,33,0.05154639175257732,0.010309278350515464,2151
광진구,구의3동,오락/여가,20254,11215,11215870,75,80,3,1,5,0.04,0.013333333333333334,2151
광진구,구의3동,외식/F&B,20254,11215,11215870,281,392,10,19,111,0.03558718861209965,0.06761565836298933,2151
광진구,구의3동,의료/건강,20254,11215,11215870,104,107,2,0,3,0.019230769230769232,0.0,2151
광진구,구의3동,자동차/이동수단,20254,11215,11215870,14,14,0,0,0,0.0,0.0,2151
광진구,구의3동,전문서비스,20254,11215,11215870,28,28,0,0,0,0.0,0.0,2151
광진구,구의3동,전자/디지털,20254,11215,11215870,640,641,4,6,1,0.00625,0.009375,2151
광진구,구의3동,패션/뷰티,20254,11215,11215870,243,252,2,6,9,0.00823045267489712,0.024691358024691357,2151
광진구,군자동,교육,20254,11215,11215730,68,72,1,1,4,0.014705882352941176,0.014705882352941176,1245
광진구,군자동,생활/홈인테리어,20254,11215,11215730,69,69,1,2,0,0.014492753623188406,0.028985507246376812,1245
광진구,군자동,생활서비스,20254,11215,11215730,209,216,3,4,7,0.014354066985645933,0.019138755980861243,1245
광진구,군자동,숙박/부동산,20254,11215,11215730,85,86,0,3,1,0.0,0.03529411764705882,1245
광진구,군자동,식품/식재료,20254,11215,11215730,78,108,5,1,30,0.0641025641025641,0.01282051282051282,1245
광진구,군자동,오락/여가,20254,11215,11215730,50,53,4,1,3,0.08,0.02,1245
광진구,군자동,외식/F&B,20254,11215,11215730,379,477,19,21,98,0.05013192612137203,0.055408970976253295,1245
광진구,군자동,의료/건강,20254,11215,11215730,81,84,1,0,3,0.012345679012345678,0.0,1245
광진구,군자동,자동차/이동수단,20254,11215,11215730,19,19,0,0,0,0.0,0.0,1245
광진구,군자동,전문서비스,20254,11215,11215730,17,17,0,1,0,0.0,0.058823529411764705,1245
광진구,군자동,전자/디지털,20254,11215,11215730,90,91,0,5,1,0.0,0.05555555555555555,1245
광진구,군자동,패션/뷰티,20254,11215,11215730,100,100,1,2,0,0.01,0.02,1245
광진구,능동,교육,20254,11215,11215780,43,47,3,4,4,0.06976744186046512,0.09302325581395349,590
광진구,능동,생활/홈인테리어,20254,11215,11215780,40,40,0,0,0,0.0,0.0,590
광진구,능동,생활서비스,20254,11215,11215780,92,94,1,3,2,0.010869565217391304,0.03260869565217391,590
광진구,능동,숙박/부동산,20254,11215,11215780,42,42,1,1,0,0.023809523809523808,0.023809523809523808,590
광진구,능동,식품/식재료,20254,11215,11215780,33,56,3,2,23,0.09090909090909091,0.06060606060606061,590
광진구,능동,오락/여가,20254,11215,11215780,42,42,2,3,0,0.047619047619047616,0.07142857142857142,590
광진구,능동,외식/F&B,20254,11215,11215780,144,188,9,10,44,0.0625,0.06944444444444445,590
광진구,능동,의료/건강,20254,11215,11215780,40,40,0,0,0,0.0,0.0,590
광진구,능동,자동차/이동수단,20254,11215,11215780,11,11,0,0,0,0.0,0.0,590
광진구,능동,전문서비스,20254,11215,11215780,21,21,1,0,0,0.047619047619047616,0.0,590
광진구,능동,전자/디지털,20254,11215,11215780,37,37,0,2,0,0.0,0.05405405405405406,590
광진구,능동,패션/뷰티,20254,11215,11215780,45,46,1,1,1,0.022222222222222223,0.022222222222222223,590
광진구,자양1동,교육,20254,11215,11215820,60,67,1,0,7,0.016666666666666666,0.0,1191
광진구,자양1동,생활/홈인테리어,20254,11215,11215820,58,58,1,0,0,0.017241379310344827,0.0,1191
광진구,자양1동,생활서비스,20254,11215,11215820,211,219,3,2,8,0.014218009478672985,0.009478672985781991,1191
광진구,자양1동,숙박/부동산,20254,11215,11215820,92,92,0,2,0,0.0,0.021739130434782608,1191
광진구,자양1동,식품/식재료,20254,11215,11215820,119,142,4,4,23,0.03361344537815126,0.03361344537815126,1191
광진구,자양1동,오락/여가,20254,11215,11215820,50,53,0,0,3,0.0,0.0,1191
광진구,자양1동,외식/F&B,20254,11215,11215820,276,346,9,11,70,0.03260869565217391,0.03985507246376811,1191
광진구,자양1동,의료/건강,20254,11215,11215820,106,109,2,2,3,0.018867924528301886,0.018867924528301886,1191
광진구,자양1동,자동차/이동수단,20254,11215,11215820,13,13,0,0,0,0.0,0.0,1191
광진구,자양1동,전문서비스,20254,11215,11215820,18,18,0,0,0,0.0,0.0,1191
광진구,자양1동,전자/디지털,20254,11215,11215820,69,69,1,0,0,0.014492753623188406,0.0,1191
광진구,자양1동,패션/뷰티,20254,11215,11215820,119,123,1,2,4,0.008403361344537815,0.01680672268907563,1191
광진구,자양2동,교육,20254,11215,11215830,89,99,2,2,10,0.02247191011235955,0.02247191011235955,1013
광진구,자양2동,생활/홈인테리어,20254,11215,11215830,58,58,1,4,0,0.017241379310344827,0.06896551724137931,1013
광진구,자양2동,생활서비스,20254,11215,11215830,187,198,4,1,11,0.0213903743315508,0.0053475935828877,1013
광진구,자양2동,숙박/부동산,20254,11215,11215830,80,81,0,0,1,0.0,0.0,1013
광진구,자양2동,식품/식재료,20254,11215,11215830,70,88,2,1,18,0.02857142857142857,0.014285714285714285,1013
광진구,자양2동,오락/여가,20254,11215,11215830,49,50,1,1,1,0.02040816326530612,0.02040816326530612,1013
광진구,자양2동,외식/F&B,20254,11215,11215830,210,260,12,9,50,0.05714285714285714,0.04285714285714286,1013
광진구,자양2동,의료/건강,20254,11215,11215830,61,62,0,0,1,0.0,0.0,1013
광진구,자양2동,자동차/이동수단,20254,11215,11215830,23,23,0,0,0,0.0,0.0,1013
광진구,자양2동,전문서비스,20254,11215,11215830,9,9,0,1,0,0.0,0.1111111111111111,1013
광진구,자양2동,전자/디지털,20254,11215,11215830,87,88,0,0,1,0.0,0.0,1013
광진구,자양2동,패션/뷰티,20254,11215,11215830,90,93,1,4,3,0.011111111111111112,0.044444444444444446,1013
광진구,자양3동,교육,20254,11215,11215840,147,155,3,2,8,0.02040816326530612,0.013605442176870748,1156
광진구,자양3동,생활/홈인테리어,20254,11215,11215840,40,40,1,1,0,0.025,0.025,1156
광진구,자양3동,생활서비스,20254,11215,11215840,153,165,1,2,12,0.006535947712418301,0.013071895424836602,1156
광진구,자양3동,숙박/부동산,20254,11215,11215840,94,94,0,4,0,0.0,0.0425531914893617,1156
광진구,자양3동,식품/식재료,20254,11215,11215840,56,87,5,5,31,0.08928571428571429,0.08928571428571429,1156
광진구,자양3동,오락/여가,20254,11215,11215840,40,40,1,3,0,0.025,0.075,1156
광진구,자양3동,외식/F&B,20254,11215,11215840,185,267,7,10,82,0.03783783783783784,0.05405405405405406,1156
광진구,자양3동,의료/건강,20254,11215,11215840,55,56,0,0,1,0.0,0.0,1156
광진구,자양3동,자동차/이동수단,20254,11215,11215840,14,14,0,0,0,0.0,0.0,1156
광진구,자양3동,전문서비스,20254,11215,11215840,6,6,0,0,0,0.0,0.0,1156
광진구,자양3동,전자/디지털,20254,11215,11215840,68,68,0,2,0,0.0,0.029411764705882353,1156
광진구,자양3동,패션/뷰티,20254,11215,11215840,298,309,0,6,11,0.0,0.020134228187919462,1156
광진구,자양4동,교육,20254,11215,11215847,56,56,1,2,0,0.017857142857142856,0.03571428571428571,1445
광진구,자양4동,생활/홈인테리어,20254,11215,11215847,72,72,0,1,0,0.0,0.013888888888888888,1445
광진구,자양4동,생활서비스,20254,11215,11215847,222,226,5,6,4,0.02252252252252252,0.02702702702702703,1445
광진구,자양4동,숙박/부동산,20254,11215,11215847,103,103,0,0,0,0.0,0.0,1445
광진구,자양4동,식품/식재료,20254,11215,11215847,122,152,4,5,30,0.03278688524590164,0.040983606557377046,1445
광진구,자양4동,오락/여가,20254,11215,11215847,88,96,3,3,8,0.03409090909090909,0.03409090909090909,1445
광진구,자양4동,외식/F&B,20254,11215,11215847,426,492,15,15,66,0.035211267605633804,0.035211267605633804,1445
광진구,자양4동,의료/건강,20254,11215,11215847,85,85,2,3,0,0.023529411764705882,0.03529411764705882,1445
광진구,자양4동,자동차/이동수단,20254,11215,11215847,10,10,0,0,0,0.0,0.0,1445
광진구,자양4동,전문서비스,20254,11215,11215847,17,17,1,0,0,0.058823529411764705,0.0,1445
광진구,자양4동,전자/디지털,20254,11215,11215847,57,57,0,1,0,0.0,0.017543859649122806,1445
광진구,자양4동,패션/뷰티,20254,11215,11215847,187,190,5,7,3,0.026737967914438502,0.0374331550802139,1445
광진구,중곡1동,교육,20254,11215,11215740,42,44,1,0,2,0.023809523809523808,0.0,1142
광진구,중곡1동,생활/홈인테리어,20254,11215,11215740,72,72,1,0,0,0.013888888888888888,0.0,1142
광진구,중곡1동,생활서비스,20254,11215,11215740,166,170,2,2,4,0.012048192771084338,0.012048192771084338,1142
광진구,중곡1동,숙박/부동산,20254,11215,11215740,85,85,1,4,0,0.011764705882352941,0.047058823529411764,1142
광진구,중곡1동,식품/식재료,20254,11215,11215740,114,131,5,2,17,0.043859649122807015,0.017543859649122806,1142
광진구,중곡1동,오락/여가,20254,11215,11215740,42,42,3,6,0,0.07142857142857142,0.14285714285714285,1142
광진구,중곡1동,외식/F&B,20254,11215,11215740,304,329,11,19,25,0.03618421052631579,0.0625,1142
광진구,중곡1동,의료/건강,20254,11215,11215740,81,85,1,2,4,0.012345679012345678,0.024691358024691357,1142
광진구,중곡1동,자동차/이동수단,20254,11215,11215740,34,34,1,0,0,0.029411764705882353,0.0,1142
광진구,중곡1동,전문서비스,20254,11215,11215740,25,25,0,0,0,0.0,0.0,1142
광진구,중곡1동,전자/디지털,20254,11215,11215740,62,62,1,0,0,0.016129032258064516,0.0,1142
광진구,중곡1동,패션/뷰티,20254,11215,11215740,115,120,4,4,5,0.034782608695652174,0.034782608695652174,1142
광진구,중곡2동,교육,20254,11215,11215750,98,102,1,3,4,0.01020408163265306,0.030612244897959183,1112
광진구,중곡2동,생활/홈인테리어,20254,11215,11215750,52,52,0,1,0,0.0,0.019230769230769232,1112
광진구,중곡2동,생활서비스,20254,11215,11215750,229,236,3,7,7,0.013100436681222707,0.03056768558951965,1112
광진구,중곡2동,숙박/부동산,20254,11215,11215750,85,85,1,1,0,0.011764705882352941,0.011764705882352941,1112
광진구,중곡2동,식품/식재료,20254,11215,11215750,76,94,1,4,18,0.013157894736842105,0.05263157894736842,1112
광진구,중곡2동,오락/여가,20254,11215,11215750,51,54,0,2,3,0.0,0.0392156862745098,1112
광진구,중곡2동,외식/F&B,20254,11215,11215750,245,293,11,17,48,0.044897959183673466,0.06938775510204082,1112
광진구,중곡2동,의료/건강,20254,11215,11215750,80,82,1,3,2,0.0125,0.0375,1112
광진구,중곡2동,자동차/이동수단,20254,11215,11215750,13,13,1,0,0,0.07692307692307693,0.0,1112
광진구,중곡2동,전문서비스,20254,11215,11215750,24,24,0,0,0,0.0,0.0,1112
광진구,중곡2동,전자/디지털,20254,11215,11215750,71,72,0,1,1,0.0,0.014084507042253521,1112
광진구,중곡2동,패션/뷰티,20254,11215,11215750,88,88,1,2,0,0.011363636363636364,0.022727272727272728,1112
광진구,중곡3동,교육,20254,11215,11215760,32,33,1,0,1,0.03125,0.0,748
광진구,중곡3동,생활/홈인테리어,20254,11215,11215760,40,40,0,0,0,0.0,0.0,748
광진구,중곡3동,생활서비스,20254,11215,11215760,160,168,2,2,8,0.0125,0.0125,748
광진구,중곡3동,숙박/부동산,20254,11215,11215760,57,57,0,2,0,0.0,0.03508771929824561,748
광진구,중곡3동,식품/식재료,20254,11215,11215760,35,56,0,2,21,0.0,0.05714285714285714,748
광진구,중곡3동,오락/여가,20254,11215,11215760,44,44,1,2,0,0.022727272727272728,0.045454545454545456,748
광진구,중곡3동,외식/F&B,20254,11215,11215760,204,251,6,8,47,0.029411764705882353,0.0392156862745098,748
광진구,중곡3동,의료/건강,20254,11215,11215760,40,42,2,0,2,0.05,0.0,748
광진구,중곡3동,자동차/이동수단,20254,11215,11215760,17,17,0,0,0,0.0,0.0,748
광진구,중곡3동,전문서비스,20254,11215,11215760,2,2,0,0,0,0.0,0.0,748
광진구,중곡3동,전자/디지털,20254,11215,11215760,47,47,0,3,0,0.0,0.06382978723404255,748
광진구,중곡3동,패션/뷰티,20254,11215,11215760,70,72,0,2,2,0.0,0.02857142857142857,748
광진구,중곡4동,교육,20254,11215,11215770,67,73,0,0,6,0.0,0.0,951
광진구,중곡4동,생활/홈인테리어,20254,11215,11215770,52,52,2,0,0,0.038461538461538464,0.0,951
광진구,중곡4동,생활서비스,20254,11215,11215770,168,175,5,4,7,0.02976190476190476,0.023809523809523808,951
광진구,중곡4동,숙박/부동산,20254,11215,11215770,43,43,0,3,0,0.0,0.06976744186046512,951
광진구,중곡4동,식품/식재료,20254,11215,11215770,85,107,3,4,22,0.03529411764705882,0.047058823529411764,951
광진구,중곡4동,오락/여가,20254,11215,11215770,47,48,3,2,1,0.06382978723404255,0.0425531914893617,951
광진구,중곡4동,외식/F&B,20254,11215,11215770,214,254,8,10,40,0.037383177570093455,0.04672897196261682,951
광진구,중곡4동,의료/건강,20254,11215,11215770,50,52,1,0,2,0.02,0.0,951
광진구,중곡4동,자동차/이동수단,20254,11215,11215770,6,6,0,0,0,0.0,0.0,951
광진구,중곡4동,전문서비스,20254,11215,11215770,3,3,0,0,0,0.0,0.0,951
광진구,중곡4동,전자/디지털,20254,11215,11215770,101,101,0,2,0,0.0,0.019801980198019802,951
광진구,중곡4동,패션/뷰티,20254,11215,11215770,115,117,0,1,2,0.0,0.008695652173913044,951
광진구,화양동,교육,20254,11215,11215710,80,83,0,0,3,0.0,0.0,2114
광진구,화양동,생활/홈인테리어,20254,11215,11215710,43,44,2,0,1,0.046511627906976744,0.0,2114
광진구,화양동,생활서비스,20254,11215,11215710,287,304,9,13,17,0.0313588850174216,0.04529616724738676,2114
광진구,화양동,숙박/부동산,20254,11215,11215710,153,153,1,2,0,0.006535947712418301,0.013071895424836602,2114
광진구,화양동,식품/식재료,20254,11215,11215710,113,167,2,2,54,0.017699115044247787,0.017699115044247787,2114
광진구,화양동,오락/여가,20254,11215,11215710,170,180,9,4,10,0.052941176470588235,0.023529411764705882,2114
광진구,화양동,외식/F&B,20254,11215,11215710,904,1120,39,40,216,0.04314159292035398,0.04424778761061947,2114
광진구,화양동,의료/건강,20254,11215,11215710,89,93,2,2,4,0.02247191011235955,0.02247191011235955,2114
광진구,화양동,자동차/이동수단,20254,11215,11215710,14,14,0,0,0,0.0,0.0,2114
광진구,화양동,전문서비스,20254,11215,11215710,21,21,0,0,0,0.0,0.0,2114
광진구,화양동,전자/디지털,20254,11215,11215710,99,99,0,1,0,0.0,0.010101010101010102,2114
광진구,화양동,패션/뷰티,20254,11215,11215710,141,156,15,5,15,0.10638297872340426,0.03546099290780142,2114
구로구,가리봉동,교육,20254,11530,11530595,14,14,0,1,0,0.0,0.07142857142857142,698
구로구,가리봉동,생활/홈인테리어,20254,11530,11530595,22,22,0,1,0,0.0,0.045454545454545456,698
구로구,가리봉동,생활서비스,20254,11530,11530595,99,104,1,1,5,0.010101010101010102,0.010101010101010102,698
구로구,가리봉동,숙박/부동산,20254,11530,11530595,67,67,1,3,0,0.014925373134328358,0.04477611940298507,698
구로구,가리봉동,식품/식재료,20254,11530,11530595,98,105,4,6,7,0.04081632653061224,0.061224489795918366,698
구로구,가리봉동,오락/여가,20254,11530,11530595,56,57,0,4,1,0.0,0.07142857142857142,698
구로구,가리봉동,외식/F&B,20254,11530,11530595,197,201,5,12,4,0.025380710659898477,0.06091370558375635,698
구로구,가리봉동,의료/건강,20254,11530,11530595,19,19,0,0,0,0.0,0.0,698
구로구,가리봉동,자동차/이동수단,20254,11530,11530595,8,8,0,0,0,0.0,0.0,698
구로구,가리봉동,전문서비스,20254,11530,11530595,15,15,0,0,0,0.0,0.0,698
구로구,가리봉동,전자/디지털,20254,11530,11530595,53,53,0,1,0,0.0,0.018867924528301886,698
구로구,가리봉동,패션/뷰티,20254,11530,11530595,50,50,0,3,0,0.0,0.06,698
구로구,개봉1동,교육,20254,11530,11530740,84,90,2,1,6,0.023809523809523808,0.011904761904761904,1119
구로구,개봉1동,생활/홈인테리어,20254,11530,11530740,73,73,0,1,0,0.0,0.0136986301369863,1119
구로구,개봉1동,생활서비스,20254,11530,11530740,214,224,1,2,10,0.004672897196261682,0.009345794392523364,1119
구로구,개봉1동,숙박/부동산,20254,11530,11530740,67,67,0,4,0,0.0,0.05970149253731343,1119
구로구,개봉1동,식품/식재료,20254,11530,11530740,114,138,2,3,24,0.017543859649122806,0.02631578947368421,1119
구로구,개봉1동,오락/여가,20254,11530,11530740,42,48,2,3,6,0.047619047619047616,0.07142857142857142,1119
구로구,개봉1동,외식/F&B,20254,11530,11530740,243,300,13,11,57,0.053497942386831275,0.04526748971193416,1119
구로구,개봉1동,의료/건강,20254,11530,11530740,67,69,0,2,2,0.0,0.029850746268656716,1119
구로구,개봉1동,자동차/이동수단,20254,11530,11530740,20,20,0,1,0,0.0,0.05,1119
구로구,개봉1동,전문서비스,20254,11530,11530740,6,6,0,0,0,0.0,0.0,1119
구로구,개봉1동,전자/디지털,20254,11530,11530740,93,94,0,0,1,0.0,0.0,1119
구로구,개봉1동,패션/뷰티,20254,11530,11530740,96,98,1,0,2,0.010416666666666666,0.0,1119
구로구,개봉2동,교육,20254,11530,11530750,104,112,0,2,8,0.0,0.019230769230769232,689
구로구,개봉2동,생활/홈인테리어,20254,11530,11530750,22,22,0,0,0,0.0,0.0,689
구로구,개봉2동,생활서비스,20254,11530,11530750,145,160,3,2,15,0.020689655172413793,0.013793103448275862,689
구로구,개봉2동,숙박/부동산,20254,11530,11530750,43,43,1,0,0,0.023255813953488372,0.0,689
구로구,개봉2동,식품/식재료,20254,11530,11530750,60,86,1,2,26,0.016666666666666666,0.03333333333333333,689
구로구,개봉2동,오락/여가,20254,11530,11530750,28,29,0,0,1,0.0,0.0,689
구로구,개봉2동,외식/F&B,20254,11530,11530750,132,183,3,6,51,0.022727272727272728,0.045454545454545456,689
구로구,개봉2동,의료/건강,20254,11530,11530750,67,68,0,2,1,0.0,0.029850746268656716,689
구로구,개봉2동,자동차/이동수단,20254,11530,11530750,2,2,0,0,0,0.0,0.0,689
구로구,개봉2동,전문서비스,20254,11530,11530750,1,1,0,0,0,0.0,0.0,689
구로구,개봉2동,전자/디지털,20254,11530,11530750,41,41,0,2,0,0.0,0.04878048780487805,689
구로구,개봉2동,패션/뷰티,20254,11530,11530750,44,47,1,5,3,0.022727272727272728,0.11363636363636363,689
구로구,개봉3동,교육,20254,11530,11530760,59,65,0,1,6,0.0,0.01694915254237288,632
구로구,개봉3동,생활/홈인테리어,20254,11530,11530760,44,44,0,0,0,0.0,0.0,632
구로구,개봉3동,생활서비스,20254,11530,11530760,124,130,0,2,6,0.0,0.016129032258064516,632
구로구,개봉3동,숙박/부동산,20254,11530,11530760,32,32,0,0,0,0.0,0.0,632
구로구,개봉3동,식품/식재료,20254,11530,11530760,67,79,3,2,12,0.04477611940298507,0.029850746268656716,632
구로구,개봉3동,오락/여가,20254,11530,11530760,25,27,3,3,2,0.12,0.12,632
구로구,개봉3동,외식/F&B,20254,11530,11530760,163,206,5,10,43,0.03067484662576687,0.06134969325153374,632
구로구,개봉3동,의료/건강,20254,11530,11530760,31,32,0,0,1,0.0,0.0,632
구로구,개봉3동,자동차/이동수단,20254,11530,11530760,7,7,0,0,0,0.0,0.0,632
구로구,개봉3동,전문서비스,20254,11530,11530760,7,7,0,0,0,0.0,0.0,632
구로구,개봉3동,전자/디지털,20254,11530,11530760,32,32,0,1,0,0.0,0.03125,632
구로구,개봉3동,패션/뷰티,20254,11530,11530760,41,41,0,2,0,0.0,0.04878048780487805,632
구로구,고척1동,교육,20254,11530,11530720,99,106,0,1,7,0.0,0.010101010101010102,1160
구로구,고척1동,생활/홈인테리어,20254,11530,11530720,137,137,0,0,0,0.0,0.0,1160
구로구,고척1동,생활서비스,20254,11530,11530720,162,175,4,4,13,0.024691358024691357,0.024691358024691357,1160
구로구,고척1동,숙박/부동산,20254,11530,11530720,42,42,0,0,0,0.0,0.0,1160
구로구,고척1동,식품/식재료,20254,11530,11530720,96,119,3,0,23,0.03125,0.0,1160
구로구,고척1동,오락/여가,20254,11530,11530720,77,79,2,2,2,0.025974025974025976,0.025974025974025976,1160
구로구,고척1동,외식/F&B,20254,11530,11530720,229,337,8,13,108,0.034934497816593885,0.056768558951965066,1160
구로구,고척1동,의료/건강,20254,11530,11530720,72,73,0,0,1,0.0,0.0,1160
구로구,고척1동,자동차/이동수단,20254,11530,11530720,12,12,0,0,0,0.0,0.0,1160
구로구,고척1동,전문서비스,20254,11530,11530720,7,7,0,0,0,0.0,0.0,1160
구로구,고척1동,전자/디지털,20254,11530,11530720,76,76,1,2,0,0.013157894736842105,0.02631578947368421,1160
구로구,고척1동,패션/뷰티,20254,11530,11530720,151,157,4,3,6,0.026490066225165563,0.019867549668874173,1160
구로구,고척2동,교육,20254,11530,11530730,124,126,1,5,2,0.008064516129032258,0.04032258064516129,976
구로구,고척2동,생활/홈인테리어,20254,11530,11530730,55,55,2,0,0,0.03636363636363636,0.0,976
구로구,고척2동,생활서비스,20254,11530,11530730,166,176,3,4,10,0.018072289156626505,0.024096385542168676,976
구로구,고척2동,숙박/부동산,20254,11530,11530730,50,50,0,1,0,0.0,0.02,976
구로구,고척2동,식품/식재료,20254,11530,11530730,109,130,5,6,21,0.045871559633027525,0.05504587155963303,976
구로구,고척2동,오락/여가,20254,11530,11530730,39,43,0,0,4,0.0,0.0,976
구로구,고척2동,외식/F&B,20254,11530,11530730,207,253,9,8,46,0.043478260869565216,0.03864734299516908,976
구로구,고척2동,의료/건강,20254,11530,11530730,57,57,0,1,0,0.0,0.017543859649122806,976
구로구,고척2동,자동차/이동수단,20254,11530,11530730,17,17,0,0,0,0.0,0.0,976
구로구,고척2동,전문서비스,20254,11530,11530730,5,5,0,0,0,0.0,0.0,976
구로구,고척2동,전자/디지털,20254,11530,11530730,54,54,0,3,0,0.0,0.05555555555555555,976
구로구,고척2동,패션/뷰티,20254,11530,11530730,93,93,1,2,0,0.010752688172043012,0.021505376344086023,976
구로구,구로1동,교육,20254,11530,11530520,81,89,2,2,8,0.024691358024691357,0.024691358024691357,484
구로구,구로1동,생활/홈인테리어,20254,11530,11530520,30,30,0,1,0,0.0,0.03333333333333333,484
구로구,구로1동,생활서비스,20254,11530,11530520,77,84,0,2,7,0.0,0.025974025974025976,484
구로구,구로1동,숙박/부동산,20254,11530,11530520,37,37,0,1,0,0.0,0.02702702702702703,484
구로구,구로1동,식품/식재료,20254,11530,11530520,35,48,1,2,13,0.02857142857142857,0.05714285714285714,484
구로구,구로1동,오락/여가,20254,11530,11530520,16,16,1,0,0,0.0625,0.0,484
구로구,구로1동,외식/F&B,20254,11530,11530520,68,88,7,2,20,0.10294117647058823,0.029411764705882353,484
구로구,구로1동,의료/건강,20254,11530,11530520,34,35,0,0,1,0.0,0.0,484
구로구,구로1동,자동차/이동수단,20254,11530,11530520,4,4,0,0,0,0.0,0.0,484
구로구,구로1동,전문서비스,20254,11530,11530520,5,5,0,0,0,0.0,0.0,484
구로구,구로1동,전자/디지털,20254,11530,11530520,62,62,1,1,0,0.016129032258064516,0.016129032258064516,484
구로구,구로1동,패션/뷰티,20254,11530,11530520,35,35,0,0,0,0.0,0.0,484
구로구,구로2동,교육,20254,11530,11530530,43,43,0,1,0,0.0,0.023255813953488372,4669
구로구,구로2동,생활/홈인테리어,20254,11530,11530530,2804,2805,4,14,1,0.0014265335235378032,0.004992867332382311,4669
구로구,구로2동,생활서비스,20254,11530,11530530,262,269,6,4,7,0.022900763358778626,0.015267175572519083,4669
구로구,구로2동,숙박/부동산,20254,11530,11530530,140,140,0,1,0,0.0,0.007142857142857143,4669
구로구,구로2동,식품/식재료,20254,11530,11530530,211,242,5,6,31,0.023696682464454975,0.02843601895734597,4669
구로구,구로2동,오락/여가,20254,11530,11530530,70,70,1,5,0,0.014285714285714285,0.07142857142857142,4669
구로구,구로2동,외식/F&B,20254,11530,11530530,497,577,11,12,80,0.022132796780684104,0.02414486921529175,4669
구로구,구로2동,의료/건강,20254,11530,11530530,125,125,0,0,0,0.0,0.0,4669
구로구,구로2동,자동차/이동수단,20254,11530,11530530,63,63,0,1,0,0.0,0.015873015873015872,4669
구로구,구로2동,전문서비스,20254,11530,11530530,134,134,0,0,0,0.0,0.0,4669
구로구,구로2동,전자/디지털,20254,11530,11530530,176,176,0,1,0,0.0,0.005681818181818182,4669
구로구,구로2동,패션/뷰티,20254,11530,11530530,144,149,4,3,5,0.027777777777777776,0.020833333333333332,4669
구로구,구로3동,교육,20254,11530,11530540,138,146,5,6,8,0.036231884057971016,0.043478260869565216,3312
구로구,구로3동,생활/홈인테리어,20254,11530,11530540,236,236,1,5,0,0.00423728813559322,0.0211864406779661,3312
구로구,구로3동,생활서비스,20254,11530,11530540,326,349,8,11,23,0.024539877300613498,0.03374233128834356,3312
구로구,구로3동,숙박/부동산,20254,11530,11530540,303,303,1,4,0,0.0033003300330033004,0.013201320132013201,3312
구로구,구로3동,식품/식재료,20254,11530,11530540,190,266,3,13,76,0.015789473684210527,0.06842105263157895,3312
구로구,구로3동,오락/여가,20254,11530,11530540,106,108,4,7,2,0.03773584905660377,0.0660377358490566,3312
구로구,구로3동,외식/F&B,20254,11530,11530540,721,1013,37,45,292,0.05131761442441054,0.06241331484049931,3312
구로구,구로3동,의료/건강,20254,11530,11530540,210,213,1,2,3,0.004761904761904762,0.009523809523809525,3312
구로구,구로3동,자동차/이동수단,20254,11530,11530540,42,42,0,1,0,0.0,0.023809523809523808,3312
구로구,구로3동,전문서비스,20254,11530,11530540,188,188,0,4,0,0.0,0.02127659574468085,3312
구로구,구로3동,전자/디지털,20254,11530,11530540,444,444,1,7,0,0.0022522522522522522,0.015765765765765764,3312
구로구,구로3동,패션/뷰티,20254,11530,11530540,408,415,3,8,7,0.007352941176470588,0.0196078431372549,3312
구로구,구로4동,교육,20254,11530,11530550,56,59,1,2,3,0.017857142857142856,0.03571428571428571,1539
구로구,구로4동,생활/홈인테리어,20254,11530,11530550,54,54,0,1,0,0.0,0.018518518518518517,1539
구로구,구로4동,생활서비스,20254,11530,11530550,205,209,3,3,4,0.014634146341463415,0.014634146341463415,1539
구로구,구로4동,숙박/부동산,20254,11530,11530550,89,89,0,2,0,0.0,0.02247191011235955,1539
구로구,구로4동,식품/식재료,20254,11530,11530550,195,215,7,8,20,0.035897435897435895,0.041025641025641026,1539
구로구,구로4동,오락/여가,20254,11530,11530550,86,88,1,2,2,0.011627906976744186,0.023255813953488372,1539
구로구,구로4동,외식/F&B,20254,11530,11530550,421,476,17,18,55,0.040380047505938245,0.04275534441805225,1539
구로구,구로4동,의료/건강,20254,11530,11530550,103,104,0,0,1,0.0,0.0,1539
구로구,구로4동,자동차/이동수단,20254,11530,11530550,11,11,0,0,0,0.0,0.0,1539
구로구,구로4동,전문서비스,20254,11530,11530550,37,37,0,0,0,0.0,0.0,1539
구로구,구로4동,전자/디지털,20254,11530,11530550,99,99,1,0,0,0.010101010101010102,0.0,1539
구로구,구로4동,패션/뷰티,20254,11530,11530550,183,185,1,4,2,0.00546448087431694,0.02185792349726776,1539
구로구,구로5동,교육,20254,11530,11530560,117,122,4,3,5,0.03418803418803419,0.02564102564102564,2460
구로구,구로5동,생활/홈인테리어,20254,11530,11530560,174,174,0,2,0,0.0,0.011494252873563218,2460
구로구,구로5동,생활서비스,20254,11530,11530560,276,289,6,2,13,0.021739130434782608,0.007246376811594203,2460
구로구,구로5동,숙박/부동산,20254,11530,11530560,137,138,0,3,1,0.0,0.021897810218978103,2460
구로구,구로5동,식품/식재료,20254,11530,11530560,125,155,3,5,30,0.024,0.04,2460
구로구,구로5동,오락/여가,20254,11530,11530560,91,92,1,2,1,0.01098901098901099,0.02197802197802198,2460
구로구,구로5동,외식/F&B,20254,11530,11530560,499,664,16,26,165,0.03206412825651302,0.052104208416833664,2460
구로구,구로5동,의료/건강,20254,11530,11530560,102,103,1,0,1,0.00980392156862745,0.0,2460
구로구,구로5동,자동차/이동수단,20254,11530,11530560,17,17,0,1,0,0.0,0.058823529411764705,2460
구로구,구로5동,전문서비스,20254,11530,11530560,42,42,0,0,0,0.0,0.0,2460
구로구,구로5동,전자/디지털,20254,11530,11530560,404,406,4,8,2,0.009900990099009901,0.019801980198019802,2460
구로구,구로5동,패션/뷰티,20254,11530,11530560,476,492,2,5,16,0.004201680672268907,0.01050420168067227,2460
구로구,수궁동,교육,20254,11530,11530790,60,62,1,1,2,0.016666666666666666,0.016666666666666666,578
구로구,수궁동,생활/홈인테리어,20254,11530,11530790,40,40,2,2,0,0.05,0.05,578
구로구,수궁동,생활서비스,20254,11530,11530790,107,110,1,1,3,0.009345794392523364,0.009345794392523364,578
구로구,수궁동,숙박/부동산,20254,11530,11530790,38,38,0,4,0,0.0,0.10526315789473684,578
구로구,수궁동,식품/식재료,20254,11530,11530790,70,88,0,2,18,0.0,0.02857142857142857,578
구로구,수궁동,오락/여가,20254,11530,11530790,19,20,0,0,1,0.0,0.0,578
구로구,수궁동,외식/F&B,20254,11530,11530790,107,143,3,8,36,0.028037383177570093,0.07476635514018691,578
구로구,수궁동,의료/건강,20254,11530,11530790,22,24,0,0,2,0.0,0.0,578
구로구,수궁동,자동차/이동수단,20254,11530,11530790,13,13,0,0,0,0.0,0.0,578
구로구,수궁동,전문서비스,20254,11530,11530790,5,5,0,0,0,0.0,0.0,578
구로구,수궁동,전자/디지털,20254,11530,11530790,57,57,0,1,0,0.0,0.017543859649122806,578
구로구,수궁동,패션/뷰티,20254,11530,11530790,40,40,0,0,0,0.0,0.0,578
구로구,신도림동,교육,20254,11530,11530510,201,225,4,6,24,0.01990049751243781,0.029850746268656716,1586
구로구,신도림동,생활/홈인테리어,20254,11530,11530510,147,147,1,6,0,0.006802721088435374,0.04081632653061224,1586
구로구,신도림동,생활서비스,20254,11530,11530510,205,221,3,4,16,0.014634146341463415,0.01951219512195122,1586
구로구,신도림동,숙박/부동산,20254,11530,11530510,89,89,0,2,0,0.0,0.02247191011235955,1586
구로구,신도림동,식품/식재료,20254,11530,11530510,72,99,1,3,27,0.013888888888888888,0.041666666666666664,1586
구로구,신도림동,오락/여가,20254,11530,11530510,46,58,1,0,12,0.021739130434782608,0.0,1586
구로구,신도림동,외식/F&B,20254,11530,11530510,269,368,8,12,99,0.02973977695167286,0.04460966542750929,1586
구로구,신도림동,의료/건강,20254,11530,11530510,100,104,1,0,4,0.01,0.0,1586
구로구,신도림동,자동차/이동수단,20254,11530,11530510,13,13,0,0,0,0.0,0.0,1586
구로구,신도림동,전문서비스,20254,11530,11530510,42,42,0,0,0,0.0,0.0,1586
구로구,신도림동,전자/디지털,20254,11530,11530510,101,101,0,2,0,0.0,0.019801980198019802,1586
구로구,신도림동,패션/뷰티,20254,11530,11530510,301,323,2,18,22,0.006644518272425249,0.059800664451827246,1586
구로구,오류1동,교육,20254,11530,11530770,57,59,2,2,2,0.03508771929824561,0.03508771929824561,831
구로구,오류1동,생활/홈인테리어,20254,11530,11530770,33,33,0,0,0,0.0,0.0,831
구로구,오류1동,생활서비스,20254,11530,11530770,134,141,2,3,7,0.014925373134328358,0.022388059701492536,831
구로구,오류1동,숙박/부동산,20254,11530,11530770,91,91,1,1,0,0.01098901098901099,0.01098901098901099,831
구로구,오류1동,식품/식재료,20254,11530,11530770,82,102,3,5,20,0.036585365853658534,0.06097560975609756,831
구로구,오류1동,오락/여가,20254,11530,11530770,36,37,0,0,1,0.0,0.0,831
구로구,오류1동,외식/F&B,20254,11530,11530770,169,219,6,3,50,0.03550295857988166,0.01775147928994083,831
구로구,오류1동,의료/건강,20254,11530,11530770,73,74,0,0,1,0.0,0.0,831
구로구,오류1동,자동차/이동수단,20254,11530,11530770,8,8,0,0,0,0.0,0.0,831
구로구,오류1동,전문서비스,20254,11530,11530770,9,9,0,0,0,0.0,0.0,831
구로구,오류1동,전자/디지털,20254,11530,11530770,63,63,0,1,0,0.0,0.015873015873015872,831
구로구,오류1동,패션/뷰티,20254,11530,11530770,76,78,2,3,2,0.02631578947368421,0.039473684210526314,831
구로구,오류2동,교육,20254,11530,11530780,131,143,6,7,12,0.04580152671755725,0.05343511450381679,920
구로구,오류2동,생활/홈인테리어,20254,11530,11530780,44,44,0,0,0,0.0,0.0,920
구로구,오류2동,생활서비스,20254,11530,11530780,174,182,2,4,8,0.011494252873563218,0.022988505747126436,920
구로구,오류2동,숙박/부동산,20254,11530,11530780,53,53,0,0,0,0.0,0.0,920
구로구,오류2동,식품/식재료,20254,11530,11530780,119,146,1,2,27,0.008403361344537815,0.01680672268907563,920
구로구,오류2동,오락/여가,20254,11530,11530780,27,31,3,1,4,0.1111111111111111,0.037037037037037035,920
구로구,오류2동,외식/F&B,20254,11530,11530780,161,222,6,8,61,0.037267080745341616,0.049689440993788817,920
구로구,오류2동,의료/건강,20254,11530,11530780,48,50,1,0,2,0.020833333333333332,0.0,920
구로구,오류2동,자동차/이동수단,20254,11530,11530780,12,12,0,0,0,0.0,0.0,920
구로구,오류2동,전문서비스,20254,11530,11530780,4,4,0,0,0,0.0,0.0,920
구로구,오류2동,전자/디지털,20254,11530,11530780,88,88,0,2,0,0.0,0.022727272727272728,920
구로구,오류2동,패션/뷰티,20254,11530,11530780,59,62,1,2,3,0.01694915254237288,0.03389830508474576,920
구로구,항동,교육,20254,11530,11530800,85,96,2,2,11,0.023529411764705882,0.023529411764705882,352
구로구,항동,생활/홈인테리어,20254,11530,11530800,28,28,0,1,0,0.0,0.03571428571428571,352
구로구,항동,생활서비스,20254,11530,11530800,50,56,1,1,6,0.02,0.02,352
구로구,항동,숙박/부동산,20254,11530,11530800,29,29,0,0,0,0.0,0.0,352
구로구,항동,식품/식재료,20254,11530,11530800,26,37,0,1,11,0.0,0.038461538461538464,352
구로구,항동,오락/여가,20254,11530,11530800,10,12,0,0,2,0.0,0.0,352
구로구,항동,외식/F&B,20254,11530,11530800,50,82,3,4,32,0.06,0.08,352
구로구,항동,의료/건강,20254,11530,11530800,16,17,0,0,1,0.0,0.0,352
구로구,항동,자동차/이동수단,20254,11530,11530800,1,1,0,0,0,0.0,0.0,352
구로구,항동,전문서비스,20254,11530,11530800,6,6,0,0,0,0.0,0.0,352
구로구,항동,전자/디지털,20254,11530,11530800,40,40,0,0,0,0.0,0.0,352
구로구,항동,패션/뷰티,20254,11530,11530800,11,12,0,0,1,0.0,0.0,352
금천구,가산동,교육,20254,11545,11545510,147,155,6,3,8,0.04081632653061224,0.02040816326530612,7603
금천구,가산동,생활/홈인테리어,20254,11545,11545510,752,753,6,7,1,0.007978723404255319,0.009308510638297872,7603
금천구,가산동,생활서비스,20254,11545,11545510,608,632,4,13,24,0.006578947368421052,0.02138157894736842,7603
금천구,가산동,숙박/부동산,20254,11545,11545510,950,950,2,22,0,0.002105263157894737,0.023157894736842106,7603
금천구,가산동,식품/식재료,20254,11545,11545510,393,543,9,13,150,0.022900763358778626,0.03307888040712468,7603
금천구,가산동,오락/여가,20254,11545,11545510,110,118,4,5,8,0.03636363636363636,0.045454545454545456,7603
금천구,가산동,외식/F&B,20254,11545,11545510,1117,1575,58,60,458,0.051924798567591766,0.05371530886302596,7603
금천구,가산동,의료/건강,20254,11545,11545510,289,292,5,3,3,0.01730103806228374,0.010380622837370242,7603
금천구,가산동,자동차/이동수단,20254,11545,11545510,101,101,0,0,0,0.0,0.0,7603
금천구,가산동,전문서비스,20254,11545,11545510,419,419,3,6,0,0.007159904534606206,0.014319809069212411,7603
금천구,가산동,전자/디지털,20254,11545,11545510,1023,1024,10,17,1,0.009775171065493646,0.016617790811339198,7603
금천구,가산동,패션/뷰티,20254,11545,11545510,1694,1719,13,39,25,0.007674144037780401,0.023022432113341203,7603
금천구,독산1동,교육,20254,11545,11545610,140,156,4,4,16,0.02857142857142857,0.02857142857142857,2167
금천구,독산1동,생활/홈인테리어,20254,11545,11545610,104,104,0,1,0,0.0,0.009615384615384616,2167
금천구,독산1동,생활서비스,20254,11545,11545610,330,358,9,5,28,0.02727272727272727,0.015151515151515152,2167
금천구,독산1동,숙박/부동산,20254,11545,11545610,149,150,0,3,1,0.0,0.020134228187919462,2167
금천구,독산1동,식품/식재료,20254,11545,11545610,429,479,6,1,50,0.013986013986013986,0.002331002331002331,2167
금천구,독산1동,오락/여가,20254,11545,11545610,80,85,3,5,5,0.0375,0.0625,2167
금천구,독산1동,외식/F&B,20254,11545,11545610,411,560,14,22,149,0.0340632603406326,0.0535279805352798,2167
금천구,독산1동,의료/건강,20254,11545,11545610,99,102,1,1,3,0.010101010101010102,0.010101010101010102,2167
금천구,독산1동,자동차/이동수단,20254,11545,11545610,32,32,1,0,0,0.03125,0.0,2167
금천구,독산1동,전문서비스,20254,11545,11545610,52,52,0,1,0,0.0,0.019230769230769232,2167
금천구,독산1동,전자/디지털,20254,11545,11545610,150,150,0,6,0,0.0,0.04,2167
금천구,독산1동,패션/뷰티,20254,11545,11545610,191,205,8,9,14,0.041884816753926704,0.04712041884816754,2167
금천구,독산2동,교육,20254,11545,11545620,41,44,1,1,3,0.024390243902439025,0.024390243902439025,655
금천구,독산2동,생활/홈인테리어,20254,11545,11545620,33,33,0,0,0,0.0,0.0,655
금천구,독산2동,생활서비스,20254,11545,11545620,136,137,1,2,1,0.007352941176470588,0.014705882352941176,655
금천구,독산2동,숙박/부동산,20254,11545,11545620,31,31,0,0,0,0.0,0.0,655
금천구,독산2동,식품/식재료,20254,11545,11545620,78,93,0,0,15,0.0,0.0,655
금천구,독산2동,오락/여가,20254,11545,11545620,25,26,1,0,1,0.04,0.0,655
금천구,독산2동,외식/F&B,20254,11545,11545620,165,221,10,10,56,0.06060606060606061,0.06060606060606061,655
금천구,독산2동,의료/건강,20254,11545,11545620,40,41,0,0,1,0.0,0.0,655
금천구,독산2동,자동차/이동수단,20254,11545,11545620,12,12,0,0,0,0.0,0.0,655
금천구,독산2동,전문서비스,20254,11545,11545620,10,10,0,0,0,0.0,0.0,655
금천구,독산2동,전자/디지털,20254,11545,11545620,49,49,0,1,0,0.0,0.02040816326530612,655
금천구,독산2동,패션/뷰티,20254,11545,11545620,35,35,0,2,0,0.0,0.05714285714285714,655
금천구,독산3동,교육,20254,11545,11545630,40,47,0,0,7,0.0,0.0,1218
금천구,독산3동,생활/홈인테리어,20254,11545,11545630,68,68,2,0,0,0.029411764705882353,0.0,1218
금천구,독산3동,생활서비스,20254,11545,11545630,183,189,2,5,6,0.01092896174863388,0.0273224043715847,1218
금천구,독산3동,숙박/부동산,20254,11545,11545630,64,65,1,2,1,0.015625,0.03125,1218
금천구,독산3동,식품/식재료,20254,11545,11545630,152,177,3,8,25,0.019736842105263157,0.05263157894736842,1218
금천구,독산3동,오락/여가,20254,11545,11545630,65,68,2,2,3,0.03076923076923077,0.03076923076923077,1218
금천구,독산3동,외식/F&B,20254,11545,11545630,326,370,19,17,44,0.05828220858895705,0.05214723926380368,1218
금천구,독산3동,의료/건강,20254,11545,11545630,69,69,1,1,0,0.014492753623188406,0.014492753623188406,1218
금천구,독산3동,자동차/이동수단,20254,11545,11545630,11,11,0,0,0,0.0,0.0,1218
금천구,독산3동,전문서비스,20254,11545,11545630,64,64,0,0,0,0.0,0.0,1218
금천구,독산3동,전자/디지털,20254,11545,11545630,69,69,0,4,0,0.0,0.057971014492753624,1218
금천구,독산3동,패션/뷰티,20254,11545,11545630,107,110,3,5,3,0.028037383177570093,0.04672897196261682,1218
금천구,독산4동,교육,20254,11545,11545640,36,37,1,0,1,0.027777777777777776,0.0,599
금천구,독산4동,생활/홈인테리어,20254,11545,11545640,28,28,0,0,0,0.0,0.0,599
금천구,독산4동,생활서비스,20254,11545,11545640,97,100,4,1,3,0.041237113402061855,0.010309278350515464,599
금천구,독산4동,숙박/부동산,20254,11545,11545640,41,41,1,0,0,0.024390243902439025,0.0,599
금천구,독산4동,식품/식재료,20254,11545,11545640,57,69,0,1,12,0.0,0.017543859649122806,599
금천구,독산4동,오락/여가,20254,11545,11545640,47,48,0,3,1,0.0,0.06382978723404255,599
금천구,독산4동,외식/F&B,20254,11545,11545640,190,231,5,4,41,0.02631578947368421,0.021052631578947368,599
금천구,독산4동,의료/건강,20254,11545,11545640,23,24,1,1,1,0.043478260869565216,0.043478260869565216,599
금천구,독산4동,자동차/이동수단,20254,11545,11545640,10,10,0,0,0,0.0,0.0,599
금천구,독산4동,전문서비스,20254,11545,11545640,4,4,0,0,0,0.0,0.0,599
금천구,독산4동,전자/디지털,20254,11545,11545640,33,33,0,0,0,0.0,0.0,599
금천구,독산4동,패션/뷰티,20254,11545,11545640,33,33,1,0,0,0.030303030303030304,0.0,599
금천구,시흥1동,교육,20254,11545,11545670,126,133,4,4,7,0.031746031746031744,0.031746031746031744,2005
금천구,시흥1동,생활/홈인테리어,20254,11545,11545670,105,105,0,3,0,0.0,0.02857142857142857,2005
금천구,시흥1동,생활서비스,20254,11545,11545670,274,294,8,8,20,0.029197080291970802,0.029197080291970802,2005
금천구,시흥1동,숙박/부동산,20254,11545,11545670,123,123,1,5,0,0.008130081300813009,0.04065040650406504,2005
금천구,시흥1동,식품/식재료,20254,11545,11545670,215,256,7,3,41,0.03255813953488372,0.013953488372093023,2005
금천구,시흥1동,오락/여가,20254,11545,11545670,108,112,3,1,4,0.027777777777777776,0.009259259259259259,2005
금천구,시흥1동,외식/F&B,20254,11545,11545670,520,647,25,25,127,0.04807692307692308,0.04807692307692308,2005
금천구,시흥1동,의료/건강,20254,11545,11545670,157,159,1,0,2,0.006369426751592357,0.0,2005
금천구,시흥1동,자동차/이동수단,20254,11545,11545670,23,23,0,0,0,0.0,0.0,2005
금천구,시흥1동,전문서비스,20254,11545,11545670,23,23,0,0,0,0.0,0.0,2005
금천구,시흥1동,전자/디지털,20254,11545,11545670,91,94,0,2,3,0.0,0.02197802197802198,2005
금천구,시흥1동,패션/뷰티,20254,11545,11545670,240,248,6,2,8,0.025,0.008333333333333333,2005
금천구,시흥2동,교육,20254,11545,11545680,87,96,2,3,9,0.022988505747126436,0.034482758620689655,334
금천구,시흥2동,생활/홈인테리어,20254,11545,11545680,18,18,0,2,0,0.0,0.1111111111111111,334
금천구,시흥2동,생활서비스,20254,11545,11545680,50,54,1,0,4,0.02,0.0,334
금천구,시흥2동,숙박/부동산,20254,11545,11545680,30,30,0,1,0,0.0,0.03333333333333333,334
금천구,시흥2동,식품/식재료,20254,11545,11545680,33,38,0,1,5,0.0,0.030303030303030304,334
금천구,시흥2동,오락/여가,20254,11545,11545680,4,5,1,1,1,0.25,0.25,334
금천구,시흥2동,외식/F&B,20254,11545,11545680,26,41,2,2,15,0.07692307692307693,0.07692307692307693,334
금천구,시흥2동,의료/건강,20254,11545,11545680,19,21,1,1,2,0.05263157894736842,0.05263157894736842,334
금천구,시흥2동,자동차/이동수단,20254,11545,11545680,6,6,0,0,0,0.0,0.0,334
금천구,시흥2동,전문서비스,20254,11545,11545680,2,2,0,0,0,0.0,0.0,334
금천구,시흥2동,전자/디지털,20254,11545,11545680,34,34,0,1,0,0.0,0.029411764705882353,334
금천구,시흥2동,패션/뷰티,20254,11545,11545680,25,25,0,1,0,0.0,0.04,334
금천구,시흥3동,교육,20254,11545,11545690,28,29,1,0,1,0.03571428571428571,0.0,890
금천구,시흥3동,생활/홈인테리어,20254,11545,11545690,356,356,2,0,0,0.0056179775280898875,0.0,890
금천구,시흥3동,생활서비스,20254,11545,11545690,114,116,1,0,2,0.008771929824561403,0.0,890
금천구,시흥3동,숙박/부동산,20254,11545,11545690,24,24,0,0,0,0.0,0.0,890
금천구,시흥3동,식품/식재료,20254,11545,11545690,52,59,1,1,7,0.019230769230769232,0.019230769230769232,890
금천구,시흥3동,오락/여가,20254,11545,11545690,17,17,2,2,0,0.11764705882352941,0.11764705882352941,890
금천구,시흥3동,외식/F&B,20254,11545,11545690,100,126,1,5,26,0.01,0.05,890
금천구,시흥3동,의료/건강,20254,11545,11545690,29,29,0,0,0,0.0,0.0,890
금천구,시흥3동,자동차/이동수단,20254,11545,11545690,22,22,0,1,0,0.0,0.045454545454545456,890
금천구,시흥3동,전문서비스,20254,11545,11545690,37,37,0,0,0,0.0,0.0,890
금천구,시흥3동,전자/디지털,20254,11545,11545690,65,65,0,1,0,0.0,0.015384615384615385,890
금천구,시흥3동,패션/뷰티,20254,11545,11545690,46,46,2,2,0,0.043478260869565216,0.043478260869565216,890
금천구,시흥4동,교육,20254,11545,11545700,46,49,1,2,3,0.021739130434782608,0.043478260869565216,422
금천구,시흥4동,생활/홈인테리어,20254,11545,11545700,26,26,2,0,0,0.07692307692307693,0.0,422
금천구,시흥4동,생활서비스,20254,11545,11545700,91,95,1,1,4,0.01098901098901099,0.01098901098901099,422
금천구,시흥4동,숙박/부동산,20254,11545,11545700,21,21,0,0,0,0.0,0.0,422
금천구,시흥4동,식품/식재료,20254,11545,11545700,51,62,0,1,11,0.0,0.0196078431372549,422
금천구,시흥4동,오락/여가,20254,11545,11545700,15,15,0,0,0,0.0,0.0,422
금천구,시흥4동,외식/F&B,20254,11545,11545700,86,96,0,2,10,0.0,0.023255813953488372,422
금천구,시흥4동,의료/건강,20254,11545,11545700,28,28,1,1,0,0.03571428571428571,0.03571428571428571,422
금천구,시흥4동,자동차/이동수단,20254,11545,11545700,6,6,0,0,0,0.0,0.0,422
금천구,시흥4동,전자/디지털,20254,11545,11545700,28,28,0,1,0,0.0,0.03571428571428571,422
금천구,시흥4동,패션/뷰티,20254,11545,11545700,24,24,0,0,0,0.0,0.0,422
금천구,시흥5동,교육,20254,11545,11545710,53,58,1,0,5,0.018867924528301886,0.0,696
금천구,시흥5동,생활/홈인테리어,20254,11545,11545710,37,37,1,0,0,0.02702702702702703,0.0,696
금천구,시흥5동,생활서비스,20254,11545,11545710,138,142,6,3,4,0.043478260869565216,0.021739130434782608,696
금천구,시흥5동,숙박/부동산,20254,11545,11545710,35,35,0,0,0,0.0,0.0,696
금천구,시흥5동,식품/식재료,20254,11545,11545710,80,98,0,3,18,0.0,0.0375,696
금천구,시흥5동,오락/여가,20254,11545,11545710,43,44,0,0,1,0.0,0.0,696
금천구,시흥5동,외식/F&B,20254,11545,11545710,150,189,5,6,39,0.03333333333333333,0.04,696
금천구,시흥5동,의료/건강,20254,11545,11545710,59,62,0,0,3,0.0,0.0,696
금천구,시흥5동,자동차/이동수단,20254,11545,11545710,6,6,0,0,0,0.0,0.0,696
금천구,시흥5동,전자/디지털,20254,11545,11545710,41,41,0,1,0,0.0,0.024390243902439025,696
금천구,시흥5동,패션/뷰티,20254,11545,11545710,54,56,0,0,2,0.0,0.0,696
노원구,공릉1동,교육,20254,11350,11350595,128,140,5,3,12,0.0390625,0.0234375,1981
노원구,공릉1동,생활/홈인테리어,20254,11350,11350595,108,108,2,2,0,0.018518518518518517,0.018518518518518517,1981
노원구,공릉1동,생활서비스,20254,11350,11350595,327,346,5,4,19,0.01529051987767584,0.012232415902140673,1981
노원구,공릉1동,숙박/부동산,20254,11350,11350595,104,104,0,3,0,0.0,0.028846153846153848,1981
노원구,공릉1동,식품/식재료,20254,11350,11350595,147,189,3,5,42,0.02040816326530612,0.034013605442176874,1981
노원구,공릉1동,오락/여가,20254,11350,11350595,84,90,4,0,6,0.047619047619047616,0.0,1981
노원구,공릉1동,외식/F&B,20254,11350,11350595,549,685,26,15,136,0.04735883424408015,0.0273224043715847,1981
노원구,공릉1동,의료/건강,20254,11350,11350595,143,145,2,2,2,0.013986013986013986,0.013986013986013986,1981
노원구,공릉1동,자동차/이동수단,20254,11350,11350595,37,37,0,0,0,0.0,0.0,1981
노원구,공릉1동,전문서비스,20254,11350,11350595,55,55,0,0,0,0.0,0.0,1981
노원구,공릉1동,전자/디지털,20254,11350,11350595,131,131,0,2,0,0.0,0.015267175572519083,1981
노원구,공릉1동,패션/뷰티,20254,11350,11350595,168,176,2,3,8,0.011904761904761904,0.017857142857142856,1981
노원구,공릉2동,교육,20254,11350,11350600,204,216,4,0,12,0.0196078431372549,0.0,1243
노원구,공릉2동,생활/홈인테리어,20254,11350,11350600,48,48,3,1,0,0.0625,0.020833333333333332,1243
노원구,공릉2동,생활서비스,20254,11350,11350600,170,184,4,4,14,0.023529411764705882,0.023529411764705882,1243
노원구,공릉2동,숙박/부동산,20254,11350,11350600,82,82,0,0,0,0.0,0.0,1243
노원구,공릉2동,식품/식재료,20254,11350,11350600,93,128,5,5,35,0.053763440860215055,0.053763440860215055,1243
노원구,공릉2동,오락/여가,20254,11350,11350600,67,72,4,3,5,0.05970149253731343,0.04477611940298507,1243
노원구,공릉2동,외식/F&B,20254,11350,11350600,347,482,7,12,135,0.020172910662824207,0.0345821325648415,1243
노원구,공릉2동,의료/건강,20254,11350,11350600,68,71,0,2,3,0.0,0.029411764705882353,1243
노원구,공릉2동,자동차/이동수단,20254,11350,11350600,17,17,2,0,0,0.11764705882352941,0.0,1243
노원구,공릉2동,전문서비스,20254,11350,11350600,5,5,0,0,0,0.0,0.0,1243
노원구,공릉2동,전자/디지털,20254,11350,11350600,78,78,0,3,0,0.0,0.038461538461538464,1243
노원구,공릉2동,패션/뷰티,20254,11350,11350600,64,66,0,2,2,0.0,0.03125,1243
노원구,상계10동,교육,20254,11350,11350720,85,88,0,1,3,0.0,0.011764705882352941,336
노원구,상계10동,생활/홈인테리어,20254,11350,11350720,8,8,1,2,0,0.125,0.25,336
노원구,상계10동,생활서비스,20254,11350,11350720,76,82,1,1,6,0.013157894736842105,0.013157894736842105,336
노원구,상계10동,숙박/부동산,20254,11350,11350720,22,22,0,0,0,0.0,0.0,336
노원구,상계10동,식품/식재료,20254,11350,11350720,22,28,1,0,6,0.045454545454545456,0.0,336
노원구,상계10동,오락/여가,20254,11350,11350720,11,11,0,0,0,0.0,0.0,336
노원구,상계10동,외식/F&B,20254,11350,11350720,27,46,2,0,19,0.07407407407407407,0.0,336
노원구,상계10동,의료/건강,20254,11350,11350720,15,15,0,0,0,0.0,0.0,336
노원구,상계10동,자동차/이동수단,20254,11350,11350720,5,5,0,0,0,0.0,0.0,336
노원구,상계10동,전문서비스,20254,11350,11350720,9,9,0,0,0,0.0,0.0,336
노원구,상계10동,전자/디지털,20254,11350,11350720,29,29,0,1,0,0.0,0.034482758620689655,336
노원구,상계10동,패션/뷰티,20254,11350,11350720,27,28,0,0,1,0.0,0.0,336
노원구,상계1동,교육,20254,11350,11350630,145,153,2,5,8,0.013793103448275862,0.034482758620689655,1244
노원구,상계1동,생활/홈인테리어,20254,11350,11350630,65,65,2,0,0,0.03076923076923077,0.0,1244
노원구,상계1동,생활서비스,20254,11350,11350630,232,240,9,8,8,0.03879310344827586,0.034482758620689655,1244
노원구,상계1동,숙박/부동산,20254,11350,11350630,63,63,1,5,0,0.015873015873015872,0.07936507936507936,1244
노원구,상계1동,식품/식재료,20254,11350,11350630,108,142,2,5,34,0.018518518518518517,0.046296296296296294,1244
노원구,상계1동,오락/여가,20254,11350,11350630,82,85,3,3,3,0.036585365853658534,0.036585365853658534,1244
노원구,상계1동,외식/F&B,20254,11350,11350630,292,386,11,11,94,0.03767123287671233,0.03767123287671233,1244
노원구,상계1동,의료/건강,20254,11350,11350630,76,78,0,1,2,0.0,0.013157894736842105,1244
노원구,상계1동,자동차/이동수단,20254,11350,11350630,19,19,2,0,0,0.10526315789473684,0.0,1244
노원구,상계1동,전문서비스,20254,11350,11350630,11,11,0,0,0,0.0,0.0,1244
노원구,상계1동,전자/디지털,20254,11350,11350630,76,76,0,1,0,0.0,0.013157894736842105,1244
노원구,상계1동,패션/뷰티,20254,11350,11350630,75,81,4,3,6,0.05333333333333334,0.04,1244
노원구,상계2동,교육,20254,11350,11350640,160,165,4,5,5,0.025,0.03125,2321
노원구,상계2동,생활/홈인테리어,20254,11350,11350640,150,150,1,1,0,0.006666666666666667,0.006666666666666667,2321
노원구,상계2동,생활서비스,20254,11350,11350640,314,328,5,12,14,0.01592356687898089,0.03821656050955414,2321
노원구,상계2동,숙박/부동산,20254,11350,11350640,80,81,1,1,1,0.0125,0.0125,2321
노원구,상계2동,식품/식재료,20254,11350,11350640,122,146,5,3,24,0.040983606557377046,0.02459016393442623,2321
노원구,상계2동,오락/여가,20254,11350,11350640,112,130,4,8,18,0.03571428571428571,0.07142857142857142,2321
노원구,상계2동,외식/F&B,20254,11350,11350640,599,779,22,31,180,0.03672787979966611,0.05175292153589316,2321
노원구,상계2동,의료/건강,20254,11350,11350640,123,124,5,0,1,0.04065040650406504,0.0,2321
노원구,상계2동,자동차/이동수단,20254,11350,11350640,19,19,1,0,0,0.05263157894736842,0.0,2321
노원구,상계2동,전문서비스,20254,11350,11350640,13,13,0,0,0,0.0,0.0,2321
노원구,상계2동,전자/디지털,20254,11350,11350640,94,95,1,1,1,0.010638297872340425,0.010638297872340425,2321
노원구,상계2동,패션/뷰티,20254,11350,11350640,535,546,1,9,11,0.001869158878504673,0.016822429906542057,2321
노원구,상계3?4동,교육,20254,11350,11350665,64,67,1,4,3,0.015625,0.0625,812
노원구,상계3?4동,생활/홈인테리어,20254,11350,11350665,43,44,0,0,1,0.0,0.0,812
노원구,상계3?4동,생활서비스,20254,11350,11350665,129,134,1,1,5,0.007751937984496124,0.007751937984496124,812
노원구,상계3?4동,숙박/부동산,20254,11350,11350665,59,59,0,1,0,0.0,0.01694915254237288,812
노원구,상계3?4동,식품/식재료,20254,11350,11350665,96,110,4,5,14,0.041666666666666664,0.052083333333333336,812
노원구,상계3?4동,오락/여가,20254,11350,11350665,52,52,3,1,0,0.057692307692307696,0.019230769230769232,812
노원구,상계3?4동,외식/F&B,20254,11350,11350665,179,199,6,12,20,0.0335195530726257,0.0670391061452514,812
노원구,상계3?4동,의료/건강,20254,11350,11350665,52,54,0,1,2,0.0,0.019230769230769232,812
노원구,상계3?4동,자동차/이동수단,20254,11350,11350665,7,7,0,0,0,0.0,0.0,812
노원구,상계3?4동,전문서비스,20254,11350,11350665,3,3,0,0,0,0.0,0.0,812
노원구,상계3?4동,전자/디지털,20254,11350,11350665,57,57,0,4,0,0.0,0.07017543859649122,812
노원구,상계3?4동,패션/뷰티,20254,11350,11350665,71,72,1,3,1,0.014084507042253521,0.04225352112676056,812
노원구,상계5동,교육,20254,11350,11350670,112,114,3,8,2,0.026785714285714284,0.07142857142857142,1124
노원구,상계5동,생활/홈인테리어,20254,11350,11350670,77,77,2,3,0,0.025974025974025976,0.03896103896103896,1124
노원구,상계5동,생활서비스,20254,11350,11350670,227,232,3,4,5,0.013215859030837005,0.01762114537444934,1124
노원구,상계5동,숙박/부동산,20254,11350,11350670,71,71,0,2,0,0.0,0.028169014084507043,1124
노원구,상계5동,식품/식재료,20254,11350,11350670,93,110,2,1,17,0.021505376344086023,0.010752688172043012,1124
노원구,상계5동,오락/여가,20254,11350,11350670,46,46,0,1,0,0.0,0.021739130434782608,1124
노원구,상계5동,외식/F&B,20254,11350,11350670,252,302,12,19,50,0.047619047619047616,0.07539682539682539,1124
노원구,상계5동,의료/건강,20254,11350,11350670,60,60,0,0,0,0.0,0.0,1124
노원구,상계5동,자동차/이동수단,20254,11350,11350670,18,18,0,0,0,0.0,0.0,1124
노원구,상계5동,전문서비스,20254,11350,11350670,4,4,0,1,0,0.0,0.25,1124
노원구,상계5동,전자/디지털,20254,11350,11350670,68,68,3,1,0,0.04411764705882353,0.014705882352941176,1124
노원구,상계5동,패션/뷰티,20254,11350,11350670,96,97,4,2,1,0.041666666666666664,0.020833333333333332,1124
노원구,상계6?7동,교육,20254,11350,11350695,195,213,2,3,18,0.010256410256410256,0.015384615384615385,1395
노원구,상계6?7동,생활/홈인테리어,20254,11350,11350695,29,29,0,0,0,0.0,0.0,1395
노원구,상계6?7동,생활서비스,20254,11350,11350695,226,248,2,1,22,0.008849557522123894,0.004424778761061947,1395
노원구,상계6?7동,숙박/부동산,20254,11350,11350695,96,96,0,1,0,0.0,0.010416666666666666,1395
노원구,상계6?7동,식품/식재료,20254,11350,11350695,74,111,3,3,37,0.04054054054054054,0.04054054054054054,1395
노원구,상계6?7동,오락/여가,20254,11350,11350695,53,58,2,0,5,0.03773584905660377,0.0,1395
노원구,상계6?7동,외식/F&B,20254,11350,11350695,236,327,12,10,91,0.05084745762711865,0.0423728813559322,1395
노원구,상계6?7동,의료/건강,20254,11350,11350695,266,269,4,6,3,0.015037593984962405,0.022556390977443608,1395
노원구,상계6?7동,자동차/이동수단,20254,11350,11350695,4,4,0,0,0,0.0,0.0,1395
노원구,상계6?7동,전문서비스,20254,11350,11350695,22,22,0,0,0,0.0,0.0,1395
노원구,상계6?7동,전자/디지털,20254,11350,11350695,80,80,0,4,0,0.0,0.05,1395
노원구,상계6?7동,패션/뷰티,20254,11350,11350695,114,123,2,3,9,0.017543859649122806,0.02631578947368421,1395
노원구,상계8동,교육,20254,11350,11350700,87,94,5,3,7,0.05747126436781609,0.034482758620689655,359
노원구,상계8동,생활/홈인테리어,20254,11350,11350700,12,12,0,0,0,0.0,0.0,359
노원구,상계8동,생활서비스,20254,11350,11350700,61,65,0,0,4,0.0,0.0,359
노원구,상계8동,숙박/부동산,20254,11350,11350700,17,17,0,0,0,0.0,0.0,359
노원구,상계8동,식품/식재료,20254,11350,11350700,24,31,1,1,7,0.041666666666666664,0.041666666666666664,359
노원구,상계8동,오락/여가,20254,11350,11350700,13,16,0,1,3,0.0,0.07692307692307693,359
노원구,상계8동,외식/F&B,20254,11350,11350700,38,57,1,3,19,0.02631578947368421,0.07894736842105263,359
노원구,상계8동,의료/건강,20254,11350,11350700,40,40,0,0,0,0.0,0.0,359
노원구,상계8동,자동차/이동수단,20254,11350,11350700,3,3,0,0,0,0.0,0.0,359
노원구,상계8동,전문서비스,20254,11350,11350700,2,2,0,0,0,0.0,0.0,359
노원구,상계8동,전자/디지털,20254,11350,11350700,28,28,0,5,0,0.0,0.17857142857142858,359
노원구,상계8동,패션/뷰티,20254,11350,11350700,34,36,0,3,2,0.0,0.08823529411764706,359
노원구,상계9동,교육,20254,11350,11350710,101,109,1,0,8,0.009900990099009901,0.0,414
노원구,상계9동,생활/홈인테리어,20254,11350,11350710,11,11,0,0,0,0.0,0.0,414
노원구,상계9동,생활서비스,20254,11350,11350710,60,65,0,0,5,0.0,0.0,414
노원구,상계9동,숙박/부동산,20254,11350,11350710,29,29,0,0,0,0.0,0.0,414
노원구,상계9동,식품/식재료,20254,11350,11350710,37,49,0,1,12,0.0,0.02702702702702703,414
노원구,상계9동,오락/여가,20254,11350,11350710,5,6,0,2,1,0.0,0.4,414
노원구,상계9동,외식/F&B,20254,11350,11350710,49,64,1,1,15,0.02040816326530612,0.02040816326530612,414
노원구,상계9동,의료/건강,20254,11350,11350710,39,39,0,0,0,0.0,0.0,414
노원구,상계9동,전문서비스,20254,11350,11350710,5,5,0,0,0,0.0,0.0,414
노원구,상계9동,전자/디지털,20254,11350,11350710,33,33,0,0,0,0.0,0.0,414
노원구,상계9동,패션/뷰티,20254,11350,11350710,45,48,0,1,3,0.0,0.022222222222222223,414
노원구,월계1동,교육,20254,11350,11350560,75,79,1,1,4,0.013333333333333334,0.013333333333333334,875
노원구,월계1동,생활/홈인테리어,20254,11350,11350560,27,27,0,0,0,0.0,0.0,875
노원구,월계1동,생활서비스,20254,11350,11350560,142,147,1,2,5,0.007042253521126761,0.014084507042253521,875
노원구,월계1동,숙박/부동산,20254,11350,11350560,56,56,0,0,0,0.0,0.0,875
노원구,월계1동,식품/식재료,20254,11350,11350560,67,89,2,2,22,0.029850746268656716,0.029850746268656716,875
노원구,월계1동,오락/여가,20254,11350,11350560,70,73,2,3,3,0.02857142857142857,0.04285714285714286,875
노원구,월계1동,외식/F&B,20254,11350,11350560,243,340,5,11,97,0.0205761316872428,0.04526748971193416,875
노원구,월계1동,의료/건강,20254,11350,11350560,68,69,0,2,1,0.0,0.029411764705882353,875
노원구,월계1동,자동차/이동수단,20254,11350,11350560,13,13,1,2,0,0.07692307692307693,0.15384615384615385,875
노원구,월계1동,전문서비스,20254,11350,11350560,1,1,0,1,0,0.0,1.0,875
노원구,월계1동,전자/디지털,20254,11350,11350560,54,54,0,4,0,0.0,0.07407407407407407,875
노원구,월계1동,패션/뷰티,20254,11350,11350560,59,65,2,2,6,0.03389830508474576,0.03389830508474576,875
노원구,월계2동,교육,20254,11350,11350570,62,63,1,3,1,0.016129032258064516,0.04838709677419355,440
노원구,월계2동,생활/홈인테리어,20254,11350,11350570,24,24,0,1,0,0.0,0.041666666666666664,440
노원구,월계2동,생활서비스,20254,11350,11350570,86,90,0,2,4,0.0,0.023255813953488372,440
노원구,월계2동,숙박/부동산,20254,11350,11350570,24,24,0,0,0,0.0,0.0,440
노원구,월계2동,식품/식재료,20254,11350,11350570,50,68,1,4,18,0.02,0.08,440
노원구,월계2동,오락/여가,20254,11350,11350570,9,10,0,0,1,0.0,0.0,440
노원구,월계2동,외식/F&B,20254,11350,11350570,71,98,2,5,27,0.028169014084507043,0.07042253521126761,440
노원구,월계2동,의료/건강,20254,11350,11350570,29,29,1,0,0,0.034482758620689655,0.0,440
노원구,월계2동,자동차/이동수단,20254,11350,11350570,3,3,0,0,0,0.0,0.0,440
노원구,월계2동,전문서비스,20254,11350,11350570,1,1,0,0,0,0.0,0.0,440
노원구,월계2동,전자/디지털,20254,11350,11350570,47,47,0,1,0,0.0,0.02127659574468085,440
노원구,월계2동,패션/뷰티,20254,11350,11350570,34,34,2,1,0,0.058823529411764705,0.029411764705882353,440
노원구,월계3동,교육,20254,11350,11350580,80,89,0,0,9,0.0,0.0,556
노원구,월계3동,생활/홈인테리어,20254,11350,11350580,25,25,1,0,0,0.04,0.0,556
노원구,월계3동,생활서비스,20254,11350,11350580,86,95,0,2,9,0.0,0.023255813953488372,556
노원구,월계3동,숙박/부동산,20254,11350,11350580,44,44,0,1,0,0.0,0.022727272727272728,556
노원구,월계3동,식품/식재료,20254,11350,11350580,43,58,1,1,15,0.023255813953488372,0.023255813953488372,556
노원구,월계3동,오락/여가,20254,11350,11350580,18,19,1,2,1,0.05555555555555555,0.1111111111111111,556
노원구,월계3동,외식/F&B,20254,11350,11350580,86,125,2,3,39,0.023255813953488372,0.03488372093023256,556
노원구,월계3동,의료/건강,20254,11350,11350580,31,31,0,0,0,0.0,0.0,556
노원구,월계3동,자동차/이동수단,20254,11350,11350580,6,6,1,0,0,0.16666666666666666,0.0,556
노원구,월계3동,전문서비스,20254,11350,11350580,4,4,0,0,0,0.0,0.0,556
노원구,월계3동,전자/디지털,20254,11350,11350580,60,60,0,2,0,0.0,0.03333333333333333,556
노원구,월계3동,패션/뷰티,20254,11350,11350580,73,80,0,2,7,0.0,0.0273972602739726,556
노원구,중계1동,교육,20254,11350,11350621,354,381,12,8,27,0.03389830508474576,0.022598870056497175,808
노원구,중계1동,생활/홈인테리어,20254,11350,11350621,27,27,1,0,0,0.037037037037037035,0.0,808
노원구,중계1동,생활서비스,20254,11350,11350621,89,103,0,2,14,0.0,0.02247191011235955,808
노원구,중계1동,숙박/부동산,20254,11350,11350621,45,45,1,1,0,0.022222222222222223,0.022222222222222223,808
노원구,중계1동,식품/식재료,20254,11350,11350621,37,56,1,2,19,0.02702702702702703,0.05405405405405406,808
노원구,중계1동,오락/여가,20254,11350,11350621,35,39,1,1,4,0.02857142857142857,0.02857142857142857,808
노원구,중계1동,외식/F&B,20254,11350,11350621,78,151,3,2,73,0.038461538461538464,0.02564102564102564,808
노원구,중계1동,의료/건강,20254,11350,11350621,52,53,3,5,1,0.057692307692307696,0.09615384615384616,808
노원구,중계1동,자동차/이동수단,20254,11350,11350621,4,4,0,0,0,0.0,0.0,808
노원구,중계1동,전문서비스,20254,11350,11350621,3,3,0,0,0,0.0,0.0,808
노원구,중계1동,전자/디지털,20254,11350,11350621,35,35,0,0,0,0.0,0.0,808
노원구,중계1동,패션/뷰티,20254,11350,11350621,49,57,0,2,8,0.0,0.04081632653061224,808
노원구,중계2?3동,교육,20254,11350,11350625,117,127,4,5,10,0.03418803418803419,0.042735042735042736,986
노원구,중계2?3동,생활/홈인테리어,20254,11350,11350625,76,76,1,0,0,0.013157894736842105,0.0,986
노원구,중계2?3동,생활서비스,20254,11350,11350625,130,141,1,1,11,0.007692307692307693,0.007692307692307693,986
노원구,중계2?3동,숙박/부동산,20254,11350,11350625,31,31,0,0,0,0.0,0.0,986
노원구,중계2?3동,식품/식재료,20254,11350,11350625,50,67,0,1,17,0.0,0.02,986
노원구,중계2?3동,오락/여가,20254,11350,11350625,27,30,1,0,3,0.037037037037037035,0.0,986
노원구,중계2?3동,외식/F&B,20254,11350,11350625,100,160,2,8,60,0.02,0.08,986
노원구,중계2?3동,의료/건강,20254,11350,11350625,68,70,0,0,2,0.0,0.0,986
노원구,중계2?3동,자동차/이동수단,20254,11350,11350625,2,2,0,0,0,0.0,0.0,986
노원구,중계2?3동,전문서비스,20254,11350,11350625,1,1,0,0,0,0.0,0.0,986
노원구,중계2?3동,전자/디지털,20254,11350,11350625,73,73,0,2,0,0.0,0.0273972602739726,986
노원구,중계2?3동,패션/뷰티,20254,11350,11350625,311,323,1,12,12,0.003215434083601286,0.03858520900321544,986
노원구,중계4동,교육,20254,11350,11350624,101,109,3,0,8,0.0297029702970297,0.0,766
노원구,중계4동,생활/홈인테리어,20254,11350,11350624,23,23,1,0,0,0.043478260869565216,0.0,766
노원구,중계4동,생활서비스,20254,11350,11350624,112,119,4,1,7,0.03571428571428571,0.008928571428571428,766
노원구,중계4동,숙박/부동산,20254,11350,11350624,32,32,0,0,0,0.0,0.0,766
노원구,중계4동,식품/식재료,20254,11350,11350624,45,57,4,0,12,0.08888888888888889,0.0,766
노원구,중계4동,오락/여가,20254,11350,11350624,68,73,3,0,5,0.04411764705882353,0.0,766
노원구,중계4동,외식/F&B,20254,11350,11350624,205,262,4,8,57,0.01951219512195122,0.03902439024390244,766
노원구,중계4동,의료/건강,20254,11350,11350624,63,63,2,1,0,0.031746031746031744,0.015873015873015872,766
노원구,중계4동,자동차/이동수단,20254,11350,11350624,1,1,0,0,0,0.0,0.0,766
노원구,중계4동,전자/디지털,20254,11350,11350624,39,39,0,0,0,0.0,0.0,766
노원구,중계4동,패션/뷰티,20254,11350,11350624,77,81,0,1,4,0.0,0.012987012987012988,766
노원구,중계본동,교육,20254,11350,11350619,473,494,10,9,21,0.021141649048625793,0.019027484143763214,1060
노원구,중계본동,생활/홈인테리어,20254,11350,11350619,32,32,0,1,0,0.0,0.03125,1060
노원구,중계본동,생활서비스,20254,11350,11350619,103,109,1,0,6,0.009708737864077669,0.0,1060
노원구,중계본동,숙박/부동산,20254,11350,11350619,38,38,0,1,0,0.0,0.02631578947368421,1060
노원구,중계본동,식품/식재료,20254,11350,11350619,55,72,5,1,17,0.09090909090909091,0.01818181818181818,1060
노원구,중계본동,오락/여가,20254,11350,11350619,54,61,1,2,7,0.018518518518518517,0.037037037037037035,1060
노원구,중계본동,외식/F&B,20254,11350,11350619,153,206,7,4,53,0.0457516339869281,0.026143790849673203,1060
노원구,중계본동,의료/건강,20254,11350,11350619,52,52,0,1,0,0.0,0.019230769230769232,1060
노원구,중계본동,자동차/이동수단,20254,11350,11350619,5,5,0,0,0,0.0,0.0,1060
노원구,중계본동,전문서비스,20254,11350,11350619,6,6,0,0,0,0.0,0.0,1060
노원구,중계본동,전자/디지털,20254,11350,11350619,46,46,0,0,0,0.0,0.0,1060
노원구,중계본동,패션/뷰티,20254,11350,11350619,43,43,0,1,0,0.0,0.023255813953488372,1060
노원구,하계1동,교육,20254,11350,11350611,92,98,1,3,6,0.010869565217391304,0.03260869565217391,678
노원구,하계1동,생활/홈인테리어,20254,11350,11350611,38,38,0,0,0,0.0,0.0,678
노원구,하계1동,생활서비스,20254,11350,11350611,93,103,1,3,10,0.010752688172043012,0.03225806451612903,678
노원구,하계1동,숙박/부동산,20254,11350,11350611,35,35,0,0,0,0.0,0.0,678
노원구,하계1동,식품/식재료,20254,11350,11350611,45,63,0,1,18,0.0,0.022222222222222223,678
노원구,하계1동,오락/여가,20254,11350,11350611,22,24,0,1,2,0.0,0.045454545454545456,678
노원구,하계1동,외식/F&B,20254,11350,11350611,140,197,3,3,57,0.02142857142857143,0.02142857142857143,678
노원구,하계1동,의료/건강,20254,11350,11350611,37,37,0,0,0,0.0,0.0,678
노원구,하계1동,자동차/이동수단,20254,11350,11350611,8,8,1,0,0,0.125,0.0,678
노원구,하계1동,전문서비스,20254,11350,11350611,4,4,0,0,0,0.0,0.0,678
노원구,하계1동,전자/디지털,20254,11350,11350611,37,38,0,1,1,0.0,0.02702702702702703,678
노원구,하계1동,패션/뷰티,20254,11350,11350611,127,132,0,6,5,0.0,0.047244094488188976,678
노원구,하계2동,교육,20254,11350,11350612,63,70,0,0,7,0.0,0.0,265
노원구,하계2동,생활/홈인테리어,20254,11350,11350612,12,12,0,0,0,0.0,0.0,265
노원구,하계2동,생활서비스,20254,11350,11350612,43,48,0,0,5,0.0,0.0,265
노원구,하계2동,숙박/부동산,20254,11350,11350612,21,21,0,0,0,0.0,0.0,265
노원구,하계2동,식품/식재료,20254,11350,11350612,22,32,1,0,10,0.045454545454545456,0.0,265
노원구,하계2동,오락/여가,20254,11350,11350612,3,3,0,0,0,0.0,0.0,265
노원구,하계2동,외식/F&B,20254,11350,11350612,27,34,1,3,7,0.037037037037037035,0.1111111111111111,265
노원구,하계2동,의료/건강,20254,11350,11350612,12,12,0,0,0,0.0,0.0,265
노원구,하계2동,자동차/이동수단,20254,11350,11350612,4,4,0,0,0,0.0,0.0,265
노원구,하계2동,전문서비스,20254,11350,11350612,2,2,0,0,0,0.0,0.0,265
노원구,하계2동,전자/디지털,20254,11350,11350612,36,36,0,0,0,0.0,0.0,265
노원구,하계2동,패션/뷰티,20254,11350,11350612,20,20,2,0,0,0.1,0.0,265
도봉구,도봉1동,교육,20254,11320,11320521,36,36,0,1,0,0.0,0.027777777777777776,925
도봉구,도봉1동,생활/홈인테리어,20254,11320,11320521,43,43,1,2,0,0.023255813953488372,0.046511627906976744,925
도봉구,도봉1동,생활서비스,20254,11320,11320521,134,139,1,0,5,0.007462686567164179,0.0,925
도봉구,도봉1동,숙박/부동산,20254,11320,11320521,50,50,0,0,0,0.0,0.0,925
도봉구,도봉1동,식품/식재료,20254,11320,11320521,102,123,1,0,21,0.00980392156862745,0.0,925
도봉구,도봉1동,오락/여가,20254,11320,11320521,53,58,1,1,5,0.018867924528301886,0.018867924528301886,925
도봉구,도봉1동,외식/F&B,20254,11320,11320521,329,386,14,11,57,0.0425531914893617,0.03343465045592705,925
도봉구,도봉1동,의료/건강,20254,11320,11320521,41,42,0,0,1,0.0,0.0,925
도봉구,도봉1동,자동차/이동수단,20254,11320,11320521,15,15,0,1,0,0.0,0.06666666666666667,925
도봉구,도봉1동,전문서비스,20254,11320,11320521,7,7,0,0,0,0.0,0.0,925
도봉구,도봉1동,전자/디지털,20254,11320,11320521,48,49,0,2,1,0.0,0.041666666666666664,925
도봉구,도봉1동,패션/뷰티,20254,11320,11320521,67,72,0,0,5,0.0,0.0,925
도봉구,도봉2동,교육,20254,11320,11320522,59,65,1,0,6,0.01694915254237288,0.0,853
도봉구,도봉2동,생활/홈인테리어,20254,11320,11320522,46,46,0,1,0,0.0,0.021739130434782608,853
도봉구,도봉2동,생활서비스,20254,11320,11320522,133,140,2,2,7,0.015037593984962405,0.015037593984962405,853
도봉구,도봉2동,숙박/부동산,20254,11320,11320522,59,59,0,0,0,0.0,0.0,853
도봉구,도봉2동,식품/식재료,20254,11320,11320522,60,77,0,3,17,0.0,0.05,853
도봉구,도봉2동,오락/여가,20254,11320,11320522,26,28,0,0,2,0.0,0.0,853
도봉구,도봉2동,외식/F&B,20254,11320,11320522,177,208,7,2,31,0.03954802259887006,0.011299435028248588,853
도봉구,도봉2동,의료/건강,20254,11320,11320522,41,41,0,0,0,0.0,0.0,853
도봉구,도봉2동,자동차/이동수단,20254,11320,11320522,11,11,0,0,0,0.0,0.0,853
도봉구,도봉2동,전문서비스,20254,11320,11320522,124,124,0,4,0,0.0,0.03225806451612903,853
도봉구,도봉2동,전자/디지털,20254,11320,11320522,58,58,0,2,0,0.0,0.034482758620689655,853
도봉구,도봉2동,패션/뷰티,20254,11320,11320522,59,59,0,0,0,0.0,0.0,853
도봉구,방학1동,교육,20254,11320,11320690,128,135,3,3,7,0.0234375,0.0234375,1545
도봉구,방학1동,생활/홈인테리어,20254,11320,11320690,72,72,2,0,0,0.027777777777777776,0.0,1545
도봉구,방학1동,생활서비스,20254,11320,11320690,239,257,3,5,18,0.012552301255230125,0.02092050209205021,1545
도봉구,방학1동,숙박/부동산,20254,11320,11320690,90,90,0,4,0,0.0,0.044444444444444446,1545
도봉구,방학1동,식품/식재료,20254,11320,11320690,104,138,9,5,34,0.08653846153846154,0.04807692307692308,1545
도봉구,방학1동,오락/여가,20254,11320,11320690,107,110,5,3,3,0.04672897196261682,0.028037383177570093,1545
도봉구,방학1동,외식/F&B,20254,11320,11320690,389,507,15,24,118,0.038560411311053984,0.061696658097686374,1545
도봉구,방학1동,의료/건강,20254,11320,11320690,107,109,1,1,2,0.009345794392523364,0.009345794392523364,1545
도봉구,방학1동,자동차/이동수단,20254,11320,11320690,32,32,0,1,0,0.0,0.03125,1545
도봉구,방학1동,전문서비스,20254,11320,11320690,9,9,0,0,0,0.0,0.0,1545
도봉구,방학1동,전자/디지털,20254,11320,11320690,91,92,0,7,1,0.0,0.07692307692307693,1545
도봉구,방학1동,패션/뷰티,20254,11320,11320690,177,189,6,4,12,0.03389830508474576,0.022598870056497175,1545
도봉구,방학2동,교육,20254,11320,11320700,40,40,1,2,0,0.025,0.05,678
도봉구,방학2동,생활/홈인테리어,20254,11320,11320700,41,41,0,0,0,0.0,0.0,678
도봉구,방학2동,생활서비스,20254,11320,11320700,121,123,1,3,2,0.008264462809917356,0.024793388429752067,678
도봉구,방학2동,숙박/부동산,20254,11320,11320700,29,29,0,1,0,0.0,0.034482758620689655,678
도봉구,방학2동,식품/식재료,20254,11320,11320700,129,149,2,7,20,0.015503875968992248,0.05426356589147287,678
도봉구,방학2동,오락/여가,20254,11320,11320700,20,20,0,1,0,0.0,0.05,678
도봉구,방학2동,외식/F&B,20254,11320,11320700,143,164,5,7,21,0.03496503496503497,0.04895104895104895,678
도봉구,방학2동,의료/건강,20254,11320,11320700,36,37,0,0,1,0.0,0.0,678
도봉구,방학2동,자동차/이동수단,20254,11320,11320700,7,7,0,0,0,0.0,0.0,678
도봉구,방학2동,전자/디지털,20254,11320,11320700,46,46,0,1,0,0.0,0.021739130434782608,678
도봉구,방학2동,패션/뷰티,20254,11320,11320700,66,67,1,6,1,0.015151515151515152,0.09090909090909091,678
도봉구,방학3동,교육,20254,11320,11320710,97,107,0,1,10,0.0,0.010309278350515464,472
도봉구,방학3동,생활/홈인테리어,20254,11320,11320710,22,22,1,1,0,0.045454545454545456,0.045454545454545456,472
도봉구,방학3동,생활서비스,20254,11320,11320710,71,75,0,3,4,0.0,0.04225352112676056,472
도봉구,방학3동,숙박/부동산,20254,11320,11320710,31,31,0,0,0,0.0,0.0,472
도봉구,방학3동,식품/식재료,20254,11320,11320710,38,52,3,1,14,0.07894736842105263,0.02631578947368421,472
도봉구,방학3동,오락/여가,20254,11320,11320710,17,18,1,0,1,0.058823529411764705,0.0,472
도봉구,방학3동,외식/F&B,20254,11320,11320710,85,105,3,2,20,0.03529411764705882,0.023529411764705882,472
도봉구,방학3동,의료/건강,20254,11320,11320710,33,34,0,1,1,0.0,0.030303030303030304,472
도봉구,방학3동,자동차/이동수단,20254,11320,11320710,0,1,0,0,1,0.0,0.0,472
도봉구,방학3동,전문서비스,20254,11320,11320710,1,1,0,0,0,0.0,0.0,472
도봉구,방학3동,전자/디지털,20254,11320,11320710,48,48,0,1,0,0.0,0.020833333333333332,472
도봉구,방학3동,패션/뷰티,20254,11320,11320710,29,30,2,0,1,0.06896551724137931,0.0,472
도봉구,쌍문1동,교육,20254,11320,11320660,60,63,0,0,3,0.0,0.0,490
도봉구,쌍문1동,생활/홈인테리어,20254,11320,11320660,23,23,1,0,0,0.043478260869565216,0.0,490
도봉구,쌍문1동,생활서비스,20254,11320,11320660,78,83,1,1,5,0.01282051282051282,0.01282051282051282,490
도봉구,쌍문1동,숙박/부동산,20254,11320,11320660,28,28,0,1,0,0.0,0.03571428571428571,490
도봉구,쌍문1동,식품/식재료,20254,11320,11320660,65,86,0,0,21,0.0,0.0,490
도봉구,쌍문1동,오락/여가,20254,11320,11320660,20,20,0,1,0,0.0,0.05,490
도봉구,쌍문1동,외식/F&B,20254,11320,11320660,116,137,1,4,21,0.008620689655172414,0.034482758620689655,490
도봉구,쌍문1동,의료/건강,20254,11320,11320660,19,20,0,0,1,0.0,0.0,490
도봉구,쌍문1동,자동차/이동수단,20254,11320,11320660,7,7,0,0,0,0.0,0.0,490
도봉구,쌍문1동,전문서비스,20254,11320,11320660,1,1,0,0,0,0.0,0.0,490
도봉구,쌍문1동,전자/디지털,20254,11320,11320660,34,34,0,0,0,0.0,0.0,490
도봉구,쌍문1동,패션/뷰티,20254,11320,11320660,39,41,1,2,2,0.02564102564102564,0.05128205128205128,490
도봉구,쌍문2동,교육,20254,11320,11320670,107,112,5,2,5,0.04672897196261682,0.018691588785046728,839
도봉구,쌍문2동,생활/홈인테리어,20254,11320,11320670,41,41,2,1,0,0.04878048780487805,0.024390243902439025,839
도봉구,쌍문2동,생활서비스,20254,11320,11320670,146,154,2,4,8,0.0136986301369863,0.0273972602739726,839
도봉구,쌍문2동,숙박/부동산,20254,11320,11320670,29,29,0,1,0,0.0,0.034482758620689655,839
도봉구,쌍문2동,식품/식재료,20254,11320,11320670,65,85,1,2,20,0.015384615384615385,0.03076923076923077,839
도봉구,쌍문2동,오락/여가,20254,11320,11320670,40,41,1,1,1,0.025,0.025,839
도봉구,쌍문2동,외식/F&B,20254,11320,11320670,204,256,7,8,52,0.03431372549019608,0.0392156862745098,839
도봉구,쌍문2동,의료/건강,20254,11320,11320670,59,59,0,0,0,0.0,0.0,839
도봉구,쌍문2동,자동차/이동수단,20254,11320,11320670,9,9,0,0,0,0.0,0.0,839
도봉구,쌍문2동,전문서비스,20254,11320,11320670,6,6,0,0,0,0.0,0.0,839
도봉구,쌍문2동,전자/디지털,20254,11320,11320670,54,54,0,2,0,0.0,0.037037037037037035,839
도봉구,쌍문2동,패션/뷰티,20254,11320,11320670,79,82,0,1,3,0.0,0.012658227848101266,839
도봉구,쌍문3동,교육,20254,11320,11320680,40,44,0,1,4,0.0,0.025,663
도봉구,쌍문3동,생활/홈인테리어,20254,11320,11320680,37,38,0,0,1,0.0,0.0,663
도봉구,쌍문3동,생활서비스,20254,11320,11320680,142,148,1,5,6,0.007042253521126761,0.035211267605633804,663
도봉구,쌍문3동,숙박/부동산,20254,11320,11320680,47,48,0,1,1,0.0,0.02127659574468085,663
도봉구,쌍문3동,식품/식재료,20254,11320,11320680,72,85,0,2,13,0.0,0.027777777777777776,663
도봉구,쌍문3동,오락/여가,20254,11320,11320680,19,19,0,0,0,0.0,0.0,663
도봉구,쌍문3동,외식/F&B,20254,11320,11320680,150,191,6,8,41,0.04,0.05333333333333334,663
도봉구,쌍문3동,의료/건강,20254,11320,11320680,43,46,1,0,3,0.023255813953488372,0.0,663
도봉구,쌍문3동,자동차/이동수단,20254,11320,11320680,10,10,0,0,0,0.0,0.0,663
도봉구,쌍문3동,전문서비스,20254,11320,11320680,3,3,0,0,0,0.0,0.0,663
도봉구,쌍문3동,전자/디지털,20254,11320,11320680,42,42,1,0,0,0.023809523809523808,0.0,663
도봉구,쌍문3동,패션/뷰티,20254,11320,11320680,58,60,1,3,2,0.017241379310344827,0.05172413793103448,663
도봉구,쌍문4동,교육,20254,11320,11320681,134,145,3,4,11,0.022388059701492536,0.029850746268656716,392
도봉구,쌍문4동,생활/홈인테리어,20254,11320,11320681,12,12,1,0,0,0.08333333333333333,0.0,392
도봉구,쌍문4동,생활서비스,20254,11320,11320681,70,74,1,0,4,0.014285714285714285,0.0,392
도봉구,쌍문4동,숙박/부동산,20254,11320,11320681,20,20,0,1,0,0.0,0.05,392
도봉구,쌍문4동,식품/식재료,20254,11320,11320681,23,36,0,0,13,0.0,0.0,392
도봉구,쌍문4동,오락/여가,20254,11320,11320681,13,14,0,1,1,0.0,0.07692307692307693,392
도봉구,쌍문4동,외식/F&B,20254,11320,11320681,37,55,2,0,18,0.05405405405405406,0.0,392
도봉구,쌍문4동,의료/건강,20254,11320,11320681,21,21,0,0,0,0.0,0.0,392
도봉구,쌍문4동,자동차/이동수단,20254,11320,11320681,1,1,0,0,0,0.0,0.0,392
도봉구,쌍문4동,전자/디지털,20254,11320,11320681,29,29,0,1,0,0.0,0.034482758620689655,392
도봉구,쌍문4동,패션/뷰티,20254,11320,11320681,32,32,0,0,0,0.0,0.0,392
도봉구,창1동,교육,20254,11320,11320511,70,74,0,1,4,0.0,0.014285714285714285,681
도봉구,창1동,생활/홈인테리어,20254,11320,11320511,29,29,0,1,0,0.0,0.034482758620689655,681
도봉구,창1동,생활서비스,20254,11320,11320511,147,151,3,5,4,0.02040816326530612,0.034013605442176874,681
도봉구,창1동,숙박/부동산,20254,11320,11320511,46,46,0,1,0,0.0,0.021739130434782608,681
도봉구,창1동,식품/식재료,20254,11320,11320511,51,71,2,0,20,0.0392156862745098,0.0,681
도봉구,창1동,오락/여가,20254,11320,11320511,31,32,1,0,1,0.03225806451612903,0.0,681
도봉구,창1동,외식/F&B,20254,11320,11320511,161,199,6,11,38,0.037267080745341616,0.06832298136645963,681
도봉구,창1동,의료/건강,20254,11320,11320511,47,48,2,2,1,0.0425531914893617,0.0425531914893617,681
도봉구,창1동,자동차/이동수단,20254,11320,11320511,5,5,0,1,0,0.0,0.2,681
도봉구,창1동,전문서비스,20254,11320,11320511,6,6,0,0,0,0.0,0.0,681
도봉구,창1동,전자/디지털,20254,11320,11320511,42,42,0,1,0,0.0,0.023809523809523808,681
도봉구,창1동,패션/뷰티,20254,11320,11320511,46,50,0,1,4,0.0,0.021739130434782608,681
도봉구,창2동,교육,20254,11320,11320512,78,85,0,5,7,0.0,0.0641025641025641,815
도봉구,창2동,생활/홈인테리어,20254,11320,11320512,53,53,1,1,0,0.018867924528301886,0.018867924528301886,815
도봉구,창2동,생활서비스,20254,11320,11320512,161,172,1,5,11,0.006211180124223602,0.031055900621118012,815
도봉구,창2동,숙박/부동산,20254,11320,11320512,44,44,0,2,0,0.0,0.045454545454545456,815
도봉구,창2동,식품/식재료,20254,11320,11320512,106,122,4,4,16,0.03773584905660377,0.03773584905660377,815
도봉구,창2동,오락/여가,20254,11320,11320512,31,31,1,1,0,0.03225806451612903,0.03225806451612903,815
도봉구,창2동,외식/F&B,20254,11320,11320512,161,183,5,12,22,0.031055900621118012,0.07453416149068323,815
도봉구,창2동,의료/건강,20254,11320,11320512,30,32,0,2,2,0.0,0.06666666666666667,815
도봉구,창2동,자동차/이동수단,20254,11320,11320512,13,13,2,0,0,0.15384615384615385,0.0,815
도봉구,창2동,전문서비스,20254,11320,11320512,2,2,0,0,0,0.0,0.0,815
도봉구,창2동,전자/디지털,20254,11320,11320512,59,59,0,1,0,0.0,0.01694915254237288,815
도봉구,창2동,패션/뷰티,20254,11320,11320512,77,79,3,0,2,0.03896103896103896,0.0,815
도봉구,창3동,교육,20254,11320,11320513,19,19,0,1,0,0.0,0.05263157894736842,548
도봉구,창3동,생활/홈인테리어,20254,11320,11320513,37,37,0,0,0,0.0,0.0,548
도봉구,창3동,생활서비스,20254,11320,11320513,101,103,1,3,2,0.009900990099009901,0.0297029702970297,548
도봉구,창3동,숙박/부동산,20254,11320,11320513,28,28,0,0,0,0.0,0.0,548
도봉구,창3동,식품/식재료,20254,11320,11320513,78,87,1,1,9,0.01282051282051282,0.01282051282051282,548
도봉구,창3동,오락/여가,20254,11320,11320513,22,22,2,2,0,0.09090909090909091,0.09090909090909091,548
도봉구,창3동,외식/F&B,20254,11320,11320513,152,182,3,11,30,0.019736842105263157,0.07236842105263158,548
도봉구,창3동,의료/건강,20254,11320,11320513,32,34,0,0,2,0.0,0.0,548
도봉구,창3동,자동차/이동수단,20254,11320,11320513,4,4,0,0,0,0.0,0.0,548
도봉구,창3동,전자/디지털,20254,11320,11320513,27,27,0,0,0,0.0,0.0,548
도봉구,창3동,패션/뷰티,20254,11320,11320513,48,51,2,0,3,0.041666666666666664,0.0,548
도봉구,창4동,교육,20254,11320,11320514,111,122,2,2,11,0.018018018018018018,0.018018018018018018,913
도봉구,창4동,생활/홈인테리어,20254,11320,11320514,43,43,1,1,0,0.023255813953488372,0.023255813953488372,913
도봉구,창4동,생활서비스,20254,11320,11320514,112,119,2,3,7,0.017857142857142856,0.026785714285714284,913
도봉구,창4동,숙박/부동산,20254,11320,11320514,60,60,0,1,0,0.0,0.016666666666666666,913
도봉구,창4동,식품/식재료,20254,11320,11320514,68,89,0,1,21,0.0,0.014705882352941176,913
도봉구,창4동,오락/여가,20254,11320,11320514,38,41,1,1,3,0.02631578947368421,0.02631578947368421,913
도봉구,창4동,외식/F&B,20254,11320,11320514,171,238,11,6,67,0.06432748538011696,0.03508771929824561,913
도봉구,창4동,의료/건강,20254,11320,11320514,59,62,3,1,3,0.05084745762711865,0.01694915254237288,913
도봉구,창4동,자동차/이동수단,20254,11320,11320514,10,10,1,0,0,0.1,0.0,913
도봉구,창4동,전문서비스,20254,11320,11320514,63,63,0,0,0,0.0,0.0,913
도봉구,창4동,전자/디지털,20254,11320,11320514,67,67,1,2,0,0.014925373134328358,0.029850746268656716,913
도봉구,창4동,패션/뷰티,20254,11320,11320514,111,112,0,1,1,0.0,0.009009009009009009,913
도봉구,창5동,교육,20254,11320,11320515,154,165,0,5,11,0.0,0.032467532467532464,1845
도봉구,창5동,생활/홈인테리어,20254,11320,11320515,37,37,2,1,0,0.05405405405405406,0.02702702702702703,1845
도봉구,창5동,생활서비스,20254,11320,11320515,158,173,2,3,15,0.012658227848101266,0.0189873417721519,1845
도봉구,창5동,숙박/부동산,20254,11320,11320515,64,64,0,2,0,0.0,0.03125,1845
도봉구,창5동,식품/식재료,20254,11320,11320515,82,108,5,3,26,0.06097560975609756,0.036585365853658534,1845
도봉구,창5동,오락/여가,20254,11320,11320515,52,60,0,3,8,0.0,0.057692307692307696,1845
도봉구,창5동,외식/F&B,20254,11320,11320515,219,294,11,14,75,0.0502283105022831,0.0639269406392694,1845
도봉구,창5동,의료/건강,20254,11320,11320515,69,72,0,1,3,0.0,0.014492753623188406,1845
도봉구,창5동,자동차/이동수단,20254,11320,11320515,12,12,0,0,0,0.0,0.0,1845
도봉구,창5동,전문서비스,20254,11320,11320515,10,10,0,0,0,0.0,0.0,1845
도봉구,창5동,전자/디지털,20254,11320,11320515,74,74,0,1,0,0.0,0.013513513513513514,1845
도봉구,창5동,패션/뷰티,20254,11320,11320515,914,919,16,4,5,0.0175054704595186,0.00437636761487965,1845
동대문구,답십리1동,교육,20254,11230,11230600,133,151,5,3,18,0.03759398496240601,0.022556390977443608,1049
동대문구,답십리1동,생활/홈인테리어,20254,11230,11230600,98,98,2,2,0,0.02040816326530612,0.02040816326530612,1049
동대문구,답십리1동,생활서비스,20254,11230,11230600,177,187,1,2,10,0.005649717514124294,0.011299435028248588,1049
동대문구,답십리1동,숙박/부동산,20254,11230,11230600,101,101,0,0,0,0.0,0.0,1049
동대문구,답십리1동,식품/식재료,20254,11230,11230600,63,86,3,8,23,0.047619047619047616,0.12698412698412698,1049
동대문구,답십리1동,오락/여가,20254,11230,11230600,35,38,1,3,3,0.02857142857142857,0.08571428571428572,1049
동대문구,답십리1동,외식/F&B,20254,11230,11230600,179,238,12,14,59,0.0670391061452514,0.0782122905027933,1049
동대문구,답십리1동,의료/건강,20254,11230,11230600,77,78,0,0,1,0.0,0.0,1049
동대문구,답십리1동,자동차/이동수단,20254,11230,11230600,12,12,0,0,0,0.0,0.0,1049
동대문구,답십리1동,전문서비스,20254,11230,11230600,12,12,0,0,0,0.0,0.0,1049
동대문구,답십리1동,전자/디지털,20254,11230,11230600,76,76,0,3,0,0.0,0.039473684210526314,1049
동대문구,답십리1동,패션/뷰티,20254,11230,11230600,86,89,5,0,3,0.05813953488372093,0.0,1049
동대문구,답십리2동,교육,20254,11230,11230610,73,76,3,1,3,0.0410958904109589,0.0136986301369863,1551
동대문구,답십리2동,생활/홈인테리어,20254,11230,11230610,64,64,1,0,0,0.015625,0.0,1551
동대문구,답십리2동,생활서비스,20254,11230,11230610,205,212,6,1,7,0.02926829268292683,0.004878048780487805,1551
동대문구,답십리2동,숙박/부동산,20254,11230,11230610,83,83,0,2,0,0.0,0.024096385542168676,1551
동대문구,답십리2동,식품/식재료,20254,11230,11230610,121,141,3,1,20,0.024793388429752067,0.008264462809917356,1551
동대문구,답십리2동,오락/여가,20254,11230,11230610,53,60,1,2,7,0.018867924528301886,0.03773584905660377,1551
동대문구,답십리2동,외식/F&B,20254,11230,11230610,193,226,4,7,33,0.02072538860103627,0.03626943005181347,1551
동대문구,답십리2동,의료/건강,20254,11230,11230610,92,94,2,0,2,0.021739130434782608,0.0,1551
동대문구,답십리2동,자동차/이동수단,20254,11230,11230610,501,501,2,4,0,0.003992015968063872,0.007984031936127744,1551
동대문구,답십리2동,전문서비스,20254,11230,11230610,4,4,0,0,0,0.0,0.0,1551
동대문구,답십리2동,전자/디지털,20254,11230,11230610,68,68,0,0,0,0.0,0.0,1551
동대문구,답십리2동,패션/뷰티,20254,11230,11230610,94,97,1,3,3,0.010638297872340425,0.031914893617021274,1551
동대문구,용신동,교육,20254,11230,11230536,100,103,0,0,3,0.0,0.0,2506
동대문구,용신동,생활/홈인테리어,20254,11230,11230536,127,127,3,0,0,0.023622047244094488,0.0,2506
동대문구,용신동,생활서비스,20254,11230,11230536,290,308,5,3,18,0.017241379310344827,0.010344827586206896,2506
동대문구,용신동,숙박/부동산,20254,11230,11230536,227,227,0,7,0,0.0,0.030837004405286344,2506
동대문구,용신동,식품/식재료,20254,11230,11230536,302,352,11,2,50,0.03642384105960265,0.006622516556291391,2506
동대문구,용신동,오락/여가,20254,11230,11230536,81,83,6,1,2,0.07407407407407407,0.012345679012345678,2506
동대문구,용신동,외식/F&B,20254,11230,11230536,563,685,16,30,122,0.028419182948490232,0.05328596802841918,2506
동대문구,용신동,의료/건강,20254,11230,11230536,149,149,1,1,0,0.006711409395973154,0.006711409395973154,2506
동대문구,용신동,자동차/이동수단,20254,11230,11230536,25,25,0,0,0,0.0,0.0,2506
동대문구,용신동,전문서비스,20254,11230,11230536,62,62,0,0,0,0.0,0.0,2506
동대문구,용신동,전자/디지털,20254,11230,11230536,228,228,1,5,0,0.0043859649122807015,0.021929824561403508,2506
동대문구,용신동,패션/뷰티,20254,11230,11230536,352,356,6,8,4,0.017045454545454544,0.022727272727272728,2506
동대문구,이문1동,교육,20254,11230,11230740,70,76,2,0,6,0.02857142857142857,0.0,869
동대문구,이문1동,생활/홈인테리어,20254,11230,11230740,31,31,1,0,0,0.03225806451612903,0.0,869
동대문구,이문1동,생활서비스,20254,11230,11230740,127,136,5,3,9,0.03937007874015748,0.023622047244094488,869
동대문구,이문1동,숙박/부동산,20254,11230,11230740,89,89,1,0,0,0.011235955056179775,0.0,869
동대문구,이문1동,식품/식재료,20254,11230,11230740,55,91,2,3,36,0.03636363636363636,0.05454545454545454,869
동대문구,이문1동,오락/여가,20254,11230,11230740,38,42,0,1,4,0.0,0.02631578947368421,869
동대문구,이문1동,외식/F&B,20254,11230,11230740,293,373,8,4,80,0.027303754266211604,0.013651877133105802,869
동대문구,이문1동,의료/건강,20254,11230,11230740,79,80,2,0,1,0.02531645569620253,0.0,869
동대문구,이문1동,자동차/이동수단,20254,11230,11230740,7,7,0,0,0,0.0,0.0,869
동대문구,이문1동,전문서비스,20254,11230,11230740,3,3,0,0,0,0.0,0.0,869
동대문구,이문1동,전자/디지털,20254,11230,11230740,34,34,0,1,0,0.0,0.029411764705882353,869
동대문구,이문1동,패션/뷰티,20254,11230,11230740,43,47,2,1,4,0.046511627906976744,0.023255813953488372,869
동대문구,이문2동,교육,20254,11230,11230750,74,83,4,0,9,0.05405405405405406,0.0,432
동대문구,이문2동,생활/홈인테리어,20254,11230,11230750,19,19,0,0,0,0.0,0.0,432
동대문구,이문2동,생활서비스,20254,11230,11230750,71,72,1,0,1,0.014084507042253521,0.0,432
동대문구,이문2동,숙박/부동산,20254,11230,11230750,49,49,0,1,0,0.0,0.02040816326530612,432
동대문구,이문2동,식품/식재료,20254,11230,11230750,36,44,1,0,8,0.027777777777777776,0.0,432
동대문구,이문2동,오락/여가,20254,11230,11230750,11,11,0,0,0,0.0,0.0,432
동대문구,이문2동,외식/F&B,20254,11230,11230750,84,102,2,5,18,0.023809523809523808,0.05952380952380952,432
동대문구,이문2동,의료/건강,20254,11230,11230750,23,24,0,1,1,0.0,0.043478260869565216,432
동대문구,이문2동,자동차/이동수단,20254,11230,11230750,3,3,0,0,0,0.0,0.0,432
동대문구,이문2동,전문서비스,20254,11230,11230750,1,1,0,0,0,0.0,0.0,432
동대문구,이문2동,전자/디지털,20254,11230,11230750,34,34,0,1,0,0.0,0.029411764705882353,432
동대문구,이문2동,패션/뷰티,20254,11230,11230750,27,27,1,0,0,0.037037037037037035,0.0,432
동대문구,장안1동,교육,20254,11230,11230650,104,118,4,2,14,0.038461538461538464,0.019230769230769232,2503
동대문구,장안1동,생활/홈인테리어,20254,11230,11230650,118,119,1,2,1,0.00847457627118644,0.01694915254237288,2503
동대문구,장안1동,생활서비스,20254,11230,11230650,464,481,8,6,17,0.017241379310344827,0.01293103448275862,2503
동대문구,장안1동,숙박/부동산,20254,11230,11230650,133,133,0,1,0,0.0,0.007518796992481203,2503
동대문구,장안1동,식품/식재료,20254,11230,11230650,183,233,2,2,50,0.01092896174863388,0.01092896174863388,2503
동대문구,장안1동,오락/여가,20254,11230,11230650,78,81,4,2,3,0.05128205128205128,0.02564102564102564,2503
동대문구,장안1동,외식/F&B,20254,11230,11230650,539,663,24,30,124,0.04452690166975881,0.055658627087198514,2503
동대문구,장안1동,의료/건강,20254,11230,11230650,222,225,3,3,3,0.013513513513513514,0.013513513513513514,2503
동대문구,장안1동,자동차/이동수단,20254,11230,11230650,194,194,0,2,0,0.0,0.010309278350515464,2503
동대문구,장안1동,전문서비스,20254,11230,11230650,20,20,0,0,0,0.0,0.0,2503
동대문구,장안1동,전자/디지털,20254,11230,11230650,166,166,1,2,0,0.006024096385542169,0.012048192771084338,2503
동대문구,장안1동,패션/뷰티,20254,11230,11230650,282,285,1,5,3,0.0035460992907801418,0.01773049645390071,2503
동대문구,장안2동,교육,20254,11230,11230660,231,259,9,2,28,0.03896103896103896,0.008658008658008658,1892
동대문구,장안2동,생활/홈인테리어,20254,11230,11230660,105,105,0,0,0,0.0,0.0,1892
동대문구,장안2동,생활서비스,20254,11230,11230660,274,287,1,9,13,0.0036496350364963502,0.032846715328467155,1892
동대문구,장안2동,숙박/부동산,20254,11230,11230660,104,104,2,4,0,0.019230769230769232,0.038461538461538464,1892
동대문구,장안2동,식품/식재료,20254,11230,11230660,169,216,3,4,47,0.01775147928994083,0.023668639053254437,1892
동대문구,장안2동,오락/여가,20254,11230,11230660,87,99,3,2,12,0.034482758620689655,0.022988505747126436,1892
동대문구,장안2동,외식/F&B,20254,11230,11230660,423,546,17,22,123,0.04018912529550828,0.05200945626477541,1892
동대문구,장안2동,의료/건강,20254,11230,11230660,149,151,2,0,2,0.013422818791946308,0.0,1892
동대문구,장안2동,자동차/이동수단,20254,11230,11230660,32,32,0,0,0,0.0,0.0,1892
동대문구,장안2동,전문서비스,20254,11230,11230660,9,9,0,0,0,0.0,0.0,1892
동대문구,장안2동,전자/디지털,20254,11230,11230660,88,90,0,3,2,0.0,0.03409090909090909,1892
동대문구,장안2동,패션/뷰티,20254,11230,11230660,221,225,1,1,4,0.004524886877828055,0.004524886877828055,1892
동대문구,전농1동,교육,20254,11230,11230560,121,130,1,1,9,0.008264462809917356,0.008264462809917356,1870
동대문구,전농1동,생활/홈인테리어,20254,11230,11230560,78,78,1,0,0,0.01282051282051282,0.0,1870
동대문구,전농1동,생활서비스,20254,11230,11230560,245,270,6,4,25,0.024489795918367346,0.0163265306122449,1870
동대문구,전농1동,숙박/부동산,20254,11230,11230560,145,145,0,3,0,0.0,0.020689655172413793,1870
동대문구,전농1동,식품/식재료,20254,11230,11230560,138,181,6,0,43,0.043478260869565216,0.0,1870
동대문구,전농1동,오락/여가,20254,11230,11230560,52,58,4,2,6,0.07692307692307693,0.038461538461538464,1870
동대문구,전농1동,외식/F&B,20254,11230,11230560,427,544,18,8,117,0.04215456674473068,0.01873536299765808,1870
동대문구,전농1동,의료/건강,20254,11230,11230560,93,95,0,2,2,0.0,0.021505376344086023,1870
동대문구,전농1동,자동차/이동수단,20254,11230,11230560,23,23,0,0,0,0.0,0.0,1870
동대문구,전농1동,전문서비스,20254,11230,11230560,19,19,1,0,0,0.05263157894736842,0.0,1870
동대문구,전농1동,전자/디지털,20254,11230,11230560,93,93,0,3,0,0.0,0.03225806451612903,1870
동대문구,전농1동,패션/뷰티,20254,11230,11230560,436,445,2,7,9,0.0045871559633027525,0.016055045871559634,1870
동대문구,전농2동,교육,20254,11230,11230570,90,98,0,0,8,0.0,0.0,569
동대문구,전농2동,생활/홈인테리어,20254,11230,11230570,30,30,1,1,0,0.03333333333333333,0.03333333333333333,569
동대문구,전농2동,생활서비스,20254,11230,11230570,91,100,2,3,9,0.02197802197802198,0.03296703296703297,569
동대문구,전농2동,숙박/부동산,20254,11230,11230570,31,31,0,2,0,0.0,0.06451612903225806,569
동대문구,전농2동,식품/식재료,20254,11230,11230570,38,52,3,2,14,0.07894736842105263,0.05263157894736842,569
동대문구,전농2동,오락/여가,20254,11230,11230570,24,27,1,1,3,0.041666666666666664,0.041666666666666664,569
동대문구,전농2동,외식/F&B,20254,11230,11230570,115,149,6,6,34,0.05217391304347826,0.05217391304347826,569
동대문구,전농2동,의료/건강,20254,11230,11230570,57,59,1,0,2,0.017543859649122806,0.0,569
동대문구,전농2동,자동차/이동수단,20254,11230,11230570,7,7,0,0,0,0.0,0.0,569
동대문구,전농2동,전문서비스,20254,11230,11230570,1,1,0,0,0,0.0,0.0,569
동대문구,전농2동,전자/디지털,20254,11230,11230570,48,48,0,1,0,0.0,0.020833333333333332,569
동대문구,전농2동,패션/뷰티,20254,11230,11230570,37,38,0,2,1,0.0,0.05405405405405406,569
동대문구,제기동,교육,20254,11230,11230545,72,74,3,3,2,0.041666666666666664,0.041666666666666664,3007
동대문구,제기동,생활/홈인테리어,20254,11230,11230545,80,80,1,0,0,0.0125,0.0,3007
동대문구,제기동,생활서비스,20254,11230,11230545,153,156,1,3,3,0.006535947712418301,0.0196078431372549,3007
동대문구,제기동,숙박/부동산,20254,11230,11230545,106,107,1,3,1,0.009433962264150943,0.02830188679245283,3007
동대문구,제기동,식품/식재료,20254,11230,11230545,1325,1355,18,23,30,0.013584905660377358,0.017358490566037735,3007
동대문구,제기동,오락/여가,20254,11230,11230545,32,33,0,2,1,0.0,0.0625,3007
동대문구,제기동,외식/F&B,20254,11230,11230545,558,588,24,23,30,0.043010752688172046,0.04121863799283154,3007
동대문구,제기동,의료/건강,20254,11230,11230545,252,253,5,5,1,0.01984126984126984,0.01984126984126984,3007
동대문구,제기동,자동차/이동수단,20254,11230,11230545,19,19,2,1,0,0.10526315789473684,0.05263157894736842,3007
동대문구,제기동,전문서비스,20254,11230,11230545,18,18,0,0,0,0.0,0.0,3007
동대문구,제기동,전자/디지털,20254,11230,11230545,92,92,0,6,0,0.0,0.06521739130434782,3007
동대문구,제기동,패션/뷰티,20254,11230,11230545,300,300,11,9,0,0.03666666666666667,0.03,3007
동대문구,청량리동,교육,20254,11230,11230705,33,35,0,0,2,0.0,0.0,1076
동대문구,청량리동,생활/홈인테리어,20254,11230,11230705,32,32,0,0,0,0.0,0.0,1076
동대문구,청량리동,생활서비스,20254,11230,11230705,130,137,1,4,7,0.007692307692307693,0.03076923076923077,1076
동대문구,청량리동,숙박/부동산,20254,11230,11230705,83,83,0,0,0,0.0,0.0,1076
동대문구,청량리동,식품/식재료,20254,11230,11230705,136,147,3,1,11,0.022058823529411766,0.007352941176470588,1076
동대문구,청량리동,오락/여가,20254,11230,11230705,40,40,1,0,0,0.025,0.0,1076
동대문구,청량리동,외식/F&B,20254,11230,11230705,285,327,15,8,42,0.05263157894736842,0.028070175438596492,1076
동대문구,청량리동,의료/건강,20254,11230,11230705,93,94,1,2,1,0.010752688172043012,0.021505376344086023,1076
동대문구,청량리동,자동차/이동수단,20254,11230,11230705,20,20,0,0,0,0.0,0.0,1076
동대문구,청량리동,전문서비스,20254,11230,11230705,71,71,1,0,0,0.014084507042253521,0.0,1076
동대문구,청량리동,전자/디지털,20254,11230,11230705,66,66,0,1,0,0.0,0.015151515151515152,1076
동대문구,청량리동,패션/뷰티,20254,11230,11230705,87,88,0,3,1,0.0,0.034482758620689655,1076
동대문구,회기동,교육,20254,11230,11230710,34,35,0,1,1,0.0,0.029411764705882353,890
동대문구,회기동,생활/홈인테리어,20254,11230,11230710,22,22,1,0,0,0.045454545454545456,0.0,890
동대문구,회기동,생활서비스,20254,11230,11230710,116,121,3,2,5,0.02586206896551724,0.017241379310344827,890
동대문구,회기동,숙박/부동산,20254,11230,11230710,47,47,1,2,0,0.02127659574468085,0.0425531914893617,890
동대문구,회기동,식품/식재료,20254,11230,11230710,35,54,2,3,19,0.05714285714285714,0.08571428571428572,890
동대문구,회기동,오락/여가,20254,11230,11230710,53,59,2,2,6,0.03773584905660377,0.03773584905660377,890
동대문구,회기동,외식/F&B,20254,11230,11230710,445,533,16,25,88,0.035955056179775284,0.056179775280898875,890
동대문구,회기동,의료/건강,20254,11230,11230710,36,37,0,0,1,0.0,0.0,890
동대문구,회기동,전문서비스,20254,11230,11230710,2,2,0,0,0,0.0,0.0,890
동대문구,회기동,전자/디지털,20254,11230,11230710,41,41,0,2,0,0.0,0.04878048780487805,890
동대문구,회기동,패션/뷰티,20254,11230,11230710,59,65,0,0,6,0.0,0.0,890
동대문구,휘경1동,교육,20254,11230,11230720,49,52,0,0,3,0.0,0.0,639
동대문구,휘경1동,생활/홈인테리어,20254,11230,11230720,31,31,1,3,0,0.03225806451612903,0.0967741935483871,639
동대문구,휘경1동,생활서비스,20254,11230,11230720,98,101,2,1,3,0.02040816326530612,0.01020408163265306,639
동대문구,휘경1동,숙박/부동산,20254,11230,11230720,78,79,0,3,1,0.0,0.038461538461538464,639
동대문구,휘경1동,식품/식재료,20254,11230,11230720,56,77,5,3,21,0.08928571428571429,0.05357142857142857,639
동대문구,휘경1동,오락/여가,20254,11230,11230720,25,26,0,0,1,0.0,0.0,639
동대문구,휘경1동,외식/F&B,20254,11230,11230720,146,193,3,6,47,0.02054794520547945,0.0410958904109589,639
동대문구,휘경1동,의료/건강,20254,11230,11230720,40,40,0,1,0,0.0,0.025,639
동대문구,휘경1동,자동차/이동수단,20254,11230,11230720,1,1,0,0,0,0.0,0.0,639
동대문구,휘경1동,전문서비스,20254,11230,11230720,4,4,0,0,0,0.0,0.0,639
동대문구,휘경1동,전자/디지털,20254,11230,11230720,61,61,0,1,0,0.0,0.01639344262295082,639
동대문구,휘경1동,패션/뷰티,20254,11230,11230720,50,54,0,1,4,0.0,0.02,639
동대문구,휘경2동,교육,20254,11230,11230730,62,66,1,2,4,0.016129032258064516,0.03225806451612903,539
동대문구,휘경2동,생활/홈인테리어,20254,11230,11230730,21,21,1,0,0,0.047619047619047616,0.0,539
동대문구,휘경2동,생활서비스,20254,11230,11230730,97,101,4,1,4,0.041237113402061855,0.010309278350515464,539
동대문구,휘경2동,숙박/부동산,20254,11230,11230730,52,52,0,0,0,0.0,0.0,539
동대문구,휘경2동,식품/식재료,20254,11230,11230730,36,60,3,0,24,0.08333333333333333,0.0,539
동대문구,휘경2동,오락/여가,20254,11230,11230730,19,20,1,2,1,0.05263157894736842,0.10526315789473684,539
동대문구,휘경2동,외식/F&B,20254,11230,11230730,142,173,3,4,31,0.02112676056338028,0.028169014084507043,539
동대문구,휘경2동,의료/건강,20254,11230,11230730,27,28,0,0,1,0.0,0.0,539
동대문구,휘경2동,자동차/이동수단,20254,11230,11230730,12,12,0,1,0,0.0,0.08333333333333333,539
동대문구,휘경2동,전문서비스,20254,11230,11230730,1,1,0,0,0,0.0,0.0,539
동대문구,휘경2동,전자/디지털,20254,11230,11230730,34,34,0,0,0,0.0,0.0,539
동대문구,휘경2동,패션/뷰티,20254,11230,11230730,36,37,0,1,1,0.0,0.027777777777777776,539
동작구,노량진1동,교육,20254,11590,11590510,156,165,2,5,9,0.01282051282051282,0.03205128205128205,1319
동작구,노량진1동,생활/홈인테리어,20254,11590,11590510,29,29,0,1,0,0.0,0.034482758620689655,1319
동작구,노량진1동,생활서비스,20254,11590,11590510,163,172,4,7,9,0.024539877300613498,0.04294478527607362,1319
동작구,노량진1동,숙박/부동산,20254,11590,11590510,144,145,3,6,1,0.020833333333333332,0.041666666666666664,1319
동작구,노량진1동,식품/식재료,20254,11590,11590510,202,242,4,5,40,0.019801980198019802,0.024752475247524754,1319
동작구,노량진1동,오락/여가,20254,11590,11590510,112,121,6,2,9,0.05357142857142857,0.017857142857142856,1319
동작구,노량진1동,외식/F&B,20254,11590,11590510,308,422,13,22,114,0.04220779220779221,0.07142857142857142,1319
동작구,노량진1동,의료/건강,20254,11590,11590510,49,50,1,1,1,0.02040816326530612,0.02040816326530612,1319
동작구,노량진1동,자동차/이동수단,20254,11590,11590510,5,5,0,0,0,0.0,0.0,1319
동작구,노량진1동,전문서비스,20254,11590,11590510,8,8,0,0,0,0.0,0.0,1319
동작구,노량진1동,전자/디지털,20254,11590,11590510,81,81,0,3,0,0.0,0.037037037037037035,1319
동작구,노량진1동,패션/뷰티,20254,11590,11590510,62,69,0,0,7,0.0,0.0,1319
동작구,노량진2동,교육,20254,11590,11590520,37,39,0,0,2,0.0,0.0,1361
동작구,노량진2동,생활/홈인테리어,20254,11590,11590520,32,32,0,0,0,0.0,0.0,1361
동작구,노량진2동,생활서비스,20254,11590,11590520,66,68,0,3,2,0.0,0.045454545454545456,1361
동작구,노량진2동,숙박/부동산,20254,11590,11590520,49,49,0,6,0,0.0,0.12244897959183673,1361
동작구,노량진2동,식품/식재료,20254,11590,11590520,827,842,1,7,15,0.0012091898428053204,0.008464328899637243,1361
동작구,노량진2동,오락/여가,20254,11590,11590520,28,30,3,0,2,0.10714285714285714,0.0,1361
동작구,노량진2동,외식/F&B,20254,11590,11590520,211,243,4,13,32,0.018957345971563982,0.061611374407582936,1361
동작구,노량진2동,의료/건강,20254,11590,11590520,38,39,2,1,1,0.05263157894736842,0.02631578947368421,1361
동작구,노량진2동,자동차/이동수단,20254,11590,11590520,2,2,0,0,0,0.0,0.0,1361
동작구,노량진2동,전문서비스,20254,11590,11590520,7,7,0,0,0,0.0,0.0,1361
동작구,노량진2동,전자/디지털,20254,11590,11590520,28,28,0,1,0,0.0,0.03571428571428571,1361
동작구,노량진2동,패션/뷰티,20254,11590,11590520,36,36,0,0,0,0.0,0.0,1361
동작구,대방동,교육,20254,11590,11590660,229,244,6,5,15,0.026200873362445413,0.021834061135371178,1240
동작구,대방동,생활/홈인테리어,20254,11590,11590660,50,50,0,1,0,0.0,0.02,1240
동작구,대방동,생활서비스,20254,11590,11590660,178,191,4,5,13,0.02247191011235955,0.028089887640449437,1240
동작구,대방동,숙박/부동산,20254,11590,11590660,94,94,0,1,0,0.0,0.010638297872340425,1240
동작구,대방동,식품/식재료,20254,11590,11590660,90,129,4,3,39,0.044444444444444446,0.03333333333333333,1240
동작구,대방동,오락/여가,20254,11590,11590660,57,64,1,1,7,0.017543859649122806,0.017543859649122806,1240
동작구,대방동,외식/F&B,20254,11590,11590660,222,300,5,9,78,0.02252252252252252,0.04054054054054054,1240
동작구,대방동,의료/건강,20254,11590,11590660,111,112,0,0,1,0.0,0.0,1240
동작구,대방동,자동차/이동수단,20254,11590,11590660,20,20,0,0,0,0.0,0.0,1240
동작구,대방동,전문서비스,20254,11590,11590660,35,35,0,0,0,0.0,0.0,1240
동작구,대방동,전자/디지털,20254,11590,11590660,83,83,0,6,0,0.0,0.07228915662650602,1240
동작구,대방동,패션/뷰티,20254,11590,11590660,71,76,1,2,5,0.014084507042253521,0.028169014084507043,1240
동작구,사당1동,교육,20254,11590,11590620,102,105,3,3,3,0.029411764705882353,0.029411764705882353,1442
동작구,사당1동,생활/홈인테리어,20254,11590,11590620,69,69,0,0,0,0.0,0.0,1442
동작구,사당1동,생활서비스,20254,11590,11590620,212,225,4,4,13,0.018867924528301886,0.018867924528301886,1442
동작구,사당1동,숙박/부동산,20254,11590,11590620,118,118,0,3,0,0.0,0.025423728813559324,1442
동작구,사당1동,식품/식재료,20254,11590,11590620,75,108,3,3,33,0.04,0.04,1442
동작구,사당1동,오락/여가,20254,11590,11590620,64,68,2,1,4,0.03125,0.015625,1442
동작구,사당1동,외식/F&B,20254,11590,11590620,462,535,17,18,73,0.0367965367965368,0.03896103896103896,1442
동작구,사당1동,의료/건강,20254,11590,11590620,105,109,3,1,4,0.02857142857142857,0.009523809523809525,1442
동작구,사당1동,자동차/이동수단,20254,11590,11590620,6,6,0,0,0,0.0,0.0,1442
동작구,사당1동,전문서비스,20254,11590,11590620,45,45,0,0,0,0.0,0.0,1442
동작구,사당1동,전자/디지털,20254,11590,11590620,82,82,0,0,0,0.0,0.0,1442
동작구,사당1동,패션/뷰티,20254,11590,11590620,102,107,1,2,5,0.00980392156862745,0.0196078431372549,1442
동작구,사당2동,교육,20254,11590,11590630,132,139,2,3,7,0.015151515151515152,0.022727272727272728,1310
동작구,사당2동,생활/홈인테리어,20254,11590,11590630,63,63,0,0,0,0.0,0.0,1310
동작구,사당2동,생활서비스,20254,11590,11590630,169,182,4,3,13,0.023668639053254437,0.01775147928994083,1310
동작구,사당2동,숙박/부동산,20254,11590,11590630,105,105,0,1,0,0.0,0.009523809523809525,1310
동작구,사당2동,식품/식재료,20254,11590,11590630,107,127,3,5,20,0.028037383177570093,0.04672897196261682,1310
동작구,사당2동,오락/여가,20254,11590,11590630,64,68,2,2,4,0.03125,0.03125,1310
동작구,사당2동,외식/F&B,20254,11590,11590630,334,438,15,23,104,0.04491017964071856,0.0688622754491018,1310
동작구,사당2동,의료/건강,20254,11590,11590630,112,113,2,0,1,0.017857142857142856,0.0,1310
동작구,사당2동,자동차/이동수단,20254,11590,11590630,7,7,0,0,0,0.0,0.0,1310
동작구,사당2동,전문서비스,20254,11590,11590630,12,12,0,0,0,0.0,0.0,1310
동작구,사당2동,전자/디지털,20254,11590,11590630,81,81,0,2,0,0.0,0.024691358024691357,1310
동작구,사당2동,패션/뷰티,20254,11590,11590630,124,133,1,1,9,0.008064516129032258,0.008064516129032258,1310
동작구,사당3동,교육,20254,11590,11590640,102,105,3,3,3,0.029411764705882353,0.029411764705882353,645
동작구,사당3동,생활/홈인테리어,20254,11590,11590640,37,37,0,0,0,0.0,0.0,645
동작구,사당3동,생활서비스,20254,11590,11590640,107,111,1,2,4,0.009345794392523364,0.018691588785046728,645
동작구,사당3동,숙박/부동산,20254,11590,11590640,59,59,0,1,0,0.0,0.01694915254237288,645
동작구,사당3동,식품/식재료,20254,11590,11590640,44,62,3,2,18,0.06818181818181818,0.045454545454545456,645
동작구,사당3동,오락/여가,20254,11590,11590640,15,15,1,1,0,0.06666666666666667,0.06666666666666667,645
동작구,사당3동,외식/F&B,20254,11590,11590640,115,156,4,7,41,0.034782608695652174,0.06086956521739131,645
동작구,사당3동,의료/건강,20254,11590,11590640,47,48,1,1,1,0.02127659574468085,0.02127659574468085,645
동작구,사당3동,자동차/이동수단,20254,11590,11590640,6,6,0,0,0,0.0,0.0,645
동작구,사당3동,전문서비스,20254,11590,11590640,13,13,0,0,0,0.0,0.0,645
동작구,사당3동,전자/디지털,20254,11590,11590640,60,60,0,0,0,0.0,0.0,645
동작구,사당3동,패션/뷰티,20254,11590,11590640,40,40,0,0,0,0.0,0.0,645
동작구,사당4동,교육,20254,11590,11590650,34,39,1,3,5,0.029411764705882353,0.08823529411764706,498
동작구,사당4동,생활/홈인테리어,20254,11590,11590650,25,25,1,0,0,0.04,0.0,498
동작구,사당4동,생활서비스,20254,11590,11590650,83,87,2,2,4,0.024096385542168676,0.024096385542168676,498
동작구,사당4동,숙박/부동산,20254,11590,11590650,33,33,0,0,0,0.0,0.0,498
동작구,사당4동,식품/식재료,20254,11590,11590650,69,82,3,4,13,0.043478260869565216,0.057971014492753624,498
동작구,사당4동,오락/여가,20254,11590,11590650,14,15,0,0,1,0.0,0.0,498
동작구,사당4동,외식/F&B,20254,11590,11590650,94,118,5,9,24,0.05319148936170213,0.09574468085106383,498
동작구,사당4동,의료/건강,20254,11590,11590650,54,54,0,1,0,0.0,0.018518518518518517,498
동작구,사당4동,자동차/이동수단,20254,11590,11590650,6,6,0,0,0,0.0,0.0,498
동작구,사당4동,전문서비스,20254,11590,11590650,5,5,0,0,0,0.0,0.0,498
동작구,사당4동,전자/디지털,20254,11590,11590650,41,41,0,3,0,0.0,0.07317073170731707,498
동작구,사당4동,패션/뷰티,20254,11590,11590650,40,45,1,0,5,0.025,0.0,498
동작구,사당5동,교육,20254,11590,11590651,44,49,2,1,5,0.045454545454545456,0.022727272727272728,343
동작구,사당5동,생활/홈인테리어,20254,11590,11590651,31,31,0,0,0,0.0,0.0,343
동작구,사당5동,생활서비스,20254,11590,11590651,72,78,2,0,6,0.027777777777777776,0.0,343
동작구,사당5동,숙박/부동산,20254,11590,11590651,35,35,0,0,0,0.0,0.0,343
동작구,사당5동,식품/식재료,20254,11590,11590651,30,41,0,2,11,0.0,0.06666666666666667,343
동작구,사당5동,오락/여가,20254,11590,11590651,7,7,0,0,0,0.0,0.0,343
동작구,사당5동,외식/F&B,20254,11590,11590651,58,72,2,4,14,0.034482758620689655,0.06896551724137931,343
동작구,사당5동,의료/건강,20254,11590,11590651,13,15,0,0,2,0.0,0.0,343
동작구,사당5동,자동차/이동수단,20254,11590,11590651,1,1,0,0,0,0.0,0.0,343
동작구,사당5동,전문서비스,20254,11590,11590651,1,1,0,0,0,0.0,0.0,343
동작구,사당5동,전자/디지털,20254,11590,11590651,27,27,0,2,0,0.0,0.07407407407407407,343
동작구,사당5동,패션/뷰티,20254,11590,11590651,24,24,1,0,0,0.041666666666666664,0.0,343
동작구,상도1동,교육,20254,11590,11590530,189,200,2,2,11,0.010582010582010581,0.010582010582010581,1355
동작구,상도1동,생활/홈인테리어,20254,11590,11590530,51,51,3,1,0,0.058823529411764705,0.0196078431372549,1355
동작구,상도1동,생활서비스,20254,11590,11590530,239,255,7,3,16,0.029288702928870293,0.012552301255230125,1355
동작구,상도1동,숙박/부동산,20254,11590,11590530,124,125,1,1,1,0.008064516129032258,0.008064516129032258,1355
동작구,상도1동,식품/식재료,20254,11590,11590530,74,119,6,3,45,0.08108108108108109,0.04054054054054054,1355
동작구,상도1동,오락/여가,20254,11590,11590530,70,75,0,1,5,0.0,0.014285714285714285,1355
동작구,상도1동,외식/F&B,20254,11590,11590530,343,469,18,19,126,0.052478134110787174,0.05539358600583091,1355
동작구,상도1동,의료/건강,20254,11590,11590530,90,94,1,0,4,0.011111111111111112,0.0,1355
동작구,상도1동,자동차/이동수단,20254,11590,11590530,16,16,1,1,0,0.0625,0.0625,1355
동작구,상도1동,전문서비스,20254,11590,11590530,14,14,0,0,0,0.0,0.0,1355
동작구,상도1동,전자/디지털,20254,11590,11590530,78,78,1,1,0,0.01282051282051282,0.01282051282051282,1355
동작구,상도1동,패션/뷰티,20254,11590,11590530,67,70,1,2,3,0.014925373134328358,0.029850746268656716,1355
동작구,상도2동,교육,20254,11590,11590540,132,150,3,1,18,0.022727272727272728,0.007575757575757576,1008
동작구,상도2동,생활/홈인테리어,20254,11590,11590540,47,47,0,1,0,0.0,0.02127659574468085,1008
동작구,상도2동,생활서비스,20254,11590,11590540,159,173,2,6,14,0.012578616352201259,0.03773584905660377,1008
동작구,상도2동,숙박/부동산,20254,11590,11590540,114,114,0,2,0,0.0,0.017543859649122806,1008
동작구,상도2동,식품/식재료,20254,11590,11590540,89,114,2,3,25,0.02247191011235955,0.033707865168539325,1008
동작구,상도2동,오락/여가,20254,11590,11590540,39,39,1,0,0,0.02564102564102564,0.0,1008
동작구,상도2동,외식/F&B,20254,11590,11590540,169,240,13,9,71,0.07692307692307693,0.05325443786982249,1008
동작구,상도2동,의료/건강,20254,11590,11590540,105,106,0,1,1,0.0,0.009523809523809525,1008
동작구,상도2동,자동차/이동수단,20254,11590,11590540,4,4,1,0,0,0.25,0.0,1008
동작구,상도2동,전문서비스,20254,11590,11590540,15,15,0,1,0,0.0,0.06666666666666667,1008
동작구,상도2동,전자/디지털,20254,11590,11590540,64,64,0,2,0,0.0,0.03125,1008
동작구,상도2동,패션/뷰티,20254,11590,11590540,71,71,1,1,0,0.014084507042253521,0.014084507042253521,1008
동작구,상도3동,교육,20254,11590,11590550,41,45,0,0,4,0.0,0.0,696
동작구,상도3동,생활/홈인테리어,20254,11590,11590550,33,33,1,0,0,0.030303030303030304,0.0,696
동작구,상도3동,생활서비스,20254,11590,11590550,138,147,2,1,9,0.014492753623188406,0.007246376811594203,696
동작구,상도3동,숙박/부동산,20254,11590,11590550,39,39,1,0,0,0.02564102564102564,0.0,696
동작구,상도3동,식품/식재료,20254,11590,11590550,66,77,2,3,11,0.030303030303030304,0.045454545454545456,696
동작구,상도3동,오락/여가,20254,11590,11590550,30,32,0,0,2,0.0,0.0,696
동작구,상도3동,외식/F&B,20254,11590,11590550,159,194,8,10,35,0.050314465408805034,0.06289308176100629,696
동작구,상도3동,의료/건강,20254,11590,11590550,58,59,0,2,1,0.0,0.034482758620689655,696
동작구,상도3동,자동차/이동수단,20254,11590,11590550,7,7,0,0,0,0.0,0.0,696
동작구,상도3동,전문서비스,20254,11590,11590550,5,5,0,0,0,0.0,0.0,696
동작구,상도3동,전자/디지털,20254,11590,11590550,53,53,0,0,0,0.0,0.0,696
동작구,상도3동,패션/뷰티,20254,11590,11590550,67,73,2,3,6,0.029850746268656716,0.04477611940298507,696
동작구,상도4동,교육,20254,11590,11590560,61,69,1,2,8,0.01639344262295082,0.03278688524590164,697
동작구,상도4동,생활/홈인테리어,20254,11590,11590560,34,34,2,1,0,0.058823529411764705,0.029411764705882353,697
동작구,상도4동,생활서비스,20254,11590,11590560,128,135,1,3,7,0.0078125,0.0234375,697
동작구,상도4동,숙박/부동산,20254,11590,11590560,65,65,0,1,0,0.0,0.015384615384615385,697
동작구,상도4동,식품/식재료,20254,11590,11590560,74,94,0,2,20,0.0,0.02702702702702703,697
동작구,상도4동,오락/여가,20254,11590,11590560,24,24,0,0,0,0.0,0.0,697
동작구,상도4동,외식/F&B,20254,11590,11590560,145,176,1,3,31,0.006896551724137931,0.020689655172413793,697
동작구,상도4동,의료/건강,20254,11590,11590560,51,52,0,0,1,0.0,0.0,697
동작구,상도4동,자동차/이동수단,20254,11590,11590560,2,2,0,0,0,0.0,0.0,697
동작구,상도4동,전문서비스,20254,11590,11590560,4,4,0,0,0,0.0,0.0,697
동작구,상도4동,전자/디지털,20254,11590,11590560,56,56,0,1,0,0.0,0.017857142857142856,697
동작구,상도4동,패션/뷰티,20254,11590,11590560,53,55,0,1,2,0.0,0.018867924528301886,697
동작구,신대방1동,교육,20254,11590,11590670,80,86,3,2,6,0.0375,0.025,790
동작구,신대방1동,생활/홈인테리어,20254,11590,11590670,36,36,1,0,0,0.027777777777777776,0.0,790
동작구,신대방1동,생활서비스,20254,11590,11590670,141,146,1,3,5,0.0070921985815602835,0.02127659574468085,790
동작구,신대방1동,숙박/부동산,20254,11590,11590670,68,68,0,2,0,0.0,0.029411764705882353,790
동작구,신대방1동,식품/식재료,20254,11590,11590670,62,85,1,1,23,0.016129032258064516,0.016129032258064516,790
동작구,신대방1동,오락/여가,20254,11590,11590670,32,33,0,1,1,0.0,0.03125,790
동작구,신대방1동,외식/F&B,20254,11590,11590670,152,187,12,7,35,0.07894736842105263,0.046052631578947366,790
동작구,신대방1동,의료/건강,20254,11590,11590670,55,56,0,0,1,0.0,0.0,790
동작구,신대방1동,자동차/이동수단,20254,11590,11590670,6,6,0,0,0,0.0,0.0,790
동작구,신대방1동,전문서비스,20254,11590,11590670,11,11,0,0,0,0.0,0.0,790
동작구,신대방1동,전자/디지털,20254,11590,11590670,74,74,0,2,0,0.0,0.02702702702702703,790
동작구,신대방1동,패션/뷰티,20254,11590,11590670,73,73,1,0,0,0.0136986301369863,0.0,790
동작구,신대방2동,교육,20254,11590,11590680,81,84,2,2,3,0.024691358024691357,0.024691358024691357,907
동작구,신대방2동,생활/홈인테리어,20254,11590,11590680,38,38,2,2,0,0.05263157894736842,0.05263157894736842,907
동작구,신대방2동,생활서비스,20254,11590,11590680,164,169,1,6,5,0.006097560975609756,0.036585365853658534,907
동작구,신대방2동,숙박/부동산,20254,11590,11590680,81,81,0,1,0,0.0,0.012345679012345678,907
동작구,신대방2동,식품/식재료,20254,11590,11590680,48,74,2,1,26,0.041666666666666664,0.020833333333333332,907
동작구,신대방2동,오락/여가,20254,11590,11590680,47,49,1,0,2,0.02127659574468085,0.0,907
동작구,신대방2동,외식/F&B,20254,11590,11590680,264,359,7,16,95,0.026515151515151516,0.06060606060606061,907
동작구,신대방2동,의료/건강,20254,11590,11590680,61,64,1,1,3,0.01639344262295082,0.01639344262295082,907
동작구,신대방2동,자동차/이동수단,20254,11590,11590680,5,5,0,0,0,0.0,0.0,907
동작구,신대방2동,전문서비스,20254,11590,11590680,18,18,0,0,0,0.0,0.0,907
동작구,신대방2동,전자/디지털,20254,11590,11590680,56,56,1,1,0,0.017857142857142856,0.017857142857142856,907
동작구,신대방2동,패션/뷰티,20254,11590,11590680,44,45,1,1,1,0.022727272727272728,0.022727272727272728,907
동작구,흑석동,교육,20254,11590,11590605,131,143,2,1,12,0.015267175572519083,0.007633587786259542,1126
동작구,흑석동,생활/홈인테리어,20254,11590,11590605,47,47,0,2,0,0.0,0.0425531914893617,1126
동작구,흑석동,생활서비스,20254,11590,11590605,135,149,0,2,14,0.0,0.014814814814814815,1126
동작구,흑석동,숙박/부동산,20254,11590,11590605,136,136,0,0,0,0.0,0.0,1126
동작구,흑석동,식품/식재료,20254,11590,11590605,76,100,2,3,24,0.02631578947368421,0.039473684210526314,1126
동작구,흑석동,오락/여가,20254,11590,11590605,35,40,1,1,5,0.02857142857142857,0.02857142857142857,1126
동작구,흑석동,외식/F&B,20254,11590,11590605,338,436,10,4,98,0.029585798816568046,0.011834319526627219,1126
동작구,흑석동,의료/건강,20254,11590,11590605,88,91,1,1,3,0.011363636363636364,0.011363636363636364,1126
동작구,흑석동,자동차/이동수단,20254,11590,11590605,6,6,0,0,0,0.0,0.0,1126
동작구,흑석동,전문서비스,20254,11590,11590605,12,12,0,0,0,0.0,0.0,1126
동작구,흑석동,전자/디지털,20254,11590,11590605,65,65,0,2,0,0.0,0.03076923076923077,1126
동작구,흑석동,패션/뷰티,20254,11590,11590605,57,61,0,1,4,0.0,0.017543859649122806,1126
마포구,공덕동,교육,20254,11440,11440565,129,142,2,1,13,0.015503875968992248,0.007751937984496124,1716
마포구,공덕동,생활/홈인테리어,20254,11440,11440565,94,94,2,1,0,0.02127659574468085,0.010638297872340425,1716
마포구,공덕동,생활서비스,20254,11440,11440565,260,272,3,4,12,0.011538461538461539,0.015384615384615385,1716
마포구,공덕동,숙박/부동산,20254,11440,11440565,166,166,0,3,0,0.0,0.018072289156626505,1716
마포구,공덕동,식품/식재료,20254,11440,11440565,114,142,2,5,28,0.017543859649122806,0.043859649122807015,1716
마포구,공덕동,오락/여가,20254,11440,11440565,39,39,0,2,0,0.0,0.05128205128205128,1716
마포구,공덕동,외식/F&B,20254,11440,11440565,446,533,14,20,87,0.03139013452914798,0.04484304932735426,1716
마포구,공덕동,의료/건강,20254,11440,11440565,106,107,1,1,1,0.009433962264150943,0.009433962264150943,1716
마포구,공덕동,자동차/이동수단,20254,11440,11440565,12,12,0,0,0,0.0,0.0,1716
마포구,공덕동,전문서비스,20254,11440,11440565,132,132,0,0,0,0.0,0.0,1716
마포구,공덕동,전자/디지털,20254,11440,11440565,109,109,0,2,0,0.0,0.01834862385321101,1716
마포구,공덕동,패션/뷰티,20254,11440,11440565,109,112,1,4,3,0.009174311926605505,0.03669724770642202,1716
마포구,대흥동,교육,20254,11440,11440600,165,175,8,6,10,0.048484848484848485,0.03636363636363636,1258
마포구,대흥동,생활/홈인테리어,20254,11440,11440600,44,44,1,0,0,0.022727272727272728,0.0,1258
마포구,대흥동,생활서비스,20254,11440,11440600,176,187,2,3,11,0.011363636363636364,0.017045454545454544,1258
마포구,대흥동,숙박/부동산,20254,11440,11440600,180,181,1,0,1,0.005555555555555556,0.0,1258
마포구,대흥동,식품/식재료,20254,11440,11440600,65,94,5,4,29,0.07692307692307693,0.06153846153846154,1258
마포구,대흥동,오락/여가,20254,11440,11440600,39,42,1,2,3,0.02564102564102564,0.05128205128205128,1258
마포구,대흥동,외식/F&B,20254,11440,11440600,337,408,18,14,71,0.05341246290801187,0.04154302670623145,1258
마포구,대흥동,의료/건강,20254,11440,11440600,105,109,0,0,4,0.0,0.0,1258
마포구,대흥동,자동차/이동수단,20254,11440,11440600,3,3,0,0,0,0.0,0.0,1258
마포구,대흥동,전문서비스,20254,11440,11440600,25,25,0,0,0,0.0,0.0,1258
마포구,대흥동,전자/디지털,20254,11440,11440600,42,42,0,2,0,0.0,0.047619047619047616,1258
마포구,대흥동,패션/뷰티,20254,11440,11440600,77,81,0,1,4,0.0,0.012987012987012988,1258
마포구,도화동,교육,20254,11440,11440585,104,115,5,3,11,0.04807692307692308,0.028846153846153848,1319
마포구,도화동,생활/홈인테리어,20254,11440,11440585,54,54,0,2,0,0.0,0.037037037037037035,1319
마포구,도화동,생활서비스,20254,11440,11440585,186,199,3,7,13,0.016129032258064516,0.03763440860215054,1319
마포구,도화동,숙박/부동산,20254,11440,11440585,104,104,0,0,0,0.0,0.0,1319
마포구,도화동,식품/식재료,20254,11440,11440585,80,106,5,3,26,0.0625,0.0375,1319
마포구,도화동,오락/여가,20254,11440,11440585,47,48,1,1,1,0.02127659574468085,0.02127659574468085,1319
마포구,도화동,외식/F&B,20254,11440,11440585,359,451,8,15,92,0.022284122562674095,0.04178272980501393,1319
마포구,도화동,의료/건강,20254,11440,11440585,123,125,0,1,2,0.0,0.008130081300813009,1319
마포구,도화동,자동차/이동수단,20254,11440,11440585,10,10,0,0,0,0.0,0.0,1319
마포구,도화동,전문서비스,20254,11440,11440585,40,40,1,1,0,0.025,0.025,1319
마포구,도화동,전자/디지털,20254,11440,11440585,109,109,0,2,0,0.0,0.01834862385321101,1319
마포구,도화동,패션/뷰티,20254,11440,11440585,103,107,5,1,4,0.04854368932038835,0.009708737864077669,1319
마포구,망원1동,교육,20254,11440,11440690,81,85,4,3,4,0.04938271604938271,0.037037037037037035,1640
마포구,망원1동,생활/홈인테리어,20254,11440,11440690,61,61,2,0,0,0.03278688524590164,0.0,1640
마포구,망원1동,생활서비스,20254,11440,11440690,270,277,5,4,7,0.018518518518518517,0.014814814814814815,1640
마포구,망원1동,숙박/부동산,20254,11440,11440690,77,77,0,0,0,0.0,0.0,1640
마포구,망원1동,식품/식재료,20254,11440,11440690,100,128,4,7,28,0.04,0.07,1640
마포구,망원1동,오락/여가,20254,11440,11440690,52,56,3,2,4,0.057692307692307696,0.038461538461538464,1640
마포구,망원1동,외식/F&B,20254,11440,11440690,602,660,30,20,58,0.04983388704318937,0.03322259136212625,1640
마포구,망원1동,의료/건강,20254,11440,11440690,74,75,0,1,1,0.0,0.013513513513513514,1640
마포구,망원1동,자동차/이동수단,20254,11440,11440690,14,14,0,0,0,0.0,0.0,1640
마포구,망원1동,전문서비스,20254,11440,11440690,12,12,0,0,0,0.0,0.0,1640
마포구,망원1동,전자/디지털,20254,11440,11440690,153,153,0,6,0,0.0,0.0392156862745098,1640
마포구,망원1동,패션/뷰티,20254,11440,11440690,144,148,9,5,4,0.0625,0.034722222222222224,1640
마포구,망원2동,교육,20254,11440,11440700,101,109,4,7,8,0.039603960396039604,0.06930693069306931,1067
마포구,망원2동,생활/홈인테리어,20254,11440,11440700,65,65,2,1,0,0.03076923076923077,0.015384615384615385,1067
마포구,망원2동,생활서비스,20254,11440,11440700,231,235,4,3,4,0.017316017316017316,0.012987012987012988,1067
마포구,망원2동,숙박/부동산,20254,11440,11440700,63,63,1,0,0,0.015873015873015872,0.0,1067
마포구,망원2동,식품/식재료,20254,11440,11440700,86,107,4,2,21,0.046511627906976744,0.023255813953488372,1067
마포구,망원2동,오락/여가,20254,11440,11440700,35,35,2,2,0,0.05714285714285714,0.05714285714285714,1067
마포구,망원2동,외식/F&B,20254,11440,11440700,261,311,12,12,50,0.04597701149425287,0.04597701149425287,1067
마포구,망원2동,의료/건강,20254,11440,11440700,38,38,1,0,0,0.02631578947368421,0.0,1067
마포구,망원2동,자동차/이동수단,20254,11440,11440700,18,18,0,0,0,0.0,0.0,1067
마포구,망원2동,전문서비스,20254,11440,11440700,5,5,0,1,0,0.0,0.2,1067
마포구,망원2동,전자/디지털,20254,11440,11440700,79,79,0,1,0,0.0,0.012658227848101266,1067
마포구,망원2동,패션/뷰티,20254,11440,11440700,85,85,3,2,0,0.03529411764705882,0.023529411764705882,1067
마포구,상암동,교육,20254,11440,11440740,185,202,2,6,17,0.010810810810810811,0.032432432432432434,1669
마포구,상암동,생활/홈인테리어,20254,11440,11440740,57,58,1,1,1,0.017543859649122806,0.017543859649122806,1669
마포구,상암동,생활서비스,20254,11440,11440740,222,237,3,5,15,0.013513513513513514,0.02252252252252252,1669
마포구,상암동,숙박/부동산,20254,11440,11440740,100,100,0,2,0,0.0,0.02,1669
마포구,상암동,식품/식재료,20254,11440,11440740,88,161,7,4,73,0.07954545454545454,0.045454545454545456,1669
마포구,상암동,오락/여가,20254,11440,11440740,45,48,4,1,3,0.08888888888888889,0.022222222222222223,1669
마포구,상암동,외식/F&B,20254,11440,11440740,677,890,27,39,213,0.03988183161004431,0.05760709010339734,1669
마포구,상암동,의료/건강,20254,11440,11440740,93,98,3,2,5,0.03225806451612903,0.021505376344086023,1669
마포구,상암동,자동차/이동수단,20254,11440,11440740,5,5,0,0,0,0.0,0.0,1669
마포구,상암동,전문서비스,20254,11440,11440740,25,25,0,0,0,0.0,0.0,1669
마포구,상암동,전자/디지털,20254,11440,11440740,97,97,0,1,0,0.0,0.010309278350515464,1669
마포구,상암동,패션/뷰티,20254,11440,11440740,75,80,0,0,5,0.0,0.0,1669
마포구,서강동,교육,20254,11440,11440655,150,153,2,2,3,0.013333333333333334,0.013333333333333334,1523
마포구,서강동,생활/홈인테리어,20254,11440,11440655,63,63,4,3,0,0.06349206349206349,0.047619047619047616,1523
마포구,서강동,생활서비스,20254,11440,11440655,298,317,9,5,19,0.030201342281879196,0.016778523489932886,1523
마포구,서강동,숙박/부동산,20254,11440,11440655,127,128,1,1,1,0.007874015748031496,0.007874015748031496,1523
마포구,서강동,식품/식재료,20254,11440,11440655,73,104,1,2,31,0.0136986301369863,0.0273972602739726,1523
마포구,서강동,오락/여가,20254,11440,11440655,31,33,2,1,2,0.06451612903225806,0.03225806451612903,1523
마포구,서강동,외식/F&B,20254,11440,11440655,472,553,19,30,81,0.04025423728813559,0.0635593220338983,1523
마포구,서강동,의료/건강,20254,11440,11440655,40,40,0,1,0,0.0,0.025,1523
마포구,서강동,자동차/이동수단,20254,11440,11440655,22,22,0,0,0,0.0,0.0,1523
마포구,서강동,전문서비스,20254,11440,11440655,10,10,0,0,0,0.0,0.0,1523
마포구,서강동,전자/디지털,20254,11440,11440655,104,105,0,1,1,0.0,0.009615384615384616,1523
마포구,서강동,패션/뷰티,20254,11440,11440655,133,133,2,3,0,0.015037593984962405,0.022556390977443608,1523
마포구,서교동,교육,20254,11440,11440660,439,460,5,7,21,0.011389521640091117,0.015945330296127564,7763
마포구,서교동,생활/홈인테리어,20254,11440,11440660,212,213,3,4,1,0.014150943396226415,0.018867924528301886,7763
마포구,서교동,생활서비스,20254,11440,11440660,1457,1509,45,21,52,0.03088538091969801,0.014413177762525738,7763
마포구,서교동,숙박/부동산,20254,11440,11440660,512,516,2,8,4,0.00390625,0.015625,7763
마포구,서교동,식품/식재료,20254,11440,11440660,273,405,16,12,132,0.05860805860805861,0.04395604395604396,7763
마포구,서교동,오락/여가,20254,11440,11440660,292,311,10,12,19,0.03424657534246575,0.0410958904109589,7763
마포구,서교동,외식/F&B,20254,11440,11440660,2684,3108,95,138,424,0.03539493293591654,0.05141579731743666,7763
마포구,서교동,의료/건강,20254,11440,11440660,327,328,6,2,1,0.01834862385321101,0.0061162079510703364,7763
마포구,서교동,자동차/이동수단,20254,11440,11440660,25,25,0,0,0,0.0,0.0,7763
마포구,서교동,전문서비스,20254,11440,11440660,132,132,0,2,0,0.0,0.015151515151515152,7763
마포구,서교동,전자/디지털,20254,11440,11440660,345,346,3,15,1,0.008695652173913044,0.043478260869565216,7763
마포구,서교동,패션/뷰티,20254,11440,11440660,1065,1120,19,15,55,0.01784037558685446,0.014084507042253521,7763
마포구,성산1동,교육,20254,11440,11440720,82,87,1,1,5,0.012195121951219513,0.012195121951219513,1029
마포구,성산1동,생활/홈인테리어,20254,11440,11440720,67,67,2,2,0,0.029850746268656716,0.029850746268656716,1029
마포구,성산1동,생활서비스,20254,11440,11440720,218,224,3,5,6,0.013761467889908258,0.022935779816513763,1029
마포구,성산1동,숙박/부동산,20254,11440,11440720,72,72,1,2,0,0.013888888888888888,0.027777777777777776,1029
마포구,성산1동,식품/식재료,20254,11440,11440720,70,93,3,2,23,0.04285714285714286,0.02857142857142857,1029
마포구,성산1동,오락/여가,20254,11440,11440720,30,31,0,0,1,0.0,0.0,1029
마포구,성산1동,외식/F&B,20254,11440,11440720,238,273,8,14,35,0.03361344537815126,0.058823529411764705,1029
마포구,성산1동,의료/건강,20254,11440,11440720,45,45,1,0,0,0.022222222222222223,0.0,1029
마포구,성산1동,자동차/이동수단,20254,11440,11440720,23,23,0,1,0,0.0,0.043478260869565216,1029
마포구,성산1동,전문서비스,20254,11440,11440720,10,10,0,0,0,0.0,0.0,1029
마포구,성산1동,전자/디지털,20254,11440,11440720,91,91,0,1,0,0.0,0.01098901098901099,1029
마포구,성산1동,패션/뷰티,20254,11440,11440720,83,83,4,2,0,0.04819277108433735,0.024096385542168676,1029
마포구,성산2동,교육,20254,11440,11440730,160,169,1,2,9,0.00625,0.0125,1346
마포구,성산2동,생활/홈인테리어,20254,11440,11440730,48,48,0,1,0,0.0,0.020833333333333332,1346
마포구,성산2동,생활서비스,20254,11440,11440730,224,235,3,4,11,0.013392857142857142,0.017857142857142856,1346
마포구,성산2동,숙박/부동산,20254,11440,11440730,91,91,0,0,0,0.0,0.0,1346
마포구,성산2동,식품/식재료,20254,11440,11440730,196,228,2,6,32,0.01020408163265306,0.030612244897959183,1346
마포구,성산2동,오락/여가,20254,11440,11440730,31,32,0,0,1,0.0,0.0,1346
마포구,성산2동,외식/F&B,20254,11440,11440730,237,311,15,15,74,0.06329113924050633,0.06329113924050633,1346
마포구,성산2동,의료/건강,20254,11440,11440730,64,66,3,1,2,0.046875,0.015625,1346
마포구,성산2동,자동차/이동수단,20254,11440,11440730,14,14,0,0,0,0.0,0.0,1346
마포구,성산2동,전문서비스,20254,11440,11440730,15,15,0,0,0,0.0,0.0,1346
마포구,성산2동,전자/디지털,20254,11440,11440730,106,106,0,2,0,0.0,0.018867924528301886,1346
마포구,성산2동,패션/뷰티,20254,11440,11440730,160,170,3,5,10,0.01875,0.03125,1346
마포구,신수동,교육,20254,11440,11440630,105,111,4,1,6,0.0380952380952381,0.009523809523809525,956
마포구,신수동,생활/홈인테리어,20254,11440,11440630,60,60,0,0,0,0.0,0.0,956
마포구,신수동,생활서비스,20254,11440,11440630,154,159,1,1,5,0.006493506493506494,0.006493506493506494,956
마포구,신수동,숙박/부동산,20254,11440,11440630,83,83,1,2,0,0.012048192771084338,0.024096385542168676,956
마포구,신수동,식품/식재료,20254,11440,11440630,79,95,1,0,16,0.012658227848101266,0.0,956
마포구,신수동,오락/여가,20254,11440,11440630,17,18,0,0,1,0.0,0.0,956
마포구,신수동,외식/F&B,20254,11440,11440630,184,225,4,6,41,0.021739130434782608,0.03260869565217391,956
마포구,신수동,의료/건강,20254,11440,11440630,49,49,0,0,0,0.0,0.0,956
마포구,신수동,자동차/이동수단,20254,11440,11440630,12,12,0,0,0,0.0,0.0,956
마포구,신수동,전문서비스,20254,11440,11440630,64,64,3,0,0,0.046875,0.0,956
마포구,신수동,전자/디지털,20254,11440,11440630,87,87,1,2,0,0.011494252873563218,0.022988505747126436,956
마포구,신수동,패션/뷰티,20254,11440,11440630,62,62,0,1,0,0.0,0.016129032258064516,956
마포구,아현동,교육,20254,11440,11440555,134,147,3,4,13,0.022388059701492536,0.029850746268656716,1252
마포구,아현동,생활/홈인테리어,20254,11440,11440555,65,65,0,0,0,0.0,0.0,1252
마포구,아현동,생활서비스,20254,11440,11440555,232,244,3,0,12,0.01293103448275862,0.0,1252
마포구,아현동,숙박/부동산,20254,11440,11440555,127,127,0,6,0,0.0,0.047244094488188976,1252
마포구,아현동,식품/식재료,20254,11440,11440555,91,116,3,7,25,0.03296703296703297,0.07692307692307693,1252
마포구,아현동,오락/여가,20254,11440,11440555,19,20,0,0,1,0.0,0.0,1252
마포구,아현동,외식/F&B,20254,11440,11440555,228,298,7,10,70,0.03070175438596491,0.043859649122807015,1252
마포구,아현동,의료/건강,20254,11440,11440555,118,118,2,3,0,0.01694915254237288,0.025423728813559324,1252
마포구,아현동,자동차/이동수단,20254,11440,11440555,4,4,0,0,0,0.0,0.0,1252
마포구,아현동,전문서비스,20254,11440,11440555,64,64,1,1,0,0.015625,0.015625,1252
마포구,아현동,전자/디지털,20254,11440,11440555,65,65,0,0,0,0.0,0.0,1252
마포구,아현동,패션/뷰티,20254,11440,11440555,105,112,2,0,7,0.01904761904761905,0.0,1252
마포구,연남동,교육,20254,11440,11440710,102,102,1,0,0,0.00980392156862745,0.0,2220
마포구,연남동,생활/홈인테리어,20254,11440,11440710,78,78,2,2,0,0.02564102564102564,0.02564102564102564,2220
마포구,연남동,생활서비스,20254,11440,11440710,388,394,10,5,6,0.02577319587628866,0.01288659793814433,2220
마포구,연남동,숙박/부동산,20254,11440,11440710,228,228,1,2,0,0.0043859649122807015,0.008771929824561403,2220
마포구,연남동,식품/식재료,20254,11440,11440710,92,114,7,0,22,0.07608695652173914,0.0,2220
마포구,연남동,오락/여가,20254,11440,11440710,36,38,3,1,2,0.08333333333333333,0.027777777777777776,2220
마포구,연남동,외식/F&B,20254,11440,11440710,1006,1059,33,48,53,0.032803180914512925,0.04771371769383698,2220
마포구,연남동,의료/건강,20254,11440,11440710,16,16,0,0,0,0.0,0.0,2220
마포구,연남동,자동차/이동수단,20254,11440,11440710,10,10,0,0,0,0.0,0.0,2220
마포구,연남동,전문서비스,20254,11440,11440710,14,14,0,0,0,0.0,0.0,2220
마포구,연남동,전자/디지털,20254,11440,11440710,67,67,2,3,0,0.029850746268656716,0.04477611940298507,2220
마포구,연남동,패션/뷰티,20254,11440,11440710,183,186,2,5,3,0.01092896174863388,0.0273224043715847,2220
마포구,염리동,교육,20254,11440,11440610,103,109,2,0,6,0.019417475728155338,0.0,643
마포구,염리동,생활/홈인테리어,20254,11440,11440610,23,23,0,0,0,0.0,0.0,643
마포구,염리동,생활서비스,20254,11440,11440610,75,83,0,2,8,0.0,0.02666666666666667,643
마포구,염리동,숙박/부동산,20254,11440,11440610,63,63,0,1,0,0.0,0.015873015873015872,643
마포구,염리동,식품/식재료,20254,11440,11440610,45,57,3,2,12,0.06666666666666667,0.044444444444444446,643
마포구,염리동,오락/여가,20254,11440,11440610,23,25,0,1,2,0.0,0.043478260869565216,643
마포구,염리동,외식/F&B,20254,11440,11440610,202,252,7,10,50,0.034653465346534656,0.04950495049504951,643
마포구,염리동,의료/건강,20254,11440,11440610,27,28,0,0,1,0.0,0.0,643
마포구,염리동,자동차/이동수단,20254,11440,11440610,5,5,0,0,0,0.0,0.0,643
마포구,염리동,전문서비스,20254,11440,11440610,2,2,0,0,0,0.0,0.0,643
마포구,염리동,전자/디지털,20254,11440,11440610,37,38,0,0,1,0.0,0.0,643
마포구,염리동,패션/뷰티,20254,11440,11440610,38,39,0,1,1,0.0,0.02631578947368421,643
마포구,용강동,교육,20254,11440,11440590,166,183,5,4,17,0.030120481927710843,0.024096385542168676,1532
마포구,용강동,생활/홈인테리어,20254,11440,11440590,82,82,1,2,0,0.012195121951219513,0.024390243902439025,1532
마포구,용강동,생활서비스,20254,11440,11440590,269,277,5,6,8,0.01858736059479554,0.022304832713754646,1532
마포구,용강동,숙박/부동산,20254,11440,11440590,126,127,1,2,1,0.007936507936507936,0.015873015873015872,1532
마포구,용강동,식품/식재료,20254,11440,11440590,97,124,2,3,27,0.020618556701030927,0.030927835051546393,1532
마포구,용강동,오락/여가,20254,11440,11440590,54,55,0,2,1,0.0,0.037037037037037035,1532
마포구,용강동,외식/F&B,20254,11440,11440590,360,459,13,16,99,0.03611111111111111,0.044444444444444446,1532
마포구,용강동,의료/건강,20254,11440,11440590,72,73,0,3,1,0.0,0.041666666666666664,1532
마포구,용강동,자동차/이동수단,20254,11440,11440590,19,19,1,1,0,0.05263157894736842,0.05263157894736842,1532
마포구,용강동,전문서비스,20254,11440,11440590,74,74,0,2,0,0.0,0.02702702702702703,1532
마포구,용강동,전자/디지털,20254,11440,11440590,104,104,0,1,0,0.0,0.009615384615384616,1532
마포구,용강동,패션/뷰티,20254,11440,11440590,109,113,0,4,4,0.0,0.03669724770642202,1532
마포구,합정동,교육,20254,11440,11440680,109,115,1,1,6,0.009174311926605505,0.009174311926605505,1851
마포구,합정동,생활/홈인테리어,20254,11440,11440680,83,84,1,1,1,0.012048192771084338,0.012048192771084338,1851
마포구,합정동,생활서비스,20254,11440,11440680,359,369,5,4,10,0.013927576601671309,0.011142061281337047,1851
마포구,합정동,숙박/부동산,20254,11440,11440680,155,155,0,1,0,0.0,0.0064516129032258064,1851
마포구,합정동,식품/식재료,20254,11440,11440680,75,102,3,3,27,0.04,0.04,1851
마포구,합정동,오락/여가,20254,11440,11440680,35,38,0,1,3,0.0,0.02857142857142857,1851
마포구,합정동,외식/F&B,20254,11440,11440680,627,713,21,23,86,0.03349282296650718,0.03668261562998405,1851
마포구,합정동,의료/건강,20254,11440,11440680,66,66,0,0,0,0.0,0.0,1851
마포구,합정동,자동차/이동수단,20254,11440,11440680,13,13,0,0,0,0.0,0.0,1851
마포구,합정동,전문서비스,20254,11440,11440680,30,30,0,0,0,0.0,0.0,1851
마포구,합정동,전자/디지털,20254,11440,11440680,133,133,0,4,0,0.0,0.03007518796992481,1851
마포구,합정동,패션/뷰티,20254,11440,11440680,166,168,2,3,2,0.012048192771084338,0.018072289156626505,1851
서대문구,남가좌1동,교육,20254,11410,11410690,68,74,1,1,6,0.014705882352941176,0.014705882352941176,540
서대문구,남가좌1동,생활/홈인테리어,20254,11410,11410690,22,22,0,0,0,0.0,0.0,540
서대문구,남가좌1동,생활서비스,20254,11410,11410690,65,70,2,1,5,0.03076923076923077,0.015384615384615385,540
서대문구,남가좌1동,숙박/부동산,20254,11410,11410690,50,50,1,0,0,0.02,0.0,540
서대문구,남가좌1동,식품/식재료,20254,11410,11410690,81,90,3,4,9,0.037037037037037035,0.04938271604938271,540
서대문구,남가좌1동,오락/여가,20254,11410,11410690,16,17,0,0,1,0.0,0.0,540
서대문구,남가좌1동,외식/F&B,20254,11410,11410690,115,161,5,11,46,0.043478260869565216,0.09565217391304348,540
서대문구,남가좌1동,의료/건강,20254,11410,11410690,50,50,0,1,0,0.0,0.02,540
서대문구,남가좌1동,자동차/이동수단,20254,11410,11410690,4,4,0,1,0,0.0,0.25,540
서대문구,남가좌1동,전문서비스,20254,11410,11410690,7,7,0,0,0,0.0,0.0,540
서대문구,남가좌1동,전자/디지털,20254,11410,11410690,24,24,0,0,0,0.0,0.0,540
서대문구,남가좌1동,패션/뷰티,20254,11410,11410690,38,39,0,2,1,0.0,0.05263157894736842,540
서대문구,남가좌2동,교육,20254,11410,11410700,135,143,3,1,8,0.022222222222222223,0.007407407407407408,1052
서대문구,남가좌2동,생활/홈인테리어,20254,11410,11410700,47,47,1,0,0,0.02127659574468085,0.0,1052
서대문구,남가좌2동,생활서비스,20254,11410,11410700,163,181,4,5,18,0.024539877300613498,0.03067484662576687,1052
서대문구,남가좌2동,숙박/부동산,20254,11410,11410700,76,76,1,1,0,0.013157894736842105,0.013157894736842105,1052
서대문구,남가좌2동,식품/식재료,20254,11410,11410700,89,121,3,3,32,0.033707865168539325,0.033707865168539325,1052
서대문구,남가좌2동,오락/여가,20254,11410,11410700,42,45,2,2,3,0.047619047619047616,0.047619047619047616,1052
서대문구,남가좌2동,외식/F&B,20254,11410,11410700,281,368,12,23,87,0.042704626334519574,0.08185053380782918,1052
서대문구,남가좌2동,의료/건강,20254,11410,11410700,69,69,1,0,0,0.014492753623188406,0.0,1052
서대문구,남가좌2동,자동차/이동수단,20254,11410,11410700,10,10,0,0,0,0.0,0.0,1052
서대문구,남가좌2동,전문서비스,20254,11410,11410700,3,3,0,0,0,0.0,0.0,1052
서대문구,남가좌2동,전자/디지털,20254,11410,11410700,57,58,0,2,1,0.0,0.03508771929824561,1052
서대문구,남가좌2동,패션/뷰티,20254,11410,11410700,80,84,1,1,4,0.0125,0.0125,1052
서대문구,북가좌1동,교육,20254,11410,11410710,69,75,3,4,6,0.043478260869565216,0.057971014492753624,376
서대문구,북가좌1동,생활/홈인테리어,20254,11410,11410710,22,22,0,0,0,0.0,0.0,376
서대문구,북가좌1동,생활서비스,20254,11410,11410710,64,67,1,1,3,0.015625,0.015625,376
서대문구,북가좌1동,숙박/부동산,20254,11410,11410710,40,40,0,1,0,0.0,0.025,376
서대문구,북가좌1동,식품/식재료,20254,11410,11410710,28,39,3,1,11,0.10714285714285714,0.03571428571428571,376
서대문구,북가좌1동,오락/여가,20254,11410,11410710,4,4,0,0,0,0.0,0.0,376
서대문구,북가좌1동,외식/F&B,20254,11410,11410710,55,85,1,2,30,0.01818181818181818,0.03636363636363636,376
서대문구,북가좌1동,의료/건강,20254,11410,11410710,31,32,0,0,1,0.0,0.0,376
서대문구,북가좌1동,자동차/이동수단,20254,11410,11410710,7,7,0,0,0,0.0,0.0,376
서대문구,북가좌1동,전문서비스,20254,11410,11410710,1,1,0,0,0,0.0,0.0,376
서대문구,북가좌1동,전자/디지털,20254,11410,11410710,41,41,0,1,0,0.0,0.024390243902439025,376
서대문구,북가좌1동,패션/뷰티,20254,11410,11410710,14,15,0,0,1,0.0,0.0,376
서대문구,북가좌2동,교육,20254,11410,11410720,135,145,3,7,10,0.022222222222222223,0.05185185185185185,1019
서대문구,북가좌2동,생활/홈인테리어,20254,11410,11410720,41,41,2,1,0,0.04878048780487805,0.024390243902439025,1019
서대문구,북가좌2동,생활서비스,20254,11410,11410720,204,209,3,0,5,0.014705882352941176,0.0,1019
서대문구,북가좌2동,숙박/부동산,20254,11410,11410720,77,77,0,3,0,0.0,0.03896103896103896,1019
서대문구,북가좌2동,식품/식재료,20254,11410,11410720,66,91,1,3,25,0.015151515151515152,0.045454545454545456,1019
서대문구,북가좌2동,오락/여가,20254,11410,11410720,42,47,1,1,5,0.023809523809523808,0.023809523809523808,1019
서대문구,북가좌2동,외식/F&B,20254,11410,11410720,253,316,10,14,63,0.039525691699604744,0.05533596837944664,1019
서대문구,북가좌2동,의료/건강,20254,11410,11410720,59,59,0,0,0,0.0,0.0,1019
서대문구,북가좌2동,자동차/이동수단,20254,11410,11410720,6,6,0,1,0,0.0,0.16666666666666666,1019
서대문구,북가좌2동,전문서비스,20254,11410,11410720,1,1,0,0,0,0.0,0.0,1019
서대문구,북가좌2동,전자/디지털,20254,11410,11410720,78,80,2,0,2,0.02564102564102564,0.0,1019
서대문구,북가좌2동,패션/뷰티,20254,11410,11410720,57,58,1,2,1,0.017543859649122806,0.03508771929824561,1019
서대문구,북아현동,교육,20254,11410,11410555,50,56,1,1,6,0.02,0.02,574
서대문구,북아현동,생활/홈인테리어,20254,11410,11410555,86,86,0,2,0,0.0,0.023255813953488372,574
서대문구,북아현동,생활서비스,20254,11410,11410555,70,77,1,2,7,0.014285714285714285,0.02857142857142857,574
서대문구,북아현동,숙박/부동산,20254,11410,11410555,83,83,0,1,0,0.0,0.012048192771084338,574
서대문구,북아현동,식품/식재료,20254,11410,11410555,32,48,2,3,16,0.0625,0.09375,574
서대문구,북아현동,오락/여가,20254,11410,11410555,11,13,1,1,2,0.09090909090909091,0.09090909090909091,574
서대문구,북아현동,외식/F&B,20254,11410,11410555,103,136,3,9,33,0.02912621359223301,0.08737864077669903,574
서대문구,북아현동,의료/건강,20254,11410,11410555,45,46,2,2,1,0.044444444444444446,0.044444444444444446,574
서대문구,북아현동,자동차/이동수단,20254,11410,11410555,3,3,0,0,0,0.0,0.0,574
서대문구,북아현동,전문서비스,20254,11410,11410555,9,9,0,0,0,0.0,0.0,574
서대문구,북아현동,전자/디지털,20254,11410,11410555,40,40,0,2,0,0.0,0.05,574
서대문구,북아현동,패션/뷰티,20254,11410,11410555,42,45,0,1,3,0.0,0.023809523809523808,574
서대문구,신촌동,교육,20254,11410,11410585,158,166,8,2,8,0.05063291139240506,0.012658227848101266,3175
서대문구,신촌동,생활/홈인테리어,20254,11410,11410585,67,69,2,1,2,0.029850746268656716,0.014925373134328358,3175
서대문구,신촌동,생활서비스,20254,11410,11410585,443,468,4,10,25,0.009029345372460496,0.022573363431151242,3175
서대문구,신촌동,숙박/부동산,20254,11410,11410585,278,281,6,4,3,0.02158273381294964,0.014388489208633094,3175
서대문구,신촌동,식품/식재료,20254,11410,11410585,100,217,5,6,117,0.05,0.06,3175
서대문구,신촌동,오락/여가,20254,11410,11410585,132,148,8,8,16,0.06060606060606061,0.06060606060606061,3175
서대문구,신촌동,외식/F&B,20254,11410,11410585,1174,1460,43,58,286,0.036626916524701875,0.049403747870528106,3175
서대문구,신촌동,의료/건강,20254,11410,11410585,116,118,1,1,2,0.008620689655172414,0.008620689655172414,3175
서대문구,신촌동,자동차/이동수단,20254,11410,11410585,11,11,0,0,0,0.0,0.0,3175
서대문구,신촌동,전문서비스,20254,11410,11410585,18,18,0,0,0,0.0,0.0,3175
서대문구,신촌동,전자/디지털,20254,11410,11410585,167,167,1,4,0,0.005988023952095809,0.023952095808383235,3175
서대문구,신촌동,패션/뷰티,20254,11410,11410585,511,541,7,6,30,0.0136986301369863,0.011741682974559686,3175
서대문구,연희동,교육,20254,11410,11410615,146,150,1,3,4,0.00684931506849315,0.02054794520547945,1768
서대문구,연희동,생활/홈인테리어,20254,11410,11410615,106,106,4,1,0,0.03773584905660377,0.009433962264150943,1768
서대문구,연희동,생활서비스,20254,11410,11410615,290,306,5,7,16,0.017241379310344827,0.02413793103448276,1768
서대문구,연희동,숙박/부동산,20254,11410,11410615,142,142,0,4,0,0.0,0.028169014084507043,1768
서대문구,연희동,식품/식재료,20254,11410,11410615,130,170,4,7,40,0.03076923076923077,0.05384615384615385,1768
서대문구,연희동,오락/여가,20254,11410,11410615,45,48,0,1,3,0.0,0.022222222222222223,1768
서대문구,연희동,외식/F&B,20254,11410,11410615,529,589,19,13,60,0.035916824196597356,0.024574669187145556,1768
서대문구,연희동,의료/건강,20254,11410,11410615,87,89,1,1,2,0.011494252873563218,0.011494252873563218,1768
서대문구,연희동,자동차/이동수단,20254,11410,11410615,24,24,1,1,0,0.041666666666666664,0.041666666666666664,1768
서대문구,연희동,전문서비스,20254,11410,11410615,12,12,0,0,0,0.0,0.0,1768
서대문구,연희동,전자/디지털,20254,11410,11410615,100,100,0,7,0,0.0,0.07,1768
서대문구,연희동,패션/뷰티,20254,11410,11410615,157,160,3,5,3,0.01910828025477707,0.03184713375796178,1768
서대문구,천연동,교육,20254,11410,11410520,69,72,1,1,3,0.014492753623188406,0.014492753623188406,545
서대문구,천연동,생활/홈인테리어,20254,11410,11410520,14,14,0,0,0,0.0,0.0,545
서대문구,천연동,생활서비스,20254,11410,11410520,67,70,1,0,3,0.014925373134328358,0.0,545
서대문구,천연동,숙박/부동산,20254,11410,11410520,34,34,0,0,0,0.0,0.0,545
서대문구,천연동,식품/식재료,20254,11410,11410520,70,79,2,2,9,0.02857142857142857,0.02857142857142857,545
서대문구,천연동,오락/여가,20254,11410,11410520,15,15,0,0,0,0.0,0.0,545
서대문구,천연동,외식/F&B,20254,11410,11410520,159,198,5,4,39,0.031446540880503145,0.025157232704402517,545
서대문구,천연동,의료/건강,20254,11410,11410520,40,40,2,1,0,0.05,0.025,545
서대문구,천연동,전문서비스,20254,11410,11410520,1,1,0,0,0,0.0,0.0,545
서대문구,천연동,전자/디지털,20254,11410,11410520,29,29,1,0,0,0.034482758620689655,0.0,545
서대문구,천연동,패션/뷰티,20254,11410,11410520,47,48,0,1,1,0.0,0.02127659574468085,545
서대문구,충현동,교육,20254,11410,11410565,47,54,0,0,7,0.0,0.0,1032
서대문구,충현동,생활/홈인테리어,20254,11410,11410565,52,52,0,0,0,0.0,0.0,1032
서대문구,충현동,생활서비스,20254,11410,11410565,187,191,1,2,4,0.0053475935828877,0.0106951871657754,1032
서대문구,충현동,숙박/부동산,20254,11410,11410565,92,92,0,1,0,0.0,0.010869565217391304,1032
서대문구,충현동,식품/식재료,20254,11410,11410565,73,103,0,3,30,0.0,0.0410958904109589,1032
서대문구,충현동,오락/여가,20254,11410,11410565,31,31,1,2,0,0.03225806451612903,0.06451612903225806,1032
서대문구,충현동,외식/F&B,20254,11410,11410565,380,448,18,25,68,0.04736842105263158,0.06578947368421052,1032
서대문구,충현동,의료/건강,20254,11410,11410565,37,39,0,0,2,0.0,0.0,1032
서대문구,충현동,자동차/이동수단,20254,11410,11410565,1,1,0,0,0,0.0,0.0,1032
서대문구,충현동,전문서비스,20254,11410,11410565,26,26,0,0,0,0.0,0.0,1032
서대문구,충현동,전자/디지털,20254,11410,11410565,55,55,0,1,0,0.0,0.01818181818181818,1032
서대문구,충현동,패션/뷰티,20254,11410,11410565,51,53,0,1,2,0.0,0.0196078431372549,1032
서대문구,홍은1동,교육,20254,11410,11410660,77,82,4,2,5,0.05194805194805195,0.025974025974025976,625
서대문구,홍은1동,생활/홈인테리어,20254,11410,11410660,50,50,0,0,0,0.0,0.0,625
서대문구,홍은1동,생활서비스,20254,11410,11410660,94,96,2,2,2,0.02127659574468085,0.02127659574468085,625
서대문구,홍은1동,숙박/부동산,20254,11410,11410660,47,47,0,1,0,0.0,0.02127659574468085,625
서대문구,홍은1동,식품/식재료,20254,11410,11410660,82,94,1,1,12,0.012195121951219513,0.012195121951219513,625
서대문구,홍은1동,오락/여가,20254,11410,11410660,18,20,0,2,2,0.0,0.1111111111111111,625
서대문구,홍은1동,외식/F&B,20254,11410,11410660,126,156,2,8,30,0.015873015873015872,0.06349206349206349,625
서대문구,홍은1동,의료/건강,20254,11410,11410660,32,33,0,0,1,0.0,0.0,625
서대문구,홍은1동,자동차/이동수단,20254,11410,11410660,6,6,0,0,0,0.0,0.0,625
서대문구,홍은1동,전문서비스,20254,11410,11410660,4,4,0,0,0,0.0,0.0,625
서대문구,홍은1동,전자/디지털,20254,11410,11410660,46,46,1,0,0,0.021739130434782608,0.0,625
서대문구,홍은1동,패션/뷰티,20254,11410,11410660,43,45,0,0,2,0.0,0.0,625
서대문구,홍은2동,교육,20254,11410,11410685,106,112,5,1,6,0.04716981132075472,0.009433962264150943,735
서대문구,홍은2동,생활/홈인테리어,20254,11410,11410685,41,42,3,1,1,0.07317073170731707,0.024390243902439025,735
서대문구,홍은2동,생활서비스,20254,11410,11410685,135,142,2,3,7,0.014814814814814815,0.022222222222222223,735
서대문구,홍은2동,숙박/부동산,20254,11410,11410685,36,36,0,4,0,0.0,0.1111111111111111,735
서대문구,홍은2동,식품/식재료,20254,11410,11410685,55,79,1,3,24,0.01818181818181818,0.05454545454545454,735
서대문구,홍은2동,오락/여가,20254,11410,11410685,38,42,0,0,4,0.0,0.0,735
서대문구,홍은2동,외식/F&B,20254,11410,11410685,186,234,4,5,48,0.021505376344086023,0.026881720430107527,735
서대문구,홍은2동,의료/건강,20254,11410,11410685,29,30,0,0,1,0.0,0.0,735
서대문구,홍은2동,자동차/이동수단,20254,11410,11410685,10,10,0,0,0,0.0,0.0,735
서대문구,홍은2동,전문서비스,20254,11410,11410685,4,4,0,0,0,0.0,0.0,735
서대문구,홍은2동,전자/디지털,20254,11410,11410685,56,56,0,2,0,0.0,0.03571428571428571,735
서대문구,홍은2동,패션/뷰티,20254,11410,11410685,39,40,0,1,1,0.0,0.02564102564102564,735
서대문구,홍제1동,교육,20254,11410,11410620,92,96,1,0,4,0.010869565217391304,0.0,665
서대문구,홍제1동,생활/홈인테리어,20254,11410,11410620,35,36,1,1,1,0.02857142857142857,0.02857142857142857,665
서대문구,홍제1동,생활서비스,20254,11410,11410620,101,111,1,2,10,0.009900990099009901,0.019801980198019802,665
서대문구,홍제1동,숙박/부동산,20254,11410,11410620,46,46,1,3,0,0.021739130434782608,0.06521739130434782,665
서대문구,홍제1동,식품/식재료,20254,11410,11410620,43,65,0,2,22,0.0,0.046511627906976744,665
서대문구,홍제1동,오락/여가,20254,11410,11410620,22,23,1,0,1,0.045454545454545456,0.0,665
서대문구,홍제1동,외식/F&B,20254,11410,11410620,155,194,3,4,39,0.01935483870967742,0.025806451612903226,665
서대문구,홍제1동,의료/건강,20254,11410,11410620,67,71,0,4,4,0.0,0.05970149253731343,665
서대문구,홍제1동,자동차/이동수단,20254,11410,11410620,4,4,0,0,0,0.0,0.0,665
서대문구,홍제1동,전문서비스,20254,11410,11410620,10,10,0,0,0,0.0,0.0,665
서대문구,홍제1동,전자/디지털,20254,11410,11410620,43,43,0,1,0,0.0,0.023255813953488372,665
서대문구,홍제1동,패션/뷰티,20254,11410,11410620,47,51,0,0,4,0.0,0.0,665
서대문구,홍제2동,교육,20254,11410,11410655,54,56,1,2,2,0.018518518518518517,0.037037037037037035,384
서대문구,홍제2동,생활/홈인테리어,20254,11410,11410655,15,17,0,1,2,0.0,0.06666666666666667,384
서대문구,홍제2동,생활서비스,20254,11410,11410655,68,73,2,0,5,0.029411764705882353,0.0,384
서대문구,홍제2동,숙박/부동산,20254,11410,11410655,33,33,0,0,0,0.0,0.0,384
서대문구,홍제2동,식품/식재료,20254,11410,11410655,25,34,2,3,9,0.08,0.12,384
서대문구,홍제2동,오락/여가,20254,11410,11410655,17,18,0,0,1,0.0,0.0,384
서대문구,홍제2동,외식/F&B,20254,11410,11410655,61,83,1,6,22,0.01639344262295082,0.09836065573770492,384
서대문구,홍제2동,의료/건강,20254,11410,11410655,31,31,0,0,0,0.0,0.0,384
서대문구,홍제2동,자동차/이동수단,20254,11410,11410655,2,2,0,0,0,0.0,0.0,384
서대문구,홍제2동,전문서비스,20254,11410,11410655,13,13,0,0,0,0.0,0.0,384
서대문구,홍제2동,전자/디지털,20254,11410,11410655,27,27,0,0,0,0.0,0.0,384
서대문구,홍제2동,패션/뷰티,20254,11410,11410655,38,39,0,1,1,0.0,0.02631578947368421,384
서대문구,홍제3동,교육,20254,11410,11410640,66,75,3,1,9,0.045454545454545456,0.015151515151515152,774
서대문구,홍제3동,생활/홈인테리어,20254,11410,11410640,28,28,0,0,0,0.0,0.0,774
서대문구,홍제3동,생활서비스,20254,11410,11410640,90,95,1,0,5,0.011111111111111112,0.0,774
서대문구,홍제3동,숙박/부동산,20254,11410,11410640,50,50,0,1,0,0.0,0.02,774
서대문구,홍제3동,식품/식재료,20254,11410,11410640,133,146,0,4,13,0.0,0.03007518796992481,774
서대문구,홍제3동,오락/여가,20254,11410,11410640,29,30,1,1,1,0.034482758620689655,0.034482758620689655,774
서대문구,홍제3동,외식/F&B,20254,11410,11410640,220,260,13,16,40,0.05909090909090909,0.07272727272727272,774
서대문구,홍제3동,의료/건강,20254,11410,11410640,65,65,0,2,0,0.0,0.03076923076923077,774
서대문구,홍제3동,자동차/이동수단,20254,11410,11410640,6,6,0,0,0,0.0,0.0,774
서대문구,홍제3동,전문서비스,20254,11410,11410640,7,7,0,0,0,0.0,0.0,774
서대문구,홍제3동,전자/디지털,20254,11410,11410640,31,31,0,2,0,0.0,0.06451612903225806,774
서대문구,홍제3동,패션/뷰티,20254,11410,11410640,49,50,1,0,1,0.02040816326530612,0.0,774
서초구,내곡동,교육,20254,11650,11650660,66,72,0,0,6,0.0,0.0,853
서초구,내곡동,생활/홈인테리어,20254,11650,11650660,156,156,4,0,0,0.02564102564102564,0.0,853
서초구,내곡동,생활서비스,20254,11650,11650660,60,64,3,1,4,0.05,0.016666666666666666,853
서초구,내곡동,숙박/부동산,20254,11650,11650660,55,55,0,0,0,0.0,0.0,853
서초구,내곡동,식품/식재료,20254,11650,11650660,279,292,3,8,13,0.010752688172043012,0.02867383512544803,853
서초구,내곡동,오락/여가,20254,11650,11650660,9,11,0,1,2,0.0,0.1111111111111111,853
서초구,내곡동,외식/F&B,20254,11650,11650660,97,123,3,2,26,0.030927835051546393,0.020618556701030927,853
서초구,내곡동,의료/건강,20254,11650,11650660,34,34,1,0,0,0.029411764705882353,0.0,853
서초구,내곡동,자동차/이동수단,20254,11650,11650660,14,14,0,0,0,0.0,0.0,853
서초구,내곡동,전문서비스,20254,11650,11650660,10,10,0,0,0,0.0,0.0,853
서초구,내곡동,전자/디지털,20254,11650,11650660,33,33,0,0,0,0.0,0.0,853
서초구,내곡동,패션/뷰티,20254,11650,11650660,40,41,2,1,1,0.05,0.025,853
서초구,반포1동,교육,20254,11650,11650560,137,142,5,1,5,0.0364963503649635,0.0072992700729927005,1603
서초구,반포1동,생활/홈인테리어,20254,11650,11650560,77,77,3,2,0,0.03896103896103896,0.025974025974025976,1603
서초구,반포1동,생활서비스,20254,11650,11650560,291,305,9,11,14,0.030927835051546393,0.037800687285223365,1603
서초구,반포1동,숙박/부동산,20254,11650,11650560,219,219,1,4,0,0.0045662100456621,0.0182648401826484,1603
서초구,반포1동,식품/식재료,20254,11650,11650560,64,93,1,4,29,0.015625,0.0625,1603
서초구,반포1동,오락/여가,20254,11650,11650560,34,35,0,3,1,0.0,0.08823529411764706,1603
서초구,반포1동,외식/F&B,20254,11650,11650560,300,371,11,13,71,0.03666666666666667,0.043333333333333335,1603
서초구,반포1동,의료/건강,20254,11650,11650560,201,202,3,2,1,0.014925373134328358,0.009950248756218905,1603
서초구,반포1동,자동차/이동수단,20254,11650,11650560,10,10,0,0,0,0.0,0.0,1603
서초구,반포1동,전문서비스,20254,11650,11650560,54,54,0,1,0,0.0,0.018518518518518517,1603
서초구,반포1동,전자/디지털,20254,11650,11650560,95,95,0,1,0,0.0,0.010526315789473684,1603
서초구,반포1동,패션/뷰티,20254,11650,11650560,121,122,4,3,1,0.03305785123966942,0.024793388429752067,1603
서초구,반포2동,교육,20254,11650,11650570,90,92,3,1,2,0.03333333333333333,0.011111111111111112,421
서초구,반포2동,생활/홈인테리어,20254,11650,11650570,8,8,0,0,0,0.0,0.0,421
서초구,반포2동,생활서비스,20254,11650,11650570,46,58,1,4,12,0.021739130434782608,0.08695652173913043,421
서초구,반포2동,숙박/부동산,20254,11650,11650570,75,75,0,3,0,0.0,0.04,421
서초구,반포2동,식품/식재료,20254,11650,11650570,29,42,0,1,13,0.0,0.034482758620689655,421
서초구,반포2동,오락/여가,20254,11650,11650570,8,8,0,1,0,0.0,0.125,421
서초구,반포2동,외식/F&B,20254,11650,11650570,59,69,0,3,10,0.0,0.05084745762711865,421
서초구,반포2동,의료/건강,20254,11650,11650570,55,56,1,1,1,0.01818181818181818,0.01818181818181818,421
서초구,반포2동,자동차/이동수단,20254,11650,11650570,2,2,0,0,0,0.0,0.0,421
서초구,반포2동,전문서비스,20254,11650,11650570,3,3,0,0,0,0.0,0.0,421
서초구,반포2동,전자/디지털,20254,11650,11650570,18,18,0,1,0,0.0,0.05555555555555555,421
서초구,반포2동,패션/뷰티,20254,11650,11650570,28,30,4,1,2,0.14285714285714285,0.03571428571428571,421
서초구,반포3동,교육,20254,11650,11650580,213,225,3,3,12,0.014084507042253521,0.014084507042253521,1040
서초구,반포3동,생활/홈인테리어,20254,11650,11650580,43,43,0,0,0,0.0,0.0,1040
서초구,반포3동,생활서비스,20254,11650,11650580,64,67,1,1,3,0.015625,0.015625,1040
서초구,반포3동,숙박/부동산,20254,11650,11650580,101,101,0,5,0,0.0,0.04950495049504951,1040
서초구,반포3동,식품/식재료,20254,11650,11650580,42,49,0,1,7,0.0,0.023809523809523808,1040
서초구,반포3동,오락/여가,20254,11650,11650580,26,28,0,1,2,0.0,0.038461538461538464,1040
서초구,반포3동,외식/F&B,20254,11650,11650580,108,147,4,9,39,0.037037037037037035,0.08333333333333333,1040
서초구,반포3동,의료/건강,20254,11650,11650580,94,97,0,1,3,0.0,0.010638297872340425,1040
서초구,반포3동,자동차/이동수단,20254,11650,11650580,3,3,0,0,0,0.0,0.0,1040
서초구,반포3동,전문서비스,20254,11650,11650580,26,26,0,2,0,0.0,0.07692307692307693,1040
서초구,반포3동,전자/디지털,20254,11650,11650580,59,59,0,2,0,0.0,0.03389830508474576,1040
서초구,반포3동,패션/뷰티,20254,11650,11650580,261,269,0,5,8,0.0,0.019157088122605363,1040
서초구,반포4동,교육,20254,11650,11650581,374,413,11,7,39,0.029411764705882353,0.01871657754010695,2962
서초구,반포4동,생활/홈인테리어,20254,11650,11650581,255,256,3,4,1,0.011764705882352941,0.01568627450980392,2962
서초구,반포4동,생활서비스,20254,11650,11650581,168,186,3,4,18,0.017857142857142856,0.023809523809523808,2962
서초구,반포4동,숙박/부동산,20254,11650,11650581,71,71,0,1,0,0.0,0.014084507042253521,2962
서초구,반포4동,식품/식재료,20254,11650,11650581,306,359,3,1,53,0.00980392156862745,0.0032679738562091504,2962
서초구,반포4동,오락/여가,20254,11650,11650581,61,66,3,0,5,0.04918032786885246,0.0,2962
서초구,반포4동,외식/F&B,20254,11650,11650581,424,588,9,8,164,0.02122641509433962,0.018867924528301886,2962
서초구,반포4동,의료/건강,20254,11650,11650581,106,107,2,1,1,0.018867924528301886,0.009433962264150943,2962
서초구,반포4동,자동차/이동수단,20254,11650,11650581,16,16,0,0,0,0.0,0.0,2962
서초구,반포4동,전문서비스,20254,11650,11650581,45,45,1,0,0,0.022222222222222223,0.0,2962
서초구,반포4동,전자/디지털,20254,11650,11650581,64,64,0,0,0,0.0,0.0,2962
서초구,반포4동,패션/뷰티,20254,11650,11650581,1072,1087,8,8,15,0.007462686567164179,0.007462686567164179,2962
서초구,반포본동,교육,20254,11650,11650550,64,64,0,1,0,0.0,0.015625,357
서초구,반포본동,생활/홈인테리어,20254,11650,11650550,21,21,1,0,0,0.047619047619047616,0.0,357
서초구,반포본동,생활서비스,20254,11650,11650550,45,45,0,0,0,0.0,0.0,357
서초구,반포본동,숙박/부동산,20254,11650,11650550,44,44,0,0,0,0.0,0.0,357
서초구,반포본동,식품/식재료,20254,11650,11650550,23,24,0,0,1,0.0,0.0,357
서초구,반포본동,오락/여가,20254,11650,11650550,4,5,2,0,1,0.5,0.0,357
서초구,반포본동,외식/F&B,20254,11650,11650550,35,39,0,0,4,0.0,0.0,357
서초구,반포본동,의료/건강,20254,11650,11650550,8,8,0,0,0,0.0,0.0,357
서초구,반포본동,자동차/이동수단,20254,11650,11650550,2,2,0,0,0,0.0,0.0,357
서초구,반포본동,전문서비스,20254,11650,11650550,2,2,0,1,0,0.0,0.5,357
서초구,반포본동,전자/디지털,20254,11650,11650550,16,16,0,0,0,0.0,0.0,357
서초구,반포본동,패션/뷰티,20254,11650,11650550,93,94,0,0,1,0.0,0.0,357
서초구,방배1동,교육,20254,11650,11650600,141,146,5,3,5,0.03546099290780142,0.02127659574468085,1268
서초구,방배1동,생활/홈인테리어,20254,11650,11650600,72,73,2,1,1,0.027777777777777776,0.013888888888888888,1268
서초구,방배1동,생활서비스,20254,11650,11650600,187,203,0,4,16,0.0,0.0213903743315508,1268
서초구,방배1동,숙박/부동산,20254,11650,11650600,109,109,2,2,0,0.01834862385321101,0.01834862385321101,1268
서초구,방배1동,식품/식재료,20254,11650,11650600,58,81,4,2,23,0.06896551724137931,0.034482758620689655,1268
서초구,방배1동,오락/여가,20254,11650,11650600,43,44,0,1,1,0.0,0.023255813953488372,1268
서초구,방배1동,외식/F&B,20254,11650,11650600,238,318,12,13,80,0.05042016806722689,0.0546218487394958,1268
서초구,방배1동,의료/건강,20254,11650,11650600,121,123,0,0,2,0.0,0.0,1268
서초구,방배1동,자동차/이동수단,20254,11650,11650600,6,6,0,0,0,0.0,0.0,1268
서초구,방배1동,전문서비스,20254,11650,11650600,73,73,0,0,0,0.0,0.0,1268
서초구,방배1동,전자/디지털,20254,11650,11650600,108,108,0,3,0,0.0,0.027777777777777776,1268
서초구,방배1동,패션/뷰티,20254,11650,11650600,112,119,1,2,7,0.008928571428571428,0.017857142857142856,1268
서초구,방배2동,교육,20254,11650,11650610,112,118,3,1,6,0.026785714285714284,0.008928571428571428,1294
서초구,방배2동,생활/홈인테리어,20254,11650,11650610,89,89,0,4,0,0.0,0.0449438202247191,1294
서초구,방배2동,생활서비스,20254,11650,11650610,194,202,4,5,8,0.020618556701030927,0.02577319587628866,1294
서초구,방배2동,숙박/부동산,20254,11650,11650610,116,116,1,2,0,0.008620689655172414,0.017241379310344827,1294
서초구,방배2동,식품/식재료,20254,11650,11650610,57,75,1,2,18,0.017543859649122806,0.03508771929824561,1294
서초구,방배2동,오락/여가,20254,11650,11650610,43,45,1,1,2,0.023255813953488372,0.023255813953488372,1294
서초구,방배2동,외식/F&B,20254,11650,11650610,345,422,11,20,77,0.03188405797101449,0.057971014492753624,1294
서초구,방배2동,의료/건강,20254,11650,11650610,64,64,1,1,0,0.015625,0.015625,1294
서초구,방배2동,자동차/이동수단,20254,11650,11650610,15,15,1,0,0,0.06666666666666667,0.0,1294
서초구,방배2동,전문서비스,20254,11650,11650610,85,85,1,0,0,0.011764705882352941,0.0,1294
서초구,방배2동,전자/디지털,20254,11650,11650610,96,96,0,0,0,0.0,0.0,1294
서초구,방배2동,패션/뷰티,20254,11650,11650610,78,81,1,0,3,0.01282051282051282,0.0,1294
서초구,방배3동,교육,20254,11650,11650620,69,71,1,3,2,0.014492753623188406,0.043478260869565216,625
서초구,방배3동,생활/홈인테리어,20254,11650,11650620,48,48,2,0,0,0.041666666666666664,0.0,625
서초구,방배3동,생활서비스,20254,11650,11650620,105,107,0,1,2,0.0,0.009523809523809525,625
서초구,방배3동,숙박/부동산,20254,11650,11650620,66,66,0,0,0,0.0,0.0,625
서초구,방배3동,식품/식재료,20254,11650,11650620,53,67,0,2,14,0.0,0.03773584905660377,625
서초구,방배3동,오락/여가,20254,11650,11650620,20,21,1,1,1,0.05,0.05,625
서초구,방배3동,외식/F&B,20254,11650,11650620,86,105,3,4,19,0.03488372093023256,0.046511627906976744,625
서초구,방배3동,의료/건강,20254,11650,11650620,42,46,1,1,4,0.023809523809523808,0.023809523809523808,625
서초구,방배3동,자동차/이동수단,20254,11650,11650620,6,6,0,0,0,0.0,0.0,625
서초구,방배3동,전문서비스,20254,11650,11650620,41,41,0,0,0,0.0,0.0,625
서초구,방배3동,전자/디지털,20254,11650,11650620,43,43,0,1,0,0.0,0.023255813953488372,625
서초구,방배3동,패션/뷰티,20254,11650,11650620,46,46,1,0,0,0.021739130434782608,0.0,625
서초구,방배4동,교육,20254,11650,11650621,191,202,4,7,11,0.020942408376963352,0.03664921465968586,1714
서초구,방배4동,생활/홈인테리어,20254,11650,11650621,128,128,1,2,0,0.0078125,0.015625,1714
서초구,방배4동,생활서비스,20254,11650,11650621,248,264,4,3,16,0.016129032258064516,0.012096774193548387,1714
서초구,방배4동,숙박/부동산,20254,11650,11650621,163,163,0,3,0,0.0,0.018404907975460124,1714
서초구,방배4동,식품/식재료,20254,11650,11650621,83,107,2,5,24,0.024096385542168676,0.060240963855421686,1714
서초구,방배4동,오락/여가,20254,11650,11650621,40,41,2,2,1,0.05,0.05,1714
서초구,방배4동,외식/F&B,20254,11650,11650621,304,368,20,18,64,0.06578947368421052,0.05921052631578947,1714
서초구,방배4동,의료/건강,20254,11650,11650621,165,166,6,1,1,0.03636363636363636,0.006060606060606061,1714
서초구,방배4동,자동차/이동수단,20254,11650,11650621,25,26,0,0,1,0.0,0.0,1714
서초구,방배4동,전문서비스,20254,11650,11650621,162,162,0,1,0,0.0,0.006172839506172839,1714
서초구,방배4동,전자/디지털,20254,11650,11650621,80,81,0,1,1,0.0,0.0125,1714
서초구,방배4동,패션/뷰티,20254,11650,11650621,125,134,2,2,9,0.016,0.016,1714
서초구,방배본동,교육,20254,11650,11650590,203,207,4,4,4,0.019704433497536946,0.019704433497536946,1220
서초구,방배본동,생활/홈인테리어,20254,11650,11650590,143,143,2,2,0,0.013986013986013986,0.013986013986013986,1220
서초구,방배본동,생활서비스,20254,11650,11650590,173,180,3,3,7,0.017341040462427744,0.017341040462427744,1220
서초구,방배본동,숙박/부동산,20254,11650,11650590,88,88,1,2,0,0.011363636363636364,0.022727272727272728,1220
서초구,방배본동,식품/식재료,20254,11650,11650590,52,74,1,2,22,0.019230769230769232,0.038461538461538464,1220
서초구,방배본동,오락/여가,20254,11650,11650590,41,42,0,0,1,0.0,0.0,1220
서초구,방배본동,외식/F&B,20254,11650,11650590,252,292,6,9,40,0.023809523809523808,0.03571428571428571,1220
서초구,방배본동,의료/건강,20254,11650,11650590,64,65,0,3,1,0.0,0.046875,1220
서초구,방배본동,자동차/이동수단,20254,11650,11650590,20,20,0,0,0,0.0,0.0,1220
서초구,방배본동,전문서비스,20254,11650,11650590,13,13,0,0,0,0.0,0.0,1220
서초구,방배본동,전자/디지털,20254,11650,11650590,68,68,1,0,0,0.014705882352941176,0.0,1220
서초구,방배본동,패션/뷰티,20254,11650,11650590,103,105,1,2,2,0.009708737864077669,0.019417475728155338,1220
서초구,서초1동,교육,20254,11650,11650510,193,198,2,7,5,0.010362694300518135,0.03626943005181347,2856
서초구,서초1동,생활/홈인테리어,20254,11650,11650510,144,144,2,2,0,0.013888888888888888,0.013888888888888888,2856
서초구,서초1동,생활서비스,20254,11650,11650510,301,316,7,8,15,0.023255813953488372,0.026578073089700997,2856
서초구,서초1동,숙박/부동산,20254,11650,11650510,273,273,0,2,0,0.0,0.007326007326007326,2856
서초구,서초1동,식품/식재료,20254,11650,11650510,122,168,2,0,46,0.01639344262295082,0.0,2856
서초구,서초1동,오락/여가,20254,11650,11650510,49,54,2,0,5,0.04081632653061224,0.0,2856
서초구,서초1동,외식/F&B,20254,11650,11650510,418,552,14,21,134,0.03349282296650718,0.050239234449760764,2856
서초구,서초1동,의료/건강,20254,11650,11650510,165,167,3,0,2,0.01818181818181818,0.0,2856
서초구,서초1동,자동차/이동수단,20254,11650,11650510,36,36,1,1,0,0.027777777777777776,0.027777777777777776,2856
서초구,서초1동,전문서비스,20254,11650,11650510,589,589,6,3,0,0.010186757215619695,0.0050933786078098476,2856
서초구,서초1동,전자/디지털,20254,11650,11650510,369,369,0,2,0,0.0,0.005420054200542005,2856
서초구,서초1동,패션/뷰티,20254,11650,11650510,197,204,3,1,7,0.015228426395939087,0.005076142131979695,2856
서초구,서초2동,교육,20254,11650,11650520,353,370,4,12,17,0.0113314447592068,0.0339943342776204,3635
서초구,서초2동,생활/홈인테리어,20254,11650,11650520,178,180,3,1,2,0.016853932584269662,0.0056179775280898875,3635
서초구,서초2동,생활서비스,20254,11650,11650520,508,528,9,3,20,0.017716535433070866,0.005905511811023622,3635
서초구,서초2동,숙박/부동산,20254,11650,11650520,465,466,0,4,1,0.0,0.008602150537634409,3635
서초구,서초2동,식품/식재료,20254,11650,11650520,167,221,5,8,54,0.029940119760479042,0.04790419161676647,3635
서초구,서초2동,오락/여가,20254,11650,11650520,70,79,3,1,9,0.04285714285714286,0.014285714285714285,3635
서초구,서초2동,외식/F&B,20254,11650,11650520,563,715,15,14,152,0.02664298401420959,0.02486678507992895,3635
서초구,서초2동,의료/건강,20254,11650,11650520,256,260,3,4,4,0.01171875,0.015625,3635
서초구,서초2동,자동차/이동수단,20254,11650,11650520,25,25,0,1,0,0.0,0.04,3635
서초구,서초2동,전문서비스,20254,11650,11650520,409,409,2,3,0,0.004889975550122249,0.007334963325183374,3635
서초구,서초2동,전자/디지털,20254,11650,11650520,274,274,3,4,0,0.010948905109489052,0.014598540145985401,3635
서초구,서초2동,패션/뷰티,20254,11650,11650520,367,379,3,8,12,0.008174386920980926,0.021798365122615803,3635
서초구,서초3동,교육,20254,11650,11650530,273,281,4,10,8,0.014652014652014652,0.03663003663003663,6494
서초구,서초3동,생활/홈인테리어,20254,11650,11650530,192,193,4,3,1,0.020833333333333332,0.015625,6494
서초구,서초3동,생활서비스,20254,11650,11650530,470,490,6,5,20,0.01276595744680851,0.010638297872340425,6494
서초구,서초3동,숙박/부동산,20254,11650,11650530,552,552,1,10,0,0.0018115942028985507,0.018115942028985508,6494
서초구,서초3동,식품/식재료,20254,11650,11650530,225,299,4,3,74,0.017777777777777778,0.013333333333333334,6494
서초구,서초3동,오락/여가,20254,11650,11650530,129,141,2,1,12,0.015503875968992248,0.007751937984496124,6494
서초구,서초3동,외식/F&B,20254,11650,11650530,929,1180,37,34,251,0.03982777179763186,0.03659849300322928,6494
서초구,서초3동,의료/건강,20254,11650,11650530,232,235,3,3,3,0.01293103448275862,0.01293103448275862,6494
서초구,서초3동,자동차/이동수단,20254,11650,11650530,37,37,0,0,0,0.0,0.0,6494
서초구,서초3동,전문서비스,20254,11650,11650530,2932,2932,36,35,0,0.01227830832196453,0.011937244201909959,6494
서초구,서초3동,전자/디지털,20254,11650,11650530,242,242,0,7,0,0.0,0.028925619834710745,6494
서초구,서초3동,패션/뷰티,20254,11650,11650530,281,285,2,7,4,0.0071174377224199285,0.02491103202846975,6494
서초구,서초4동,교육,20254,11650,11650531,264,272,7,2,8,0.026515151515151516,0.007575757575757576,3092
서초구,서초4동,생활/홈인테리어,20254,11650,11650531,75,75,0,0,0,0.0,0.0,3092
서초구,서초4동,생활서비스,20254,11650,11650531,288,308,4,12,20,0.013888888888888888,0.041666666666666664,3092
서초구,서초4동,숙박/부동산,20254,11650,11650531,211,211,0,2,0,0.0,0.009478672985781991,3092
서초구,서초4동,식품/식재료,20254,11650,11650531,76,116,1,4,40,0.013157894736842105,0.05263157894736842,3092
서초구,서초4동,오락/여가,20254,11650,11650531,81,92,1,2,11,0.012345679012345678,0.024691358024691357,3092
서초구,서초4동,외식/F&B,20254,11650,11650531,447,560,17,13,113,0.03803131991051454,0.029082774049217,3092
서초구,서초4동,의료/건강,20254,11650,11650531,460,463,9,4,3,0.01956521739130435,0.008695652173913044,3092
서초구,서초4동,자동차/이동수단,20254,11650,11650531,12,12,0,0,0,0.0,0.0,3092
서초구,서초4동,전문서비스,20254,11650,11650531,857,857,7,4,0,0.008168028004667444,0.004667444574095682,3092
서초구,서초4동,전자/디지털,20254,11650,11650531,103,104,0,3,1,0.0,0.02912621359223301,3092
서초구,서초4동,패션/뷰티,20254,11650,11650531,218,230,0,2,12,0.0,0.009174311926605505,3092
서초구,양재1동,교육,20254,11650,11650651,235,248,2,5,13,0.00851063829787234,0.02127659574468085,2562
서초구,양재1동,생활/홈인테리어,20254,11650,11650651,194,195,1,4,1,0.005154639175257732,0.020618556701030927,2562
서초구,양재1동,생활서비스,20254,11650,11650651,338,360,3,7,22,0.008875739644970414,0.020710059171597635,2562
서초구,양재1동,숙박/부동산,20254,11650,11650651,161,161,0,0,0,0.0,0.0,2562
서초구,양재1동,식품/식재료,20254,11650,11650651,179,237,6,6,58,0.0335195530726257,0.0335195530726257,2562
서초구,양재1동,오락/여가,20254,11650,11650651,84,90,3,2,6,0.03571428571428571,0.023809523809523808,2562
서초구,양재1동,외식/F&B,20254,11650,11650651,547,677,18,20,130,0.03290676416819013,0.03656307129798903,2562
서초구,양재1동,의료/건강,20254,11650,11650651,168,171,2,1,3,0.011904761904761904,0.005952380952380952,2562
서초구,양재1동,자동차/이동수단,20254,11650,11650651,44,44,0,0,0,0.0,0.0,2562
서초구,양재1동,전문서비스,20254,11650,11650651,181,181,2,3,0,0.011049723756906077,0.016574585635359115,2562
서초구,양재1동,전자/디지털,20254,11650,11650651,208,208,1,5,0,0.004807692307692308,0.02403846153846154,2562
서초구,양재1동,패션/뷰티,20254,11650,11650651,223,233,4,3,10,0.017937219730941704,0.013452914798206279,2562
서초구,양재2동,교육,20254,11650,11650652,134,136,3,4,2,0.022388059701492536,0.029850746268656716,3228
서초구,양재2동,생활/홈인테리어,20254,11650,11650652,494,494,4,1,0,0.008097165991902834,0.0020242914979757085,3228
서초구,양재2동,생활서비스,20254,11650,11650652,395,407,4,8,12,0.010126582278481013,0.020253164556962026,3228
서초구,양재2동,숙박/부동산,20254,11650,11650652,183,183,0,1,0,0.0,0.00546448087431694,3228
서초구,양재2동,식품/식재료,20254,11650,11650652,435,484,3,4,49,0.006896551724137931,0.009195402298850575,3228
서초구,양재2동,오락/여가,20254,11650,11650652,84,89,3,4,5,0.03571428571428571,0.047619047619047616,3228
서초구,양재2동,외식/F&B,20254,11650,11650652,630,757,26,21,127,0.04126984126984127,0.03333333333333333,3228
서초구,양재2동,의료/건강,20254,11650,11650652,148,149,1,1,1,0.006756756756756757,0.006756756756756757,3228
서초구,양재2동,자동차/이동수단,20254,11650,11650652,166,166,2,5,0,0.012048192771084338,0.030120481927710843,3228
서초구,양재2동,전문서비스,20254,11650,11650652,98,98,0,0,0,0.0,0.0,3228
서초구,양재2동,전자/디지털,20254,11650,11650652,207,209,0,7,2,0.0,0.033816425120772944,3228
서초구,양재2동,패션/뷰티,20254,11650,11650652,254,258,3,1,4,0.011811023622047244,0.003937007874015748,3228
서초구,잠원동,교육,20254,11650,11650540,207,213,5,2,6,0.024154589371980676,0.00966183574879227,1802
서초구,잠원동,생활/홈인테리어,20254,11650,11650540,76,76,1,0,0,0.013157894736842105,0.0,1802
서초구,잠원동,생활서비스,20254,11650,11650540,299,316,3,6,17,0.010033444816053512,0.020066889632107024,1802
서초구,잠원동,숙박/부동산,20254,11650,11650540,193,193,0,1,0,0.0,0.0051813471502590676,1802
서초구,잠원동,식품/식재료,20254,11650,11650540,74,106,1,2,32,0.013513513513513514,0.02702702702702703,1802
서초구,잠원동,오락/여가,20254,11650,11650540,39,42,2,1,3,0.05128205128205128,0.02564102564102564,1802
서초구,잠원동,외식/F&B,20254,11650,11650540,348,425,18,13,77,0.05172413793103448,0.03735632183908046,1802
서초구,잠원동,의료/건강,20254,11650,11650540,199,200,2,2,1,0.010050251256281407,0.010050251256281407,1802
서초구,잠원동,자동차/이동수단,20254,11650,11650540,10,10,0,0,0,0.0,0.0,1802
서초구,잠원동,전문서비스,20254,11650,11650540,70,70,0,0,0,0.0,0.0,1802
서초구,잠원동,전자/디지털,20254,11650,11650540,115,116,2,1,1,0.017391304347826087,0.008695652173913044,1802
서초구,잠원동,패션/뷰티,20254,11650,11650540,172,172,7,0,0,0.040697674418604654,0.0,1802
성동구,금호1가동,교육,20254,11200,11200590,77,86,4,3,9,0.05194805194805195,0.03896103896103896,406
성동구,금호1가동,생활/홈인테리어,20254,11200,11200590,24,24,0,0,0,0.0,0.0,406
성동구,금호1가동,생활서비스,20254,11200,11200590,65,67,2,3,2,0.03076923076923077,0.046153846153846156,406
성동구,금호1가동,숙박/부동산,20254,11200,11200590,36,36,0,0,0,0.0,0.0,406
성동구,금호1가동,식품/식재료,20254,11200,11200590,37,43,2,1,6,0.05405405405405406,0.02702702702702703,406
성동구,금호1가동,오락/여가,20254,11200,11200590,9,13,1,0,4,0.1111111111111111,0.0,406
성동구,금호1가동,외식/F&B,20254,11200,11200590,59,78,3,5,19,0.05084745762711865,0.0847457627118644,406
성동구,금호1가동,의료/건강,20254,11200,11200590,25,28,1,1,3,0.04,0.04,406
성동구,금호1가동,자동차/이동수단,20254,11200,11200590,3,3,0,0,0,0.0,0.0,406
성동구,금호1가동,전문서비스,20254,11200,11200590,5,5,0,0,0,0.0,0.0,406
성동구,금호1가동,전자/디지털,20254,11200,11200590,32,32,0,0,0,0.0,0.0,406
성동구,금호1가동,패션/뷰티,20254,11200,11200590,34,34,0,1,0,0.0,0.029411764705882353,406
성동구,금호2?3가동,교육,20254,11200,11200615,67,70,0,1,3,0.0,0.014925373134328358,793
성동구,금호2?3가동,생활/홈인테리어,20254,11200,11200615,37,37,1,0,0,0.02702702702702703,0.0,793
성동구,금호2?3가동,생활서비스,20254,11200,11200615,115,130,3,4,15,0.02608695652173913,0.034782608695652174,793
성동구,금호2?3가동,숙박/부동산,20254,11200,11200615,69,70,0,1,1,0.0,0.014492753623188406,793
성동구,금호2?3가동,식품/식재료,20254,11200,11200615,63,76,1,3,13,0.015873015873015872,0.047619047619047616,793
성동구,금호2?3가동,오락/여가,20254,11200,11200615,17,17,0,0,0,0.0,0.0,793
성동구,금호2?3가동,외식/F&B,20254,11200,11200615,212,258,9,9,46,0.04245283018867924,0.04245283018867924,793
성동구,금호2?3가동,의료/건강,20254,11200,11200615,60,60,2,0,0,0.03333333333333333,0.0,793
성동구,금호2?3가동,자동차/이동수단,20254,11200,11200615,1,1,0,0,0,0.0,0.0,793
성동구,금호2?3가동,전자/디지털,20254,11200,11200615,65,65,0,3,0,0.0,0.046153846153846156,793
성동구,금호2?3가동,패션/뷰티,20254,11200,11200615,87,89,2,0,2,0.022988505747126436,0.0,793
성동구,금호4가동,교육,20254,11200,11200620,65,71,0,3,6,0.0,0.046153846153846156,512
성동구,금호4가동,생활/홈인테리어,20254,11200,11200620,27,27,2,0,0,0.07407407407407407,0.0,512
성동구,금호4가동,생활서비스,20254,11200,11200620,80,90,2,1,10,0.025,0.0125,512
성동구,금호4가동,숙박/부동산,20254,11200,11200620,44,44,0,0,0,0.0,0.0,512
성동구,금호4가동,식품/식재료,20254,11200,11200620,24,33,1,0,9,0.041666666666666664,0.0,512
성동구,금호4가동,오락/여가,20254,11200,11200620,19,19,0,1,0,0.0,0.05263157894736842,512
성동구,금호4가동,외식/F&B,20254,11200,11200620,111,139,5,5,28,0.04504504504504504,0.04504504504504504,512
성동구,금호4가동,의료/건강,20254,11200,11200620,51,51,0,0,0,0.0,0.0,512
성동구,금호4가동,자동차/이동수단,20254,11200,11200620,8,8,0,0,0,0.0,0.0,512
성동구,금호4가동,전문서비스,20254,11200,11200620,3,3,0,0,0,0.0,0.0,512
성동구,금호4가동,전자/디지털,20254,11200,11200620,44,44,0,0,0,0.0,0.0,512
성동구,금호4가동,패션/뷰티,20254,11200,11200620,36,40,0,0,4,0.0,0.0,512
성동구,마장동,교육,20254,11200,11200540,41,45,0,3,4,0.0,0.07317073170731707,2188
성동구,마장동,생활/홈인테리어,20254,11200,11200540,37,37,2,1,0,0.05405405405405406,0.02702702702702703,2188
성동구,마장동,생활서비스,20254,11200,11200540,107,110,1,1,3,0.009345794392523364,0.009345794392523364,2188
성동구,마장동,숙박/부동산,20254,11200,11200540,57,57,0,0,0,0.0,0.0,2188
성동구,마장동,식품/식재료,20254,11200,11200540,1579,1595,8,20,16,0.00506649778340722,0.01266624445851805,2188
성동구,마장동,오락/여가,20254,11200,11200540,30,30,1,0,0,0.03333333333333333,0.0,2188
성동구,마장동,외식/F&B,20254,11200,11200540,181,208,6,14,27,0.03314917127071823,0.07734806629834254,2188
성동구,마장동,의료/건강,20254,11200,11200540,34,34,0,1,0,0.0,0.029411764705882353,2188
성동구,마장동,자동차/이동수단,20254,11200,11200540,20,20,0,0,0,0.0,0.0,2188
성동구,마장동,전문서비스,20254,11200,11200540,17,17,0,0,0,0.0,0.0,2188
성동구,마장동,전자/디지털,20254,11200,11200540,45,45,0,0,0,0.0,0.0,2188
성동구,마장동,패션/뷰티,20254,11200,11200540,40,41,2,1,1,0.05,0.025,2188
성동구,사근동,교육,20254,11200,11200550,24,24,0,1,0,0.0,0.041666666666666664,694
성동구,사근동,생활/홈인테리어,20254,11200,11200550,13,13,0,0,0,0.0,0.0,694
성동구,사근동,생활서비스,20254,11200,11200550,71,75,1,3,4,0.014084507042253521,0.04225352112676056,694
성동구,사근동,숙박/부동산,20254,11200,11200550,57,58,0,3,1,0.0,0.05263157894736842,694
성동구,사근동,식품/식재료,20254,11200,11200550,43,67,4,2,24,0.09302325581395349,0.046511627906976744,694
성동구,사근동,오락/여가,20254,11200,11200550,46,53,2,2,7,0.043478260869565216,0.043478260869565216,694
성동구,사근동,외식/F&B,20254,11200,11200550,346,458,7,7,112,0.02023121387283237,0.02023121387283237,694
성동구,사근동,의료/건강,20254,11200,11200550,27,27,0,1,0,0.0,0.037037037037037035,694
성동구,사근동,자동차/이동수단,20254,11200,11200550,2,2,0,0,0,0.0,0.0,694
성동구,사근동,전문서비스,20254,11200,11200550,4,4,0,0,0,0.0,0.0,694
성동구,사근동,전자/디지털,20254,11200,11200550,33,33,0,0,0,0.0,0.0,694
성동구,사근동,패션/뷰티,20254,11200,11200550,28,32,0,0,4,0.0,0.0,694
성동구,성수1가1동,교육,20254,11200,11200650,74,77,0,0,3,0.0,0.0,1048
성동구,성수1가1동,생활/홈인테리어,20254,11200,11200650,54,54,1,2,0,0.018518518518518517,0.037037037037037035,1048
성동구,성수1가1동,생활서비스,20254,11200,11200650,182,193,3,1,11,0.016483516483516484,0.005494505494505495,1048
성동구,성수1가1동,숙박/부동산,20254,11200,11200650,103,103,0,0,0,0.0,0.0,1048
성동구,성수1가1동,식품/식재료,20254,11200,11200650,53,71,11,1,18,0.20754716981132076,0.018867924528301886,1048
성동구,성수1가1동,오락/여가,20254,11200,11200650,22,23,0,1,1,0.0,0.045454545454545456,1048
성동구,성수1가1동,외식/F&B,20254,11200,11200650,263,304,5,9,41,0.019011406844106463,0.034220532319391636,1048
성동구,성수1가1동,의료/건강,20254,11200,11200650,32,33,0,1,1,0.0,0.03125,1048
성동구,성수1가1동,자동차/이동수단,20254,11200,11200650,19,19,0,0,0,0.0,0.0,1048
성동구,성수1가1동,전문서비스,20254,11200,11200650,17,17,0,0,0,0.0,0.0,1048
성동구,성수1가1동,전자/디지털,20254,11200,11200650,77,77,0,1,0,0.0,0.012987012987012988,1048
성동구,성수1가1동,패션/뷰티,20254,11200,11200650,152,155,3,2,3,0.019736842105263157,0.013157894736842105,1048
성동구,성수1가2동,교육,20254,11200,11200660,103,105,2,0,2,0.019417475728155338,0.0,2003
성동구,성수1가2동,생활/홈인테리어,20254,11200,11200660,98,98,0,2,0,0.0,0.02040816326530612,2003
성동구,성수1가2동,생활서비스,20254,11200,11200660,251,263,9,4,12,0.035856573705179286,0.01593625498007968,2003
성동구,성수1가2동,숙박/부동산,20254,11200,11200660,111,113,0,3,2,0.0,0.02702702702702703,2003
성동구,성수1가2동,식품/식재료,20254,11200,11200660,99,126,3,4,27,0.030303030303030304,0.04040404040404041,2003
성동구,성수1가2동,오락/여가,20254,11200,11200660,36,38,3,2,2,0.08333333333333333,0.05555555555555555,2003
성동구,성수1가2동,외식/F&B,20254,11200,11200660,681,758,26,28,77,0.0381791483113069,0.041116005873715125,2003
성동구,성수1가2동,의료/건강,20254,11200,11200660,85,87,0,1,2,0.0,0.011764705882352941,2003
성동구,성수1가2동,자동차/이동수단,20254,11200,11200660,41,41,0,0,0,0.0,0.0,2003
성동구,성수1가2동,전문서비스,20254,11200,11200660,64,64,2,0,0,0.03125,0.0,2003
성동구,성수1가2동,전자/디지털,20254,11200,11200660,123,123,0,4,0,0.0,0.032520325203252036,2003
성동구,성수1가2동,패션/뷰티,20254,11200,11200660,311,312,7,5,1,0.022508038585209004,0.01607717041800643,2003
성동구,성수2가1동,교육,20254,11200,11200670,34,34,1,1,0,0.029411764705882353,0.029411764705882353,1471
성동구,성수2가1동,생활/홈인테리어,20254,11200,11200670,92,92,2,2,0,0.021739130434782608,0.021739130434782608,1471
성동구,성수2가1동,생활서비스,20254,11200,11200670,176,185,3,3,9,0.017045454545454544,0.017045454545454544,1471
성동구,성수2가1동,숙박/부동산,20254,11200,11200670,93,93,0,1,0,0.0,0.010752688172043012,1471
성동구,성수2가1동,식품/식재료,20254,11200,11200670,103,127,7,2,24,0.06796116504854369,0.019417475728155338,1471
성동구,성수2가1동,오락/여가,20254,11200,11200670,47,47,2,4,0,0.0425531914893617,0.0851063829787234,1471
성동구,성수2가1동,외식/F&B,20254,11200,11200670,475,526,18,19,51,0.037894736842105266,0.04,1471
성동구,성수2가1동,의료/건강,20254,11200,11200670,54,55,1,0,1,0.018518518518518517,0.0,1471
성동구,성수2가1동,자동차/이동수단,20254,11200,11200670,23,23,0,0,0,0.0,0.0,1471
성동구,성수2가1동,전문서비스,20254,11200,11200670,10,10,0,0,0,0.0,0.0,1471
성동구,성수2가1동,전자/디지털,20254,11200,11200670,97,97,0,1,0,0.0,0.010309278350515464,1471
성동구,성수2가1동,패션/뷰티,20254,11200,11200670,267,273,7,6,6,0.026217228464419477,0.02247191011235955,1471
성동구,성수2가3동,교육,20254,11200,11200690,88,95,9,0,7,0.10227272727272728,0.0,3023
성동구,성수2가3동,생활/홈인테리어,20254,11200,11200690,160,161,3,0,1,0.01875,0.0,3023
성동구,성수2가3동,생활서비스,20254,11200,11200690,360,372,8,8,12,0.022222222222222223,0.022222222222222223,3023
성동구,성수2가3동,숙박/부동산,20254,11200,11200690,172,173,0,3,1,0.0,0.01744186046511628,3023
성동구,성수2가3동,식품/식재료,20254,11200,11200690,184,232,7,3,48,0.03804347826086957,0.016304347826086956,3023
성동구,성수2가3동,오락/여가,20254,11200,11200690,73,75,3,4,2,0.0410958904109589,0.0547945205479452,3023
성동구,성수2가3동,외식/F&B,20254,11200,11200690,708,830,30,28,122,0.0423728813559322,0.03954802259887006,3023
성동구,성수2가3동,의료/건강,20254,11200,11200690,126,127,1,1,1,0.007936507936507936,0.007936507936507936,3023
성동구,성수2가3동,자동차/이동수단,20254,11200,11200690,112,112,1,1,0,0.008928571428571428,0.008928571428571428,3023
성동구,성수2가3동,전문서비스,20254,11200,11200690,193,193,2,3,0,0.010362694300518135,0.015544041450777202,3023
성동구,성수2가3동,전자/디지털,20254,11200,11200690,219,219,0,0,0,0.0,0.0,3023
성동구,성수2가3동,패션/뷰티,20254,11200,11200690,628,635,21,11,7,0.03343949044585987,0.01751592356687898,3023
성동구,송정동,교육,20254,11200,11200720,25,27,1,0,2,0.04,0.0,447
성동구,송정동,생활/홈인테리어,20254,11200,11200720,23,23,0,1,0,0.0,0.043478260869565216,447
성동구,송정동,생활서비스,20254,11200,11200720,79,80,2,2,1,0.02531645569620253,0.02531645569620253,447
성동구,송정동,숙박/부동산,20254,11200,11200720,27,27,0,0,0,0.0,0.0,447
성동구,송정동,식품/식재료,20254,11200,11200720,28,34,0,1,6,0.0,0.03571428571428571,447
성동구,송정동,오락/여가,20254,11200,11200720,13,14,0,0,1,0.0,0.0,447
성동구,송정동,외식/F&B,20254,11200,11200720,91,96,7,2,5,0.07692307692307693,0.02197802197802198,447
성동구,송정동,의료/건강,20254,11200,11200720,12,12,0,0,0,0.0,0.0,447
성동구,송정동,자동차/이동수단,20254,11200,11200720,24,24,0,1,0,0.0,0.041666666666666664,447
성동구,송정동,전문서비스,20254,11200,11200720,53,53,0,0,0,0.0,0.0,447
성동구,송정동,전자/디지털,20254,11200,11200720,39,39,0,1,0,0.0,0.02564102564102564,447
성동구,송정동,패션/뷰티,20254,11200,11200720,33,33,2,0,0,0.06060606060606061,0.0,447
성동구,옥수동,교육,20254,11200,11200645,135,143,3,1,8,0.022222222222222223,0.007407407407407408,786
성동구,옥수동,생활/홈인테리어,20254,11200,11200645,27,27,0,0,0,0.0,0.0,786
성동구,옥수동,생활서비스,20254,11200,11200645,122,136,0,0,14,0.0,0.0,786
성동구,옥수동,숙박/부동산,20254,11200,11200645,80,80,0,0,0,0.0,0.0,786
성동구,옥수동,식품/식재료,20254,11200,11200645,46,66,0,1,20,0.0,0.021739130434782608,786
성동구,옥수동,오락/여가,20254,11200,11200645,17,19,1,0,2,0.058823529411764705,0.0,786
성동구,옥수동,외식/F&B,20254,11200,11200645,137,172,4,8,35,0.029197080291970802,0.058394160583941604,786
성동구,옥수동,의료/건강,20254,11200,11200645,60,61,1,0,1,0.016666666666666666,0.0,786
성동구,옥수동,자동차/이동수단,20254,11200,11200645,4,4,0,0,0,0.0,0.0,786
성동구,옥수동,전문서비스,20254,11200,11200645,11,11,0,0,0,0.0,0.0,786
성동구,옥수동,전자/디지털,20254,11200,11200645,80,80,0,2,0,0.0,0.025,786
성동구,옥수동,패션/뷰티,20254,11200,11200645,67,70,0,1,3,0.0,0.014925373134328358,786
성동구,왕십리2동,교육,20254,11200,11200520,41,44,2,2,3,0.04878048780487805,0.04878048780487805,521
성동구,왕십리2동,생활/홈인테리어,20254,11200,11200520,28,28,0,0,0,0.0,0.0,521
성동구,왕십리2동,생활서비스,20254,11200,11200520,96,103,3,1,7,0.03125,0.010416666666666666,521
성동구,왕십리2동,숙박/부동산,20254,11200,11200520,52,52,0,1,0,0.0,0.019230769230769232,521
성동구,왕십리2동,식품/식재료,20254,11200,11200520,38,52,2,1,14,0.05263157894736842,0.02631578947368421,521
성동구,왕십리2동,오락/여가,20254,11200,11200520,14,14,0,1,0,0.0,0.07142857142857142,521
성동구,왕십리2동,외식/F&B,20254,11200,11200520,113,141,5,3,28,0.04424778761061947,0.02654867256637168,521
성동구,왕십리2동,의료/건강,20254,11200,11200520,30,30,2,0,0,0.06666666666666667,0.0,521
성동구,왕십리2동,자동차/이동수단,20254,11200,11200520,2,2,0,0,0,0.0,0.0,521
성동구,왕십리2동,전문서비스,20254,11200,11200520,7,7,0,0,0,0.0,0.0,521
성동구,왕십리2동,전자/디지털,20254,11200,11200520,46,46,0,0,0,0.0,0.0,521
성동구,왕십리2동,패션/뷰티,20254,11200,11200520,54,60,0,2,6,0.0,0.037037037037037035,521
성동구,왕십리도선동,교육,20254,11200,11200535,159,172,1,3,13,0.006289308176100629,0.018867924528301886,1708
성동구,왕십리도선동,생활/홈인테리어,20254,11200,11200535,75,75,1,3,0,0.013333333333333334,0.04,1708
성동구,왕십리도선동,생활서비스,20254,11200,11200535,282,295,7,6,13,0.024822695035460994,0.02127659574468085,1708
성동구,왕십리도선동,숙박/부동산,20254,11200,11200535,173,173,1,1,0,0.005780346820809248,0.005780346820809248,1708
성동구,왕십리도선동,식품/식재료,20254,11200,11200535,139,168,1,4,29,0.007194244604316547,0.02877697841726619,1708
성동구,왕십리도선동,오락/여가,20254,11200,11200535,39,41,3,0,2,0.07692307692307693,0.0,1708
성동구,왕십리도선동,외식/F&B,20254,11200,11200535,391,501,12,26,110,0.030690537084398978,0.06649616368286446,1708
성동구,왕십리도선동,의료/건강,20254,11200,11200535,127,132,0,0,5,0.0,0.0,1708
성동구,왕십리도선동,자동차/이동수단,20254,11200,11200535,11,11,0,0,0,0.0,0.0,1708
성동구,왕십리도선동,전문서비스,20254,11200,11200535,32,32,0,0,0,0.0,0.0,1708
성동구,왕십리도선동,전자/디지털,20254,11200,11200535,119,120,1,3,1,0.008403361344537815,0.025210084033613446,1708
성동구,왕십리도선동,패션/뷰티,20254,11200,11200535,161,163,3,2,2,0.018633540372670808,0.012422360248447204,1708
성동구,용답동,교육,20254,11200,11200790,30,32,1,0,2,0.03333333333333333,0.0,1103
성동구,용답동,생활/홈인테리어,20254,11200,11200790,24,24,0,1,0,0.0,0.041666666666666664,1103
성동구,용답동,생활서비스,20254,11200,11200790,192,198,6,1,6,0.03125,0.005208333333333333,1103
성동구,용답동,숙박/부동산,20254,11200,11200790,68,68,0,1,0,0.0,0.014705882352941176,1103
성동구,용답동,식품/식재료,20254,11200,11200790,84,100,1,2,16,0.011904761904761904,0.023809523809523808,1103
성동구,용답동,오락/여가,20254,11200,11200790,28,29,1,2,1,0.03571428571428571,0.07142857142857142,1103
성동구,용답동,외식/F&B,20254,11200,11200790,200,241,6,6,41,0.03,0.03,1103
성동구,용답동,의료/건강,20254,11200,11200790,42,43,0,1,1,0.0,0.023809523809523808,1103
성동구,용답동,자동차/이동수단,20254,11200,11200790,272,272,0,4,0,0.0,0.014705882352941176,1103
성동구,용답동,전문서비스,20254,11200,11200790,12,12,0,0,0,0.0,0.0,1103
성동구,용답동,전자/디지털,20254,11200,11200790,54,54,0,1,0,0.0,0.018518518518518517,1103
성동구,용답동,패션/뷰티,20254,11200,11200790,97,100,1,2,3,0.010309278350515464,0.020618556701030927,1103
성동구,응봉동,교육,20254,11200,11200580,40,41,1,0,1,0.025,0.0,255
성동구,응봉동,생활/홈인테리어,20254,11200,11200580,13,13,1,0,0,0.07692307692307693,0.0,255
성동구,응봉동,생활서비스,20254,11200,11200580,40,47,1,1,7,0.025,0.025,255
성동구,응봉동,숙박/부동산,20254,11200,11200580,23,23,0,0,0,0.0,0.0,255
성동구,응봉동,식품/식재료,20254,11200,11200580,25,31,0,0,6,0.0,0.0,255
성동구,응봉동,오락/여가,20254,11200,11200580,10,10,0,0,0,0.0,0.0,255
성동구,응봉동,외식/F&B,20254,11200,11200580,26,35,1,1,9,0.038461538461538464,0.038461538461538464,255
성동구,응봉동,의료/건강,20254,11200,11200580,11,11,0,0,0,0.0,0.0,255
성동구,응봉동,자동차/이동수단,20254,11200,11200580,1,1,0,0,0,0.0,0.0,255
성동구,응봉동,전자/디지털,20254,11200,11200580,43,43,0,2,0,0.0,0.046511627906976744,255
성동구,응봉동,패션/뷰티,20254,11200,11200580,23,23,1,1,0,0.043478260869565216,0.043478260869565216,255
성동구,행당1동,교육,20254,11200,11200560,111,115,4,1,4,0.036036036036036036,0.009009009009009009,1050
성동구,행당1동,생활/홈인테리어,20254,11200,11200560,36,36,1,2,0,0.027777777777777776,0.05555555555555555,1050
성동구,행당1동,생활서비스,20254,11200,11200560,123,132,3,4,9,0.024390243902439025,0.032520325203252036,1050
성동구,행당1동,숙박/부동산,20254,11200,11200560,60,60,0,0,0,0.0,0.0,1050
성동구,행당1동,식품/식재료,20254,11200,11200560,94,115,3,2,21,0.031914893617021274,0.02127659574468085,1050
성동구,행당1동,오락/여가,20254,11200,11200560,33,36,1,2,3,0.030303030303030304,0.06060606060606061,1050
성동구,행당1동,외식/F&B,20254,11200,11200560,267,362,17,17,95,0.06367041198501873,0.06367041198501873,1050
성동구,행당1동,의료/건강,20254,11200,11200560,80,81,0,1,1,0.0,0.0125,1050
성동구,행당1동,자동차/이동수단,20254,11200,11200560,9,9,0,0,0,0.0,0.0,1050
성동구,행당1동,전문서비스,20254,11200,11200560,16,16,0,1,0,0.0,0.0625,1050
성동구,행당1동,전자/디지털,20254,11200,11200560,52,52,0,0,0,0.0,0.0,1050
성동구,행당1동,패션/뷰티,20254,11200,11200560,169,175,1,6,6,0.005917159763313609,0.03550295857988166,1050
성동구,행당2동,교육,20254,11200,11200570,123,137,1,1,14,0.008130081300813009,0.008130081300813009,485
성동구,행당2동,생활/홈인테리어,20254,11200,11200570,22,22,0,0,0,0.0,0.0,485
성동구,행당2동,생활서비스,20254,11200,11200570,77,88,1,0,11,0.012987012987012988,0.0,485
성동구,행당2동,숙박/부동산,20254,11200,11200570,37,37,0,0,0,0.0,0.0,485
성동구,행당2동,식품/식재료,20254,11200,11200570,33,42,1,2,9,0.030303030303030304,0.06060606060606061,485
성동구,행당2동,오락/여가,20254,11200,11200570,10,10,0,0,0,0.0,0.0,485
성동구,행당2동,외식/F&B,20254,11200,11200570,46,75,0,5,29,0.0,0.10869565217391304,485
성동구,행당2동,의료/건강,20254,11200,11200570,36,38,0,0,2,0.0,0.0,485
성동구,행당2동,자동차/이동수단,20254,11200,11200570,1,1,0,0,0,0.0,0.0,485
성동구,행당2동,전문서비스,20254,11200,11200570,3,3,0,0,0,0.0,0.0,485
성동구,행당2동,전자/디지털,20254,11200,11200570,40,40,0,1,0,0.0,0.025,485
성동구,행당2동,패션/뷰티,20254,11200,11200570,57,57,0,0,0,0.0,0.0,485
성북구,길음1동,교육,20254,11290,11290660,184,201,4,0,17,0.021739130434782608,0.0,879
성북구,길음1동,생활/홈인테리어,20254,11290,11290660,37,37,0,1,0,0.0,0.02702702702702703,879
성북구,길음1동,생활서비스,20254,11290,11290660,123,134,3,2,11,0.024390243902439025,0.016260162601626018,879
성북구,길음1동,숙박/부동산,20254,11290,11290660,60,61,0,2,1,0.0,0.03333333333333333,879
성북구,길음1동,식품/식재료,20254,11290,11290660,71,89,2,3,18,0.028169014084507043,0.04225352112676056,879
성북구,길음1동,오락/여가,20254,11290,11290660,36,36,2,0,0,0.05555555555555555,0.0,879
성북구,길음1동,외식/F&B,20254,11290,11290660,105,177,7,8,72,0.06666666666666667,0.0761904761904762,879
성북구,길음1동,의료/건강,20254,11290,11290660,79,81,0,1,2,0.0,0.012658227848101266,879
성북구,길음1동,자동차/이동수단,20254,11290,11290660,6,6,0,0,0,0.0,0.0,879
성북구,길음1동,전문서비스,20254,11290,11290660,5,5,0,0,0,0.0,0.0,879
성북구,길음1동,전자/디지털,20254,11290,11290660,94,94,1,2,0,0.010638297872340425,0.02127659574468085,879
성북구,길음1동,패션/뷰티,20254,11290,11290660,79,82,1,1,3,0.012658227848101266,0.012658227848101266,879
성북구,길음2동,교육,20254,11290,11290685,132,147,3,2,15,0.022727272727272728,0.015151515151515152,1046
성북구,길음2동,생활/홈인테리어,20254,11290,11290685,30,30,0,0,0,0.0,0.0,1046
성북구,길음2동,생활서비스,20254,11290,11290685,109,120,3,2,11,0.027522935779816515,0.01834862385321101,1046
성북구,길음2동,숙박/부동산,20254,11290,11290685,70,70,0,1,0,0.0,0.014285714285714285,1046
성북구,길음2동,식품/식재료,20254,11290,11290685,41,51,2,4,10,0.04878048780487805,0.0975609756097561,1046
성북구,길음2동,오락/여가,20254,11290,11290685,20,21,0,0,1,0.0,0.0,1046
성북구,길음2동,외식/F&B,20254,11290,11290685,164,214,6,7,50,0.036585365853658534,0.042682926829268296,1046
성북구,길음2동,의료/건강,20254,11290,11290685,50,56,1,2,6,0.02,0.04,1046
성북구,길음2동,자동차/이동수단,20254,11290,11290685,8,8,0,0,0,0.0,0.0,1046
성북구,길음2동,전문서비스,20254,11290,11290685,5,5,0,0,0,0.0,0.0,1046
성북구,길음2동,전자/디지털,20254,11290,11290685,65,65,0,1,0,0.0,0.015384615384615385,1046
성북구,길음2동,패션/뷰티,20254,11290,11290685,352,361,2,15,9,0.005681818181818182,0.04261363636363636,1046
성북구,돈암1동,교육,20254,11290,11290580,119,122,1,1,3,0.008403361344537815,0.008403361344537815,332
성북구,돈암1동,생활/홈인테리어,20254,11290,11290580,15,15,0,0,0,0.0,0.0,332
성북구,돈암1동,생활서비스,20254,11290,11290580,39,39,1,6,0,0.02564102564102564,0.15384615384615385,332
성북구,돈암1동,숙박/부동산,20254,11290,11290580,24,25,0,0,1,0.0,0.0,332
성북구,돈암1동,식품/식재료,20254,11290,11290580,15,22,0,0,7,0.0,0.0,332
성북구,돈암1동,오락/여가,20254,11290,11290580,6,6,0,0,0,0.0,0.0,332
성북구,돈암1동,외식/F&B,20254,11290,11290580,30,40,3,0,10,0.1,0.0,332
성북구,돈암1동,의료/건강,20254,11290,11290580,16,16,0,0,0,0.0,0.0,332
성북구,돈암1동,자동차/이동수단,20254,11290,11290580,2,2,0,0,0,0.0,0.0,332
성북구,돈암1동,전문서비스,20254,11290,11290580,2,2,0,0,0,0.0,0.0,332
성북구,돈암1동,전자/디지털,20254,11290,11290580,40,40,0,0,0,0.0,0.0,332
성북구,돈암1동,패션/뷰티,20254,11290,11290580,24,24,0,0,0,0.0,0.0,332
성북구,돈암2동,교육,20254,11290,11290590,100,110,3,3,10,0.03,0.03,421
성북구,돈암2동,생활/홈인테리어,20254,11290,11290590,18,18,0,0,0,0.0,0.0,421
성북구,돈암2동,생활서비스,20254,11290,11290590,60,64,0,0,4,0.0,0.0,421
성북구,돈암2동,숙박/부동산,20254,11290,11290590,40,40,0,1,0,0.0,0.025,421
성북구,돈암2동,식품/식재료,20254,11290,11290590,27,36,0,0,9,0.0,0.0,421
성북구,돈암2동,오락/여가,20254,11290,11290590,12,16,1,0,4,0.08333333333333333,0.0,421
성북구,돈암2동,외식/F&B,20254,11290,11290590,43,57,2,1,14,0.046511627906976744,0.023255813953488372,421
성북구,돈암2동,의료/건강,20254,11290,11290590,20,21,1,0,1,0.05,0.0,421
성북구,돈암2동,자동차/이동수단,20254,11290,11290590,1,1,0,1,0,0.0,1.0,421
성북구,돈암2동,전문서비스,20254,11290,11290590,1,1,0,0,0,0.0,0.0,421
성북구,돈암2동,전자/디지털,20254,11290,11290590,61,61,0,2,0,0.0,0.03278688524590164,421
성북구,돈암2동,패션/뷰티,20254,11290,11290590,38,38,0,0,0,0.0,0.0,421
성북구,동선동,교육,20254,11290,11290575,152,158,5,3,6,0.03289473684210526,0.019736842105263157,1675
성북구,동선동,생활/홈인테리어,20254,11290,11290575,46,46,0,2,0,0.0,0.043478260869565216,1675
성북구,동선동,생활서비스,20254,11290,11290575,301,318,9,6,17,0.029900332225913623,0.019933554817275746,1675
성북구,동선동,숙박/부동산,20254,11290,11290575,110,112,0,1,2,0.0,0.00909090909090909,1675
성북구,동선동,식품/식재료,20254,11290,11290575,63,92,3,0,29,0.047619047619047616,0.0,1675
성북구,동선동,오락/여가,20254,11290,11290575,85,91,3,3,6,0.03529411764705882,0.03529411764705882,1675
성북구,동선동,외식/F&B,20254,11290,11290575,561,719,21,32,158,0.0374331550802139,0.0570409982174688,1675
성북구,동선동,의료/건강,20254,11290,11290575,94,96,1,1,2,0.010638297872340425,0.010638297872340425,1675
성북구,동선동,자동차/이동수단,20254,11290,11290575,4,4,0,0,0,0.0,0.0,1675
성북구,동선동,전문서비스,20254,11290,11290575,6,6,0,0,0,0.0,0.0,1675
성북구,동선동,전자/디지털,20254,11290,11290575,82,82,1,2,0,0.012195121951219513,0.024390243902439025,1675
성북구,동선동,패션/뷰티,20254,11290,11290575,171,182,4,2,11,0.023391812865497075,0.011695906432748537,1675
성북구,보문동,교육,20254,11290,11290610,40,42,1,2,2,0.025,0.05,695
성북구,보문동,생활/홈인테리어,20254,11290,11290610,41,41,1,0,0,0.024390243902439025,0.0,695
성북구,보문동,생활서비스,20254,11290,11290610,122,126,3,1,4,0.02459016393442623,0.00819672131147541,695
성북구,보문동,숙박/부동산,20254,11290,11290610,53,53,0,0,0,0.0,0.0,695
성북구,보문동,식품/식재료,20254,11290,11290610,51,68,1,1,17,0.0196078431372549,0.0196078431372549,695
성북구,보문동,오락/여가,20254,11290,11290610,15,17,1,0,2,0.06666666666666667,0.0,695
성북구,보문동,외식/F&B,20254,11290,11290610,159,187,8,5,28,0.050314465408805034,0.031446540880503145,695
성북구,보문동,의료/건강,20254,11290,11290610,30,31,0,0,1,0.0,0.0,695
성북구,보문동,자동차/이동수단,20254,11290,11290610,14,14,0,1,0,0.0,0.07142857142857142,695
성북구,보문동,전문서비스,20254,11290,11290610,10,10,0,0,0,0.0,0.0,695
성북구,보문동,전자/디지털,20254,11290,11290610,84,84,0,2,0,0.0,0.023809523809523808,695
성북구,보문동,패션/뷰티,20254,11290,11290610,76,77,2,3,1,0.02631578947368421,0.039473684210526314,695
성북구,삼선동,교육,20254,11290,11290555,127,132,4,4,5,0.031496062992125984,0.031496062992125984,1385
성북구,삼선동,생활/홈인테리어,20254,11290,11290555,57,58,0,0,1,0.0,0.0,1385
성북구,삼선동,생활서비스,20254,11290,11290555,185,189,2,2,4,0.010810810810810811,0.010810810810810811,1385
성북구,삼선동,숙박/부동산,20254,11290,11290555,88,88,0,1,0,0.0,0.011363636363636364,1385
성북구,삼선동,식품/식재료,20254,11290,11290555,103,121,5,2,18,0.04854368932038835,0.019417475728155338,1385
성북구,삼선동,오락/여가,20254,11290,11290555,46,48,3,3,2,0.06521739130434782,0.06521739130434782,1385
성북구,삼선동,외식/F&B,20254,11290,11290555,449,520,20,18,71,0.044543429844097995,0.0400890868596882,1385
성북구,삼선동,의료/건강,20254,11290,11290555,89,92,0,0,3,0.0,0.0,1385
성북구,삼선동,자동차/이동수단,20254,11290,11290555,10,10,1,0,0,0.1,0.0,1385
성북구,삼선동,전문서비스,20254,11290,11290555,40,40,0,0,0,0.0,0.0,1385
성북구,삼선동,전자/디지털,20254,11290,11290555,84,84,1,1,0,0.011904761904761904,0.011904761904761904,1385
성북구,삼선동,패션/뷰티,20254,11290,11290555,107,111,3,1,4,0.028037383177570093,0.009345794392523364,1385
성북구,석관동,교육,20254,11290,11290810,85,91,0,3,6,0.0,0.03529411764705882,1251
성북구,석관동,생활/홈인테리어,20254,11290,11290810,71,71,0,2,0,0.0,0.028169014084507043,1251
성북구,석관동,생활서비스,20254,11290,11290810,208,219,4,2,11,0.019230769230769232,0.009615384615384616,1251
성북구,석관동,숙박/부동산,20254,11290,11290810,99,99,0,0,0,0.0,0.0,1251
성북구,석관동,식품/식재료,20254,11290,11290810,100,127,3,2,27,0.03,0.02,1251
성북구,석관동,오락/여가,20254,11290,11290810,45,51,1,4,6,0.022222222222222223,0.08888888888888889,1251
성북구,석관동,외식/F&B,20254,11290,11290810,336,425,12,15,89,0.03571428571428571,0.044642857142857144,1251
성북구,석관동,의료/건강,20254,11290,11290810,80,82,0,0,2,0.0,0.0,1251
성북구,석관동,자동차/이동수단,20254,11290,11290810,15,15,0,0,0,0.0,0.0,1251
성북구,석관동,전문서비스,20254,11290,11290810,3,3,0,0,0,0.0,0.0,1251
성북구,석관동,전자/디지털,20254,11290,11290810,96,96,0,1,0,0.0,0.010416666666666666,1251
성북구,석관동,패션/뷰티,20254,11290,11290810,113,115,2,1,2,0.017699115044247787,0.008849557522123894,1251
성북구,성북동,교육,20254,11290,11290525,89,93,1,4,4,0.011235955056179775,0.0449438202247191,942
성북구,성북동,생활/홈인테리어,20254,11290,11290525,59,59,1,2,0,0.01694915254237288,0.03389830508474576,942
성북구,성북동,생활서비스,20254,11290,11290525,136,143,2,3,7,0.014705882352941176,0.022058823529411766,942
성북구,성북동,숙박/부동산,20254,11290,11290525,81,81,0,1,0,0.0,0.012345679012345678,942
성북구,성북동,식품/식재료,20254,11290,11290525,47,60,0,0,13,0.0,0.0,942
성북구,성북동,오락/여가,20254,11290,11290525,14,16,2,1,2,0.14285714285714285,0.07142857142857142,942
성북구,성북동,외식/F&B,20254,11290,11290525,260,283,10,8,23,0.038461538461538464,0.03076923076923077,942
성북구,성북동,의료/건강,20254,11290,11290525,51,52,2,0,1,0.0392156862745098,0.0,942
성북구,성북동,자동차/이동수단,20254,11290,11290525,6,6,0,0,0,0.0,0.0,942
성북구,성북동,전문서비스,20254,11290,11290525,8,8,0,0,0,0.0,0.0,942
성북구,성북동,전자/디지털,20254,11290,11290525,80,80,0,0,0,0.0,0.0,942
성북구,성북동,패션/뷰티,20254,11290,11290525,111,116,6,2,5,0.05405405405405406,0.018018018018018018,942
성북구,안암동,교육,20254,11290,11290600,53,56,0,2,3,0.0,0.03773584905660377,965
성북구,안암동,생활/홈인테리어,20254,11290,11290600,33,33,0,0,0,0.0,0.0,965
성북구,안암동,생활서비스,20254,11290,11290600,114,123,2,2,9,0.017543859649122806,0.017543859649122806,965
성북구,안암동,숙박/부동산,20254,11290,11290600,67,67,0,2,0,0.0,0.029850746268656716,965
성북구,안암동,식품/식재료,20254,11290,11290600,36,83,2,0,47,0.05555555555555555,0.0,965
성북구,안암동,오락/여가,20254,11290,11290600,54,63,2,2,9,0.037037037037037035,0.037037037037037035,965
성북구,안암동,외식/F&B,20254,11290,11290600,398,533,17,16,135,0.04271356783919598,0.04020100502512563,965
성북구,안암동,의료/건강,20254,11290,11290600,42,43,0,1,1,0.0,0.023809523809523808,965
성북구,안암동,자동차/이동수단,20254,11290,11290600,12,12,0,0,0,0.0,0.0,965
성북구,안암동,전문서비스,20254,11290,11290600,4,4,0,0,0,0.0,0.0,965
성북구,안암동,전자/디지털,20254,11290,11290600,62,62,1,1,0,0.016129032258064516,0.016129032258064516,965
성북구,안암동,패션/뷰티,20254,11290,11290600,90,95,5,0,5,0.05555555555555555,0.0,965
성북구,월곡1동,교육,20254,11290,11290715,111,120,2,2,9,0.018018018018018018,0.018018018018018018,804
성북구,월곡1동,생활/홈인테리어,20254,11290,11290715,54,54,0,2,0,0.0,0.037037037037037035,804
성북구,월곡1동,생활서비스,20254,11290,11290715,114,127,1,4,13,0.008771929824561403,0.03508771929824561,804
성북구,월곡1동,숙박/부동산,20254,11290,11290715,57,57,0,0,0,0.0,0.0,804
성북구,월곡1동,식품/식재료,20254,11290,11290715,74,86,2,4,12,0.02702702702702703,0.05405405405405406,804
성북구,월곡1동,오락/여가,20254,11290,11290715,21,22,1,1,1,0.047619047619047616,0.047619047619047616,804
성북구,월곡1동,외식/F&B,20254,11290,11290715,151,205,4,6,54,0.026490066225165563,0.039735099337748346,804
성북구,월곡1동,의료/건강,20254,11290,11290715,51,52,0,0,1,0.0,0.0,804
성북구,월곡1동,자동차/이동수단,20254,11290,11290715,17,17,0,0,0,0.0,0.0,804
성북구,월곡1동,전문서비스,20254,11290,11290715,2,2,0,0,0,0.0,0.0,804
성북구,월곡1동,전자/디지털,20254,11290,11290715,81,81,0,3,0,0.0,0.037037037037037035,804
성북구,월곡1동,패션/뷰티,20254,11290,11290715,71,72,4,0,1,0.056338028169014086,0.0,804
성북구,월곡2동,교육,20254,11290,11290725,64,69,0,5,5,0.0,0.078125,950
성북구,월곡2동,생활/홈인테리어,20254,11290,11290725,45,45,0,1,0,0.0,0.022222222222222223,950
성북구,월곡2동,생활서비스,20254,11290,11290725,171,185,2,5,14,0.011695906432748537,0.029239766081871343,950
성북구,월곡2동,숙박/부동산,20254,11290,11290725,56,56,0,2,0,0.0,0.03571428571428571,950
성북구,월곡2동,식품/식재료,20254,11290,11290725,68,92,3,2,24,0.04411764705882353,0.029411764705882353,950
성북구,월곡2동,오락/여가,20254,11290,11290725,43,48,2,2,5,0.046511627906976744,0.046511627906976744,950
성북구,월곡2동,외식/F&B,20254,11290,11290725,277,360,12,20,83,0.04332129963898917,0.07220216606498195,950
성북구,월곡2동,의료/건강,20254,11290,11290725,60,61,0,0,1,0.0,0.0,950
성북구,월곡2동,자동차/이동수단,20254,11290,11290725,8,8,0,1,0,0.0,0.125,950
성북구,월곡2동,전문서비스,20254,11290,11290725,7,7,0,0,0,0.0,0.0,950
성북구,월곡2동,전자/디지털,20254,11290,11290725,70,70,0,0,0,0.0,0.0,950
성북구,월곡2동,패션/뷰티,20254,11290,11290725,81,87,4,0,6,0.04938271604938271,0.0,950
성북구,장위1동,교육,20254,11290,11290760,63,71,0,3,8,0.0,0.047619047619047616,630
성북구,장위1동,생활/홈인테리어,20254,11290,11290760,31,31,2,0,0,0.06451612903225806,0.0,630
성북구,장위1동,생활서비스,20254,11290,11290760,118,119,3,1,1,0.025423728813559324,0.00847457627118644,630
성북구,장위1동,숙박/부동산,20254,11290,11290760,48,48,0,1,0,0.0,0.020833333333333332,630
성북구,장위1동,식품/식재료,20254,11290,11290760,52,69,0,2,17,0.0,0.038461538461538464,630
성북구,장위1동,오락/여가,20254,11290,11290760,19,20,0,0,1,0.0,0.0,630
성북구,장위1동,외식/F&B,20254,11290,11290760,139,169,5,5,30,0.03597122302158273,0.03597122302158273,630
성북구,장위1동,의료/건강,20254,11290,11290760,19,20,0,0,1,0.0,0.0,630
성북구,장위1동,자동차/이동수단,20254,11290,11290760,15,15,1,0,0,0.06666666666666667,0.0,630
성북구,장위1동,전자/디지털,20254,11290,11290760,74,74,0,2,0,0.0,0.02702702702702703,630
성북구,장위1동,패션/뷰티,20254,11290,11290760,52,53,2,0,1,0.038461538461538464,0.0,630
성북구,장위2동,교육,20254,11290,11290770,21,25,0,0,4,0.0,0.0,647
성북구,장위2동,생활/홈인테리어,20254,11290,11290770,46,46,3,1,0,0.06521739130434782,0.021739130434782608,647
성북구,장위2동,생활서비스,20254,11290,11290770,104,106,1,1,2,0.009615384615384616,0.009615384615384616,647
성북구,장위2동,숙박/부동산,20254,11290,11290770,68,68,0,0,0,0.0,0.0,647
성북구,장위2동,식품/식재료,20254,11290,11290770,78,92,4,3,14,0.05128205128205128,0.038461538461538464,647
성북구,장위2동,오락/여가,20254,11290,11290770,12,13,0,0,1,0.0,0.0,647
성북구,장위2동,외식/F&B,20254,11290,11290770,152,175,3,11,23,0.019736842105263157,0.07236842105263158,647
성북구,장위2동,의료/건강,20254,11290,11290770,46,46,1,0,0,0.021739130434782608,0.0,647
성북구,장위2동,자동차/이동수단,20254,11290,11290770,4,4,0,0,0,0.0,0.0,647
성북구,장위2동,전문서비스,20254,11290,11290770,1,1,0,0,0,0.0,0.0,647
성북구,장위2동,전자/디지털,20254,11290,11290770,58,58,1,2,0,0.017241379310344827,0.034482758620689655,647
성북구,장위2동,패션/뷰티,20254,11290,11290770,57,57,1,1,0,0.017543859649122806,0.017543859649122806,647
성북구,장위3동,교육,20254,11290,11290780,51,57,2,0,6,0.0392156862745098,0.0,387
성북구,장위3동,생활/홈인테리어,20254,11290,11290780,19,19,2,0,0,0.10526315789473684,0.0,387
성북구,장위3동,생활서비스,20254,11290,11290780,61,65,0,0,4,0.0,0.0,387
성북구,장위3동,숙박/부동산,20254,11290,11290780,56,56,0,0,0,0.0,0.0,387
성북구,장위3동,식품/식재료,20254,11290,11290780,36,46,0,4,10,0.0,0.1111111111111111,387
성북구,장위3동,오락/여가,20254,11290,11290780,9,9,1,0,0,0.1111111111111111,0.0,387
성북구,장위3동,외식/F&B,20254,11290,11290780,49,79,2,1,30,0.04081632653061224,0.02040816326530612,387
성북구,장위3동,의료/건강,20254,11290,11290780,28,29,1,0,1,0.03571428571428571,0.0,387
성북구,장위3동,자동차/이동수단,20254,11290,11290780,8,8,0,0,0,0.0,0.0,387
성북구,장위3동,전자/디지털,20254,11290,11290780,47,47,0,1,0,0.0,0.02127659574468085,387
성북구,장위3동,패션/뷰티,20254,11290,11290780,23,23,0,0,0,0.0,0.0,387
성북구,정릉1동,교육,20254,11290,11290620,87,96,2,1,9,0.022988505747126436,0.011494252873563218,529
성북구,정릉1동,생활/홈인테리어,20254,11290,11290620,31,31,0,0,0,0.0,0.0,529
성북구,정릉1동,생활서비스,20254,11290,11290620,99,101,0,1,2,0.0,0.010101010101010102,529
성북구,정릉1동,숙박/부동산,20254,11290,11290620,40,40,0,0,0,0.0,0.0,529
성북구,정릉1동,식품/식재료,20254,11290,11290620,34,47,4,0,13,0.11764705882352941,0.0,529
성북구,정릉1동,오락/여가,20254,11290,11290620,18,18,0,0,0,0.0,0.0,529
성북구,정릉1동,외식/F&B,20254,11290,11290620,89,117,2,1,28,0.02247191011235955,0.011235955056179775,529
성북구,정릉1동,의료/건강,20254,11290,11290620,27,28,0,0,1,0.0,0.0,529
성북구,정릉1동,자동차/이동수단,20254,11290,11290620,13,13,0,0,0,0.0,0.0,529
성북구,정릉1동,전자/디지털,20254,11290,11290620,64,64,1,2,0,0.015625,0.03125,529
성북구,정릉1동,패션/뷰티,20254,11290,11290620,27,27,0,1,0,0.0,0.037037037037037035,529
성북구,정릉2동,교육,20254,11290,11290630,72,74,2,1,2,0.027777777777777776,0.013888888888888888,605
성북구,정릉2동,생활/홈인테리어,20254,11290,11290630,29,30,0,0,1,0.0,0.0,605
성북구,정릉2동,생활서비스,20254,11290,11290630,108,115,1,1,7,0.009259259259259259,0.009259259259259259,605
성북구,정릉2동,숙박/부동산,20254,11290,11290630,35,35,0,0,0,0.0,0.0,605
성북구,정릉2동,식품/식재료,20254,11290,11290630,51,71,2,4,20,0.0392156862745098,0.0784313725490196,605
성북구,정릉2동,오락/여가,20254,11290,11290630,24,26,0,0,2,0.0,0.0,605
성북구,정릉2동,외식/F&B,20254,11290,11290630,114,152,1,4,38,0.008771929824561403,0.03508771929824561,605
성북구,정릉2동,의료/건강,20254,11290,11290630,38,39,0,0,1,0.0,0.0,605
성북구,정릉2동,자동차/이동수단,20254,11290,11290630,6,6,0,1,0,0.0,0.16666666666666666,605
성북구,정릉2동,전문서비스,20254,11290,11290630,2,2,0,0,0,0.0,0.0,605
성북구,정릉2동,전자/디지털,20254,11290,11290630,75,75,1,1,0,0.013333333333333334,0.013333333333333334,605
성북구,정릉2동,패션/뷰티,20254,11290,11290630,51,54,1,0,3,0.0196078431372549,0.0,605
성북구,정릉3동,교육,20254,11290,11290640,25,25,0,2,0,0.0,0.08,448
성북구,정릉3동,생활/홈인테리어,20254,11290,11290640,24,24,2,0,0,0.08333333333333333,0.0,448
성북구,정릉3동,생활서비스,20254,11290,11290640,82,86,2,0,4,0.024390243902439025,0.0,448
성북구,정릉3동,숙박/부동산,20254,11290,11290640,37,37,0,0,0,0.0,0.0,448
성북구,정릉3동,식품/식재료,20254,11290,11290640,43,62,3,2,19,0.06976744186046512,0.046511627906976744,448
성북구,정릉3동,오락/여가,20254,11290,11290640,20,20,0,0,0,0.0,0.0,448
성북구,정릉3동,외식/F&B,20254,11290,11290640,142,165,9,10,23,0.06338028169014084,0.07042253521126761,448
성북구,정릉3동,의료/건강,20254,11290,11290640,8,9,0,0,1,0.0,0.0,448
성북구,정릉3동,자동차/이동수단,20254,11290,11290640,4,4,0,0,0,0.0,0.0,448
성북구,정릉3동,전문서비스,20254,11290,11290640,7,7,0,0,0,0.0,0.0,448
성북구,정릉3동,전자/디지털,20254,11290,11290640,39,39,0,0,0,0.0,0.0,448
성북구,정릉3동,패션/뷰티,20254,11290,11290640,17,17,0,0,0,0.0,0.0,448
성북구,정릉4동,교육,20254,11290,11290650,70,73,4,1,3,0.05714285714285714,0.014285714285714285,602
성북구,정릉4동,생활/홈인테리어,20254,11290,11290650,34,34,2,0,0,0.058823529411764705,0.0,602
성북구,정릉4동,생활서비스,20254,11290,11290650,99,105,2,2,6,0.020202020202020204,0.020202020202020204,602
성북구,정릉4동,숙박/부동산,20254,11290,11290650,39,40,0,0,1,0.0,0.0,602
성북구,정릉4동,식품/식재료,20254,11290,11290650,45,60,0,1,15,0.0,0.022222222222222223,602
성북구,정릉4동,오락/여가,20254,11290,11290650,25,29,1,0,4,0.04,0.0,602
성북구,정릉4동,외식/F&B,20254,11290,11290650,127,162,5,10,35,0.03937007874015748,0.07874015748031496,602
성북구,정릉4동,의료/건강,20254,11290,11290650,37,37,0,0,0,0.0,0.0,602
성북구,정릉4동,자동차/이동수단,20254,11290,11290650,6,6,0,0,0,0.0,0.0,602
성북구,정릉4동,전문서비스,20254,11290,11290650,2,2,0,0,0,0.0,0.0,602
성북구,정릉4동,전자/디지털,20254,11290,11290650,70,71,1,3,1,0.014285714285714285,0.04285714285714286,602
성북구,정릉4동,패션/뷰티,20254,11290,11290650,48,49,2,0,1,0.041666666666666664,0.0,602
성북구,종암동,교육,20254,11290,11290705,156,175,8,6,19,0.05128205128205128,0.038461538461538464,1231
성북구,종암동,생활/홈인테리어,20254,11290,11290705,50,50,1,1,0,0.02,0.02,1231
성북구,종암동,생활서비스,20254,11290,11290705,200,209,4,7,9,0.02,0.035,1231
성북구,종암동,숙박/부동산,20254,11290,11290705,96,96,0,2,0,0.0,0.020833333333333332,1231
성북구,종암동,식품/식재료,20254,11290,11290705,91,128,2,4,37,0.02197802197802198,0.04395604395604396,1231
성북구,종암동,오락/여가,20254,11290,11290705,62,63,2,1,1,0.03225806451612903,0.016129032258064516,1231
성북구,종암동,외식/F&B,20254,11290,11290705,266,342,6,12,76,0.022556390977443608,0.045112781954887216,1231
성북구,종암동,의료/건강,20254,11290,11290705,95,96,1,1,1,0.010526315789473684,0.010526315789473684,1231
성북구,종암동,자동차/이동수단,20254,11290,11290705,20,20,1,1,0,0.05,0.05,1231
성북구,종암동,전문서비스,20254,11290,11290705,7,7,0,0,0,0.0,0.0,1231
성북구,종암동,전자/디지털,20254,11290,11290705,83,83,0,2,0,0.0,0.024096385542168676,1231
성북구,종암동,패션/뷰티,20254,11290,11290705,105,106,0,3,1,0.0,0.02857142857142857,1231
송파구,가락1동,교육,20254,11710,11710631,85,91,1,2,6,0.011764705882352941,0.023529411764705882,3406
송파구,가락1동,생활/홈인테리어,20254,11710,11710631,23,23,1,1,0,0.043478260869565216,0.043478260869565216,3406
송파구,가락1동,생활서비스,20254,11710,11710631,89,101,5,5,12,0.056179775280898875,0.056179775280898875,3406
송파구,가락1동,숙박/부동산,20254,11710,11710631,88,88,0,2,0,0.0,0.022727272727272728,3406
송파구,가락1동,식품/식재료,20254,11710,11710631,2804,2821,6,13,17,0.0021398002853067048,0.0046362339514978606,3406
송파구,가락1동,오락/여가,20254,11710,11710631,4,5,1,0,1,0.25,0.0,3406
송파구,가락1동,외식/F&B,20254,11710,11710631,151,185,8,7,34,0.052980132450331126,0.046357615894039736,3406
송파구,가락1동,의료/건강,20254,11710,11710631,60,60,0,0,0,0.0,0.0,3406
송파구,가락1동,자동차/이동수단,20254,11710,11710631,6,6,0,0,0,0.0,0.0,3406
송파구,가락1동,전문서비스,20254,11710,11710631,22,22,1,0,0,0.045454545454545456,0.0,3406
송파구,가락1동,전자/디지털,20254,11710,11710631,42,42,0,0,0,0.0,0.0,3406
송파구,가락1동,패션/뷰티,20254,11710,11710631,32,34,0,3,2,0.0,0.09375,3406
송파구,가락2동,교육,20254,11710,11710632,207,217,5,6,10,0.024154589371980676,0.028985507246376812,1438
송파구,가락2동,생활/홈인테리어,20254,11710,11710632,79,79,3,3,0,0.0379746835443038,0.0379746835443038,1438
송파구,가락2동,생활서비스,20254,11710,11710632,215,238,7,7,23,0.03255813953488372,0.03255813953488372,1438
송파구,가락2동,숙박/부동산,20254,11710,11710632,85,85,0,2,0,0.0,0.023529411764705882,1438
송파구,가락2동,식품/식재료,20254,11710,11710632,169,193,1,2,24,0.005917159763313609,0.011834319526627219,1438
송파구,가락2동,오락/여가,20254,11710,11710632,69,71,4,4,2,0.057971014492753624,0.057971014492753624,1438
송파구,가락2동,외식/F&B,20254,11710,11710632,224,287,10,12,63,0.044642857142857144,0.05357142857142857,1438
송파구,가락2동,의료/건강,20254,11710,11710632,132,138,2,0,6,0.015151515151515152,0.0,1438
송파구,가락2동,자동차/이동수단,20254,11710,11710632,20,20,0,0,0,0.0,0.0,1438
송파구,가락2동,전문서비스,20254,11710,11710632,20,20,0,0,0,0.0,0.0,1438
송파구,가락2동,전자/디지털,20254,11710,11710632,114,115,0,6,1,0.0,0.05263157894736842,1438
송파구,가락2동,패션/뷰티,20254,11710,11710632,104,105,1,0,1,0.009615384615384616,0.0,1438
송파구,가락본동,교육,20254,11710,11710620,101,106,1,6,5,0.009900990099009901,0.0594059405940594,2305
송파구,가락본동,생활/홈인테리어,20254,11710,11710620,134,134,0,1,0,0.0,0.007462686567164179,2305
송파구,가락본동,생활서비스,20254,11710,11710620,248,265,3,5,17,0.012096774193548387,0.020161290322580645,2305
송파구,가락본동,숙박/부동산,20254,11710,11710620,135,135,1,3,0,0.007407407407407408,0.022222222222222223,2305
송파구,가락본동,식품/식재료,20254,11710,11710620,413,453,4,4,40,0.009685230024213076,0.009685230024213076,2305
송파구,가락본동,오락/여가,20254,11710,11710620,174,180,4,3,6,0.022988505747126436,0.017241379310344827,2305
송파구,가락본동,외식/F&B,20254,11710,11710620,514,645,12,20,131,0.023346303501945526,0.038910505836575876,2305
송파구,가락본동,의료/건강,20254,11710,11710620,149,151,1,1,2,0.006711409395973154,0.006711409395973154,2305
송파구,가락본동,자동차/이동수단,20254,11710,11710620,29,29,0,0,0,0.0,0.0,2305
송파구,가락본동,전문서비스,20254,11710,11710620,96,96,0,0,0,0.0,0.0,2305
송파구,가락본동,전자/디지털,20254,11710,11710620,140,142,1,2,2,0.007142857142857143,0.014285714285714285,2305
송파구,가락본동,패션/뷰티,20254,11710,11710620,172,177,1,6,5,0.005813953488372093,0.03488372093023256,2305
송파구,거여1동,교육,20254,11710,11710531,46,50,2,2,4,0.043478260869565216,0.043478260869565216,538
송파구,거여1동,생활/홈인테리어,20254,11710,11710531,30,30,0,1,0,0.0,0.03333333333333333,538
송파구,거여1동,생활서비스,20254,11710,11710531,96,98,1,0,2,0.010416666666666666,0.0,538
송파구,거여1동,숙박/부동산,20254,11710,11710531,36,36,0,0,0,0.0,0.0,538
송파구,거여1동,식품/식재료,20254,11710,11710531,71,80,1,1,9,0.014084507042253521,0.014084507042253521,538
송파구,거여1동,오락/여가,20254,11710,11710531,27,27,0,0,0,0.0,0.0,538
송파구,거여1동,외식/F&B,20254,11710,11710531,114,141,0,5,27,0.0,0.043859649122807015,538
송파구,거여1동,의료/건강,20254,11710,11710531,32,32,2,0,0,0.0625,0.0,538
송파구,거여1동,자동차/이동수단,20254,11710,11710531,8,8,0,0,0,0.0,0.0,538
송파구,거여1동,전문서비스,20254,11710,11710531,5,5,0,0,0,0.0,0.0,538
송파구,거여1동,전자/디지털,20254,11710,11710531,37,37,0,1,0,0.0,0.02702702702702703,538
송파구,거여1동,패션/뷰티,20254,11710,11710531,36,37,0,0,1,0.0,0.0,538
송파구,거여2동,교육,20254,11710,11710532,108,120,4,5,12,0.037037037037037035,0.046296296296296294,649
송파구,거여2동,생활/홈인테리어,20254,11710,11710532,20,20,0,1,0,0.0,0.05,649
송파구,거여2동,생활서비스,20254,11710,11710532,121,127,3,3,6,0.024793388429752067,0.024793388429752067,649
송파구,거여2동,숙박/부동산,20254,11710,11710532,41,41,0,2,0,0.0,0.04878048780487805,649
송파구,거여2동,식품/식재료,20254,11710,11710532,46,64,0,0,18,0.0,0.0,649
송파구,거여2동,오락/여가,20254,11710,11710532,31,35,1,0,4,0.03225806451612903,0.0,649
송파구,거여2동,외식/F&B,20254,11710,11710532,108,154,2,4,46,0.018518518518518517,0.037037037037037035,649
송파구,거여2동,의료/건강,20254,11710,11710532,90,93,3,1,3,0.03333333333333333,0.011111111111111112,649
송파구,거여2동,자동차/이동수단,20254,11710,11710532,3,3,0,0,0,0.0,0.0,649
송파구,거여2동,전문서비스,20254,11710,11710532,3,3,0,0,0,0.0,0.0,649
송파구,거여2동,전자/디지털,20254,11710,11710532,41,41,1,0,0,0.024390243902439025,0.0,649
송파구,거여2동,패션/뷰티,20254,11710,11710532,37,39,1,0,2,0.02702702702702703,0.0,649
송파구,마천1동,교육,20254,11710,11710540,38,41,0,1,3,0.0,0.02631578947368421,539
송파구,마천1동,생활/홈인테리어,20254,11710,11710540,28,28,0,0,0,0.0,0.0,539
송파구,마천1동,생활서비스,20254,11710,11710540,87,88,1,0,1,0.011494252873563218,0.0,539
송파구,마천1동,숙박/부동산,20254,11710,11710540,66,66,0,0,0,0.0,0.0,539
송파구,마천1동,식품/식재료,20254,11710,11710540,67,78,0,1,11,0.0,0.014925373134328358,539
송파구,마천1동,오락/여가,20254,11710,11710540,21,21,1,2,0,0.047619047619047616,0.09523809523809523,539
송파구,마천1동,외식/F&B,20254,11710,11710540,114,131,3,7,17,0.02631578947368421,0.06140350877192982,539
송파구,마천1동,의료/건강,20254,11710,11710540,35,37,0,2,2,0.0,0.05714285714285714,539
송파구,마천1동,자동차/이동수단,20254,11710,11710540,4,4,0,0,0,0.0,0.0,539
송파구,마천1동,전문서비스,20254,11710,11710540,2,2,0,0,0,0.0,0.0,539
송파구,마천1동,전자/디지털,20254,11710,11710540,40,40,0,1,0,0.0,0.025,539
송파구,마천1동,패션/뷰티,20254,11710,11710540,37,37,0,1,0,0.0,0.02702702702702703,539
송파구,마천2동,교육,20254,11710,11710550,34,37,0,1,3,0.0,0.029411764705882353,824
송파구,마천2동,생활/홈인테리어,20254,11710,11710550,44,44,0,0,0,0.0,0.0,824
송파구,마천2동,생활서비스,20254,11710,11710550,109,115,2,2,6,0.01834862385321101,0.01834862385321101,824
송파구,마천2동,숙박/부동산,20254,11710,11710550,44,44,0,0,0,0.0,0.0,824
송파구,마천2동,식품/식재료,20254,11710,11710550,148,163,0,5,15,0.0,0.033783783783783786,824
송파구,마천2동,오락/여가,20254,11710,11710550,31,31,1,4,0,0.03225806451612903,0.12903225806451613,824
송파구,마천2동,외식/F&B,20254,11710,11710550,189,230,3,7,41,0.015873015873015872,0.037037037037037035,824
송파구,마천2동,의료/건강,20254,11710,11710550,71,72,2,2,1,0.028169014084507043,0.028169014084507043,824
송파구,마천2동,자동차/이동수단,20254,11710,11710550,14,14,0,0,0,0.0,0.0,824
송파구,마천2동,전문서비스,20254,11710,11710550,2,2,0,0,0,0.0,0.0,824
송파구,마천2동,전자/디지털,20254,11710,11710550,52,52,0,0,0,0.0,0.0,824
송파구,마천2동,패션/뷰티,20254,11710,11710550,86,88,0,3,2,0.0,0.03488372093023256,824
송파구,문정1동,교육,20254,11710,11710641,89,94,1,1,5,0.011235955056179775,0.011235955056179775,1055
송파구,문정1동,생활/홈인테리어,20254,11710,11710641,48,48,0,0,0,0.0,0.0,1055
송파구,문정1동,생활서비스,20254,11710,11710641,192,198,3,7,6,0.015625,0.036458333333333336,1055
송파구,문정1동,숙박/부동산,20254,11710,11710641,93,93,0,3,0,0.0,0.03225806451612903,1055
송파구,문정1동,식품/식재료,20254,11710,11710641,110,131,2,1,21,0.01818181818181818,0.00909090909090909,1055
송파구,문정1동,오락/여가,20254,11710,11710641,49,52,2,1,3,0.04081632653061224,0.02040816326530612,1055
송파구,문정1동,외식/F&B,20254,11710,11710641,198,245,10,10,47,0.050505050505050504,0.050505050505050504,1055
송파구,문정1동,의료/건강,20254,11710,11710641,48,48,0,1,0,0.0,0.020833333333333332,1055
송파구,문정1동,자동차/이동수단,20254,11710,11710641,15,15,0,1,0,0.0,0.06666666666666667,1055
송파구,문정1동,전문서비스,20254,11710,11710641,21,21,0,1,0,0.0,0.047619047619047616,1055
송파구,문정1동,전자/디지털,20254,11710,11710641,70,70,0,1,0,0.0,0.014285714285714285,1055
송파구,문정1동,패션/뷰티,20254,11710,11710641,122,126,2,4,4,0.01639344262295082,0.03278688524590164,1055
송파구,문정2동,교육,20254,11710,11710642,211,222,2,3,11,0.009478672985781991,0.014218009478672985,5478
송파구,문정2동,생활/홈인테리어,20254,11710,11710642,467,467,3,5,0,0.006423982869379015,0.010706638115631691,5478
송파구,문정2동,생활서비스,20254,11710,11710642,461,498,16,6,37,0.03470715835140998,0.013015184381778741,5478
송파구,문정2동,숙박/부동산,20254,11710,11710642,495,496,0,9,1,0.0,0.01818181818181818,5478
송파구,문정2동,식품/식재료,20254,11710,11710642,418,480,3,6,62,0.007177033492822967,0.014354066985645933,5478
송파구,문정2동,오락/여가,20254,11710,11710642,71,76,1,2,5,0.014084507042253521,0.028169014084507043,5478
송파구,문정2동,외식/F&B,20254,11710,11710642,807,1102,41,51,295,0.05080545229244114,0.06319702602230483,5478
송파구,문정2동,의료/건강,20254,11710,11710642,299,303,6,6,4,0.020066889632107024,0.020066889632107024,5478
송파구,문정2동,자동차/이동수단,20254,11710,11710642,75,75,0,1,0,0.0,0.013333333333333334,5478
송파구,문정2동,전문서비스,20254,11710,11710642,631,631,10,2,0,0.01584786053882726,0.003169572107765452,5478
송파구,문정2동,전자/디지털,20254,11710,11710642,463,464,2,8,1,0.004319654427645789,0.017278617710583154,5478
송파구,문정2동,패션/뷰티,20254,11710,11710642,1080,1102,7,22,22,0.006481481481481481,0.020370370370370372,5478
송파구,방이1동,교육,20254,11710,11710561,245,266,6,13,21,0.024489795918367346,0.053061224489795916,1094
송파구,방이1동,생활/홈인테리어,20254,11710,11710561,40,40,0,0,0,0.0,0.0,1094
송파구,방이1동,생활서비스,20254,11710,11710561,167,177,2,3,10,0.011976047904191617,0.017964071856287425,1094
송파구,방이1동,숙박/부동산,20254,11710,11710561,48,48,0,1,0,0.0,0.020833333333333332,1094
송파구,방이1동,식품/식재료,20254,11710,11710561,57,78,0,3,21,0.0,0.05263157894736842,1094
송파구,방이1동,오락/여가,20254,11710,11710561,59,62,2,1,3,0.03389830508474576,0.01694915254237288,1094
송파구,방이1동,외식/F&B,20254,11710,11710561,256,311,11,14,55,0.04296875,0.0546875,1094
송파구,방이1동,의료/건강,20254,11710,11710561,75,75,0,0,0,0.0,0.0,1094
송파구,방이1동,자동차/이동수단,20254,11710,11710561,11,11,0,0,0,0.0,0.0,1094
송파구,방이1동,전문서비스,20254,11710,11710561,16,16,0,0,0,0.0,0.0,1094
송파구,방이1동,전자/디지털,20254,11710,11710561,55,55,0,1,0,0.0,0.01818181818181818,1094
송파구,방이1동,패션/뷰티,20254,11710,11710561,65,68,2,2,3,0.03076923076923077,0.03076923076923077,1094
송파구,방이2동,교육,20254,11710,11710562,133,141,5,3,8,0.03759398496240601,0.022556390977443608,2415
송파구,방이2동,생활/홈인테리어,20254,11710,11710562,97,97,1,2,0,0.010309278350515464,0.020618556701030927,2415
송파구,방이2동,생활서비스,20254,11710,11710562,355,371,13,6,16,0.036619718309859155,0.016901408450704224,2415
송파구,방이2동,숙박/부동산,20254,11710,11710562,267,271,4,4,4,0.0149812734082397,0.0149812734082397,2415
송파구,방이2동,식품/식재료,20254,11710,11710562,169,206,4,10,37,0.023668639053254437,0.05917159763313609,2415
송파구,방이2동,오락/여가,20254,11710,11710562,117,122,4,4,5,0.03418803418803419,0.03418803418803419,2415
송파구,방이2동,외식/F&B,20254,11710,11710562,670,829,37,37,159,0.05522388059701493,0.05522388059701493,2415
송파구,방이2동,의료/건강,20254,11710,11710562,151,153,4,0,2,0.026490066225165563,0.0,2415
송파구,방이2동,자동차/이동수단,20254,11710,11710562,32,32,0,0,0,0.0,0.0,2415
송파구,방이2동,전문서비스,20254,11710,11710562,118,118,0,3,0,0.0,0.025423728813559324,2415
송파구,방이2동,전자/디지털,20254,11710,11710562,128,128,0,2,0,0.0,0.015625,2415
송파구,방이2동,패션/뷰티,20254,11710,11710562,178,185,4,0,7,0.02247191011235955,0.0,2415
송파구,삼전동,교육,20254,11710,11710610,183,196,10,5,13,0.0546448087431694,0.0273224043715847,1470
송파구,삼전동,생활/홈인테리어,20254,11710,11710610,72,72,0,1,0,0.0,0.013888888888888888,1470
송파구,삼전동,생활서비스,20254,11710,11710610,281,302,3,6,21,0.010676156583629894,0.021352313167259787,1470
송파구,삼전동,숙박/부동산,20254,11710,11710610,100,101,0,4,1,0.0,0.04,1470
송파구,삼전동,식품/식재료,20254,11710,11710610,113,140,4,3,27,0.035398230088495575,0.02654867256637168,1470
송파구,삼전동,오락/여가,20254,11710,11710610,80,84,1,2,4,0.0125,0.025,1470
송파구,삼전동,외식/F&B,20254,11710,11710610,322,414,17,24,92,0.052795031055900624,0.07453416149068323,1470
송파구,삼전동,의료/건강,20254,11710,11710610,91,93,2,3,2,0.02197802197802198,0.03296703296703297,1470
송파구,삼전동,자동차/이동수단,20254,11710,11710610,23,23,0,0,0,0.0,0.0,1470
송파구,삼전동,전문서비스,20254,11710,11710610,27,27,0,2,0,0.0,0.07407407407407407,1470
송파구,삼전동,전자/디지털,20254,11710,11710610,93,94,1,0,1,0.010752688172043012,0.0,1470
송파구,삼전동,패션/뷰티,20254,11710,11710610,85,88,1,2,3,0.011764705882352941,0.023529411764705882,1470
송파구,석촌동,교육,20254,11710,11710600,199,219,11,7,20,0.05527638190954774,0.035175879396984924,2229
송파구,석촌동,생활/홈인테리어,20254,11710,11710600,101,101,2,2,0,0.019801980198019802,0.019801980198019802,2229
송파구,석촌동,생활서비스,20254,11710,11710600,343,365,10,7,22,0.029154518950437316,0.02040816326530612,2229
송파구,석촌동,숙박/부동산,20254,11710,11710600,171,171,0,2,0,0.0,0.011695906432748537,2229
송파구,석촌동,식품/식재료,20254,11710,11710600,209,246,2,5,37,0.009569377990430622,0.023923444976076555,2229
송파구,석촌동,오락/여가,20254,11710,11710600,109,117,0,6,8,0.0,0.05504587155963303,2229
송파구,석촌동,외식/F&B,20254,11710,11710600,572,705,22,63,133,0.038461538461538464,0.11013986013986014,2229
송파구,석촌동,의료/건강,20254,11710,11710600,161,162,4,2,1,0.024844720496894408,0.012422360248447204,2229
송파구,석촌동,자동차/이동수단,20254,11710,11710600,28,28,0,0,0,0.0,0.0,2229
송파구,석촌동,전문서비스,20254,11710,11710600,45,45,0,0,0,0.0,0.0,2229
송파구,석촌동,전자/디지털,20254,11710,11710600,145,145,1,7,0,0.006896551724137931,0.04827586206896552,2229
송파구,석촌동,패션/뷰티,20254,11710,11710600,146,150,3,4,4,0.02054794520547945,0.0273972602739726,2229
송파구,송파1동,교육,20254,11710,11710580,135,143,3,4,8,0.022222222222222223,0.02962962962962963,1794
송파구,송파1동,생활/홈인테리어,20254,11710,11710580,102,102,1,0,0,0.00980392156862745,0.0,1794
송파구,송파1동,생활서비스,20254,11710,11710580,307,325,7,6,18,0.02280130293159609,0.019543973941368076,1794
송파구,송파1동,숙박/부동산,20254,11710,11710580,104,107,1,3,3,0.009615384615384616,0.028846153846153848,1794
송파구,송파1동,식품/식재료,20254,11710,11710580,113,145,4,3,32,0.035398230088495575,0.02654867256637168,1794
송파구,송파1동,오락/여가,20254,11710,11710580,70,77,4,1,7,0.05714285714285714,0.014285714285714285,1794
송파구,송파1동,외식/F&B,20254,11710,11710580,577,655,25,23,78,0.043327556325823226,0.03986135181975736,1794
송파구,송파1동,의료/건강,20254,11710,11710580,87,89,1,2,2,0.011494252873563218,0.022988505747126436,1794
송파구,송파1동,자동차/이동수단,20254,11710,11710580,19,19,1,0,0,0.05263157894736842,0.0,1794
송파구,송파1동,전문서비스,20254,11710,11710580,69,69,0,0,0,0.0,0.0,1794
송파구,송파1동,전자/디지털,20254,11710,11710580,87,87,0,0,0,0.0,0.0,1794
송파구,송파1동,패션/뷰티,20254,11710,11710580,124,130,3,0,6,0.024193548387096774,0.0,1794
송파구,송파2동,교육,20254,11710,11710590,123,136,0,1,13,0.0,0.008130081300813009,781
송파구,송파2동,생활/홈인테리어,20254,11710,11710590,40,40,0,1,0,0.0,0.025,781
송파구,송파2동,생활서비스,20254,11710,11710590,124,129,1,1,5,0.008064516129032258,0.008064516129032258,781
송파구,송파2동,숙박/부동산,20254,11710,11710590,56,56,1,0,0,0.017857142857142856,0.0,781
송파구,송파2동,식품/식재료,20254,11710,11710590,86,91,1,1,5,0.011627906976744186,0.011627906976744186,781
송파구,송파2동,오락/여가,20254,11710,11710590,20,22,1,1,2,0.05,0.05,781
송파구,송파2동,외식/F&B,20254,11710,11710590,139,194,8,14,55,0.05755395683453238,0.10071942446043165,781
송파구,송파2동,의료/건강,20254,11710,11710590,61,64,0,1,3,0.0,0.01639344262295082,781
송파구,송파2동,자동차/이동수단,20254,11710,11710590,3,3,0,0,0,0.0,0.0,781
송파구,송파2동,전문서비스,20254,11710,11710590,8,8,0,0,0,0.0,0.0,781
송파구,송파2동,전자/디지털,20254,11710,11710590,56,56,0,1,0,0.0,0.017857142857142856,781
송파구,송파2동,패션/뷰티,20254,11710,11710590,65,69,3,2,4,0.046153846153846156,0.03076923076923077,781
송파구,오금동,교육,20254,11710,11710570,217,224,6,4,7,0.027649769585253458,0.018433179723502304,1604
송파구,오금동,생활/홈인테리어,20254,11710,11710570,116,116,0,1,0,0.0,0.008620689655172414,1604
송파구,오금동,생활서비스,20254,11710,11710570,250,264,3,6,14,0.012,0.024,1604
송파구,오금동,숙박/부동산,20254,11710,11710570,90,90,0,1,0,0.0,0.011111111111111112,1604
송파구,오금동,식품/식재료,20254,11710,11710570,196,227,3,5,31,0.015306122448979591,0.025510204081632654,1604
송파구,오금동,오락/여가,20254,11710,11710570,82,85,1,2,3,0.012195121951219513,0.024390243902439025,1604
송파구,오금동,외식/F&B,20254,11710,11710570,311,364,8,17,53,0.02572347266881029,0.05466237942122187,1604
송파구,오금동,의료/건강,20254,11710,11710570,101,104,2,1,3,0.019801980198019802,0.009900990099009901,1604
송파구,오금동,자동차/이동수단,20254,11710,11710570,36,36,0,1,0,0.0,0.027777777777777776,1604
송파구,오금동,전문서비스,20254,11710,11710570,15,15,0,0,0,0.0,0.0,1604
송파구,오금동,전자/디지털,20254,11710,11710570,85,85,0,0,0,0.0,0.0,1604
송파구,오금동,패션/뷰티,20254,11710,11710570,105,107,1,3,2,0.009523809523809525,0.02857142857142857,1604
송파구,오륜동,교육,20254,11710,11710566,34,37,1,0,3,0.029411764705882353,0.0,407
송파구,오륜동,생활/홈인테리어,20254,11710,11710566,56,56,0,0,0,0.0,0.0,407
송파구,오륜동,생활서비스,20254,11710,11710566,32,35,1,1,3,0.03125,0.03125,407
송파구,오륜동,숙박/부동산,20254,11710,11710566,35,35,0,1,0,0.0,0.02857142857142857,407
송파구,오륜동,식품/식재료,20254,11710,11710566,52,69,0,1,17,0.0,0.019230769230769232,407
송파구,오륜동,오락/여가,20254,11710,11710566,11,11,0,0,0,0.0,0.0,407
송파구,오륜동,외식/F&B,20254,11710,11710566,44,75,0,2,31,0.0,0.045454545454545456,407
송파구,오륜동,의료/건강,20254,11710,11710566,23,23,0,0,0,0.0,0.0,407
송파구,오륜동,자동차/이동수단,20254,11710,11710566,5,5,0,0,0,0.0,0.0,407
송파구,오륜동,전문서비스,20254,11710,11710566,4,4,0,0,0,0.0,0.0,407
송파구,오륜동,전자/디지털,20254,11710,11710566,20,20,0,0,0,0.0,0.0,407
송파구,오륜동,패션/뷰티,20254,11710,11710566,91,93,0,2,2,0.0,0.02197802197802198,407
송파구,위례동,교육,20254,11710,11710647,231,260,13,5,29,0.05627705627705628,0.021645021645021644,883
송파구,위례동,생활/홈인테리어,20254,11710,11710647,25,25,0,2,0,0.0,0.08,883
송파구,위례동,생활서비스,20254,11710,11710647,126,138,3,1,12,0.023809523809523808,0.007936507936507936,883
송파구,위례동,숙박/부동산,20254,11710,11710647,76,76,0,1,0,0.0,0.013157894736842105,883
송파구,위례동,식품/식재료,20254,11710,11710647,61,85,3,5,24,0.04918032786885246,0.08196721311475409,883
송파구,위례동,오락/여가,20254,11710,11710647,23,27,2,1,4,0.08695652173913043,0.043478260869565216,883
송파구,위례동,외식/F&B,20254,11710,11710647,149,240,10,15,91,0.06711409395973154,0.10067114093959731,883
송파구,위례동,의료/건강,20254,11710,11710647,48,50,2,0,2,0.041666666666666664,0.0,883
송파구,위례동,자동차/이동수단,20254,11710,11710647,14,14,3,0,0,0.21428571428571427,0.0,883
송파구,위례동,전문서비스,20254,11710,11710647,5,5,0,0,0,0.0,0.0,883
송파구,위례동,전자/디지털,20254,11710,11710647,64,64,0,3,0,0.0,0.046875,883
송파구,위례동,패션/뷰티,20254,11710,11710647,61,66,3,3,5,0.04918032786885246,0.04918032786885246,883
송파구,잠실2동,교육,20254,11710,11710670,133,147,3,1,14,0.022556390977443608,0.007518796992481203,811
송파구,잠실2동,생활/홈인테리어,20254,11710,11710670,28,28,2,1,0,0.07142857142857142,0.03571428571428571,811
송파구,잠실2동,생활서비스,20254,11710,11710670,120,132,1,2,12,0.008333333333333333,0.016666666666666666,811
송파구,잠실2동,숙박/부동산,20254,11710,11710670,92,92,1,0,0,0.010869565217391304,0.0,811
송파구,잠실2동,식품/식재료,20254,11710,11710670,52,67,3,0,15,0.057692307692307696,0.0,811
송파구,잠실2동,오락/여가,20254,11710,11710670,8,8,0,0,0,0.0,0.0,811
송파구,잠실2동,외식/F&B,20254,11710,11710670,96,144,3,11,48,0.03125,0.11458333333333333,811
송파구,잠실2동,의료/건강,20254,11710,11710670,86,88,4,1,2,0.046511627906976744,0.011627906976744186,811
송파구,잠실2동,자동차/이동수단,20254,11710,11710670,2,2,0,0,0,0.0,0.0,811
송파구,잠실2동,전문서비스,20254,11710,11710670,14,14,0,0,0,0.0,0.0,811
송파구,잠실2동,전자/디지털,20254,11710,11710670,41,41,0,1,0,0.0,0.024390243902439025,811
송파구,잠실2동,패션/뷰티,20254,11710,11710670,139,140,1,3,1,0.007194244604316547,0.02158273381294964,811
송파구,잠실3동,교육,20254,11710,11710680,113,119,2,4,6,0.017699115044247787,0.035398230088495575,1477
송파구,잠실3동,생활/홈인테리어,20254,11710,11710680,48,48,1,1,0,0.020833333333333332,0.020833333333333332,1477
송파구,잠실3동,생활서비스,20254,11710,11710680,115,125,1,3,10,0.008695652173913044,0.02608695652173913,1477
송파구,잠실3동,숙박/부동산,20254,11710,11710680,119,119,0,4,0,0.0,0.03361344537815126,1477
송파구,잠실3동,식품/식재료,20254,11710,11710680,67,83,1,2,16,0.014925373134328358,0.029850746268656716,1477
송파구,잠실3동,오락/여가,20254,11710,11710680,14,18,0,0,4,0.0,0.0,1477
송파구,잠실3동,외식/F&B,20254,11710,11710680,194,286,5,9,92,0.02577319587628866,0.04639175257731959,1477
송파구,잠실3동,의료/건강,20254,11710,11710680,83,85,0,0,2,0.0,0.0,1477
송파구,잠실3동,전문서비스,20254,11710,11710680,13,13,0,0,0,0.0,0.0,1477
송파구,잠실3동,전자/디지털,20254,11710,11710680,62,62,1,2,0,0.016129032258064516,0.03225806451612903,1477
송파구,잠실3동,패션/뷰티,20254,11710,11710680,649,669,3,20,20,0.004622496147919877,0.030816640986132512,1477
송파구,잠실4동,교육,20254,11710,11710690,67,72,1,2,5,0.014925373134328358,0.029850746268656716,312
송파구,잠실4동,생활/홈인테리어,20254,11710,11710690,4,4,0,0,0,0.0,0.0,312
송파구,잠실4동,생활서비스,20254,11710,11710690,40,47,0,1,7,0.0,0.025,312
송파구,잠실4동,숙박/부동산,20254,11710,11710690,42,42,0,0,0,0.0,0.0,312
송파구,잠실4동,식품/식재료,20254,11710,11710690,37,51,1,1,14,0.02702702702702703,0.02702702702702703,312
송파구,잠실4동,오락/여가,20254,11710,11710690,5,5,0,0,0,0.0,0.0,312
송파구,잠실4동,외식/F&B,20254,11710,11710690,29,43,3,4,14,0.10344827586206896,0.13793103448275862,312
송파구,잠실4동,의료/건강,20254,11710,11710690,43,45,0,0,2,0.0,0.0,312
송파구,잠실4동,전문서비스,20254,11710,11710690,1,1,0,0,0,0.0,0.0,312
송파구,잠실4동,전자/디지털,20254,11710,11710690,22,22,0,0,0,0.0,0.0,312
송파구,잠실4동,패션/뷰티,20254,11710,11710690,22,26,1,1,4,0.045454545454545456,0.045454545454545456,312
송파구,잠실6동,교육,20254,11710,11710710,116,126,1,2,10,0.008620689655172414,0.017241379310344827,1633
송파구,잠실6동,생활/홈인테리어,20254,11710,11710710,53,54,0,0,1,0.0,0.0,1633
송파구,잠실6동,생활서비스,20254,11710,11710710,160,179,2,2,19,0.0125,0.0125,1633
송파구,잠실6동,숙박/부동산,20254,11710,11710710,85,85,0,1,0,0.0,0.011764705882352941,1633
송파구,잠실6동,식품/식재료,20254,11710,11710710,70,97,2,6,27,0.02857142857142857,0.08571428571428572,1633
송파구,잠실6동,오락/여가,20254,11710,11710710,30,34,0,0,4,0.0,0.0,1633
송파구,잠실6동,외식/F&B,20254,11710,11710710,381,503,6,8,122,0.015748031496062992,0.02099737532808399,1633
송파구,잠실6동,의료/건강,20254,11710,11710710,158,159,5,1,1,0.03164556962025317,0.006329113924050633,1633
송파구,잠실6동,자동차/이동수단,20254,11710,11710710,11,11,2,0,0,0.18181818181818182,0.0,1633
송파구,잠실6동,전문서비스,20254,11710,11710710,71,71,0,1,0,0.0,0.014084507042253521,1633
송파구,잠실6동,전자/디지털,20254,11710,11710710,55,55,0,1,0,0.0,0.01818181818181818,1633
송파구,잠실6동,패션/뷰티,20254,11710,11710710,443,465,1,13,22,0.002257336343115124,0.029345372460496615,1633
송파구,잠실7동,교육,20254,11710,11710720,23,23,1,0,0,0.043478260869565216,0.0,180
송파구,잠실7동,생활/홈인테리어,20254,11710,11710720,5,5,0,0,0,0.0,0.0,180
송파구,잠실7동,생활서비스,20254,11710,11710720,32,33,0,0,1,0.0,0.0,180
송파구,잠실7동,숙박/부동산,20254,11710,11710720,20,20,0,1,0,0.0,0.05,180
송파구,잠실7동,식품/식재료,20254,11710,11710720,25,32,2,0,7,0.08,0.0,180
송파구,잠실7동,오락/여가,20254,11710,11710720,5,5,0,0,0,0.0,0.0,180
송파구,잠실7동,외식/F&B,20254,11710,11710720,15,17,0,0,2,0.0,0.0,180
송파구,잠실7동,의료/건강,20254,11710,11710720,8,8,0,0,0,0.0,0.0,180
송파구,잠실7동,전문서비스,20254,11710,11710720,1,1,0,0,0,0.0,0.0,180
송파구,잠실7동,전자/디지털,20254,11710,11710720,14,14,0,0,0,0.0,0.0,180
송파구,잠실7동,패션/뷰티,20254,11710,11710720,32,34,0,1,2,0.0,0.03125,180
송파구,잠실본동,교육,20254,11710,11710650,239,251,3,5,12,0.012552301255230125,0.02092050209205021,2659
송파구,잠실본동,생활/홈인테리어,20254,11710,11710650,107,109,1,1,2,0.009345794392523364,0.009345794392523364,2659
송파구,잠실본동,생활서비스,20254,11710,11710650,423,461,8,4,38,0.018912529550827423,0.009456264775413711,2659
송파구,잠실본동,숙박/부동산,20254,11710,11710650,229,230,2,6,1,0.008733624454148471,0.026200873362445413,2659
송파구,잠실본동,식품/식재료,20254,11710,11710650,181,235,5,7,54,0.027624309392265192,0.03867403314917127,2659
송파구,잠실본동,오락/여가,20254,11710,11710650,165,184,6,5,19,0.03636363636363636,0.030303030303030304,2659
송파구,잠실본동,외식/F&B,20254,11710,11710650,723,925,27,38,202,0.03734439834024896,0.05255878284923928,2659
송파구,잠실본동,의료/건강,20254,11710,11710650,208,212,5,3,4,0.02403846153846154,0.014423076923076924,2659
송파구,잠실본동,자동차/이동수단,20254,11710,11710650,25,25,2,1,0,0.08,0.04,2659
송파구,잠실본동,전문서비스,20254,11710,11710650,71,71,0,1,0,0.0,0.014084507042253521,2659
송파구,잠실본동,전자/디지털,20254,11710,11710650,126,127,1,2,1,0.007936507936507936,0.015873015873015872,2659
송파구,잠실본동,패션/뷰티,20254,11710,11710650,162,170,7,4,8,0.043209876543209874,0.024691358024691357,2659
송파구,장지동,교육,20254,11710,11710646,121,132,4,4,11,0.03305785123966942,0.03305785123966942,908
송파구,장지동,생활/홈인테리어,20254,11710,11710646,46,46,1,2,0,0.021739130434782608,0.043478260869565216,908
송파구,장지동,생활서비스,20254,11710,11710646,170,175,4,2,5,0.023529411764705882,0.011764705882352941,908
송파구,장지동,숙박/부동산,20254,11710,11710646,69,69,0,0,0,0.0,0.0,908
송파구,장지동,식품/식재료,20254,11710,11710646,110,130,1,1,20,0.00909090909090909,0.00909090909090909,908
송파구,장지동,오락/여가,20254,11710,11710646,37,37,0,3,0,0.0,0.08108108108108109,908
송파구,장지동,외식/F&B,20254,11710,11710646,157,203,6,7,46,0.03821656050955414,0.044585987261146494,908
송파구,장지동,의료/건강,20254,11710,11710646,72,74,0,1,2,0.0,0.013888888888888888,908
송파구,장지동,자동차/이동수단,20254,11710,11710646,12,12,0,0,0,0.0,0.0,908
송파구,장지동,전문서비스,20254,11710,11710646,16,16,0,0,0,0.0,0.0,908
송파구,장지동,전자/디지털,20254,11710,11710646,68,71,0,0,3,0.0,0.0,908
송파구,장지동,패션/뷰티,20254,11710,11710646,30,31,0,1,1,0.0,0.03333333333333333,908
송파구,풍납1동,교육,20254,11710,11710510,32,33,0,0,1,0.0,0.0,403
송파구,풍납1동,생활/홈인테리어,20254,11710,11710510,30,30,1,0,0,0.03333333333333333,0.0,403
송파구,풍납1동,생활서비스,20254,11710,11710510,73,74,2,2,1,0.0273972602739726,0.0273972602739726,403
송파구,풍납1동,숙박/부동산,20254,11710,11710510,21,21,0,0,0,0.0,0.0,403
송파구,풍납1동,식품/식재료,20254,11710,11710510,53,64,0,1,11,0.0,0.018867924528301886,403
송파구,풍납1동,오락/여가,20254,11710,11710510,14,14,0,0,0,0.0,0.0,403
송파구,풍납1동,외식/F&B,20254,11710,11710510,88,109,4,2,21,0.045454545454545456,0.022727272727272728,403
송파구,풍납1동,의료/건강,20254,11710,11710510,26,27,0,1,1,0.0,0.038461538461538464,403
송파구,풍납1동,자동차/이동수단,20254,11710,11710510,7,7,0,0,0,0.0,0.0,403
송파구,풍납1동,전문서비스,20254,11710,11710510,1,1,0,0,0,0.0,0.0,403
송파구,풍납1동,전자/디지털,20254,11710,11710510,25,25,0,2,0,0.0,0.08,403
송파구,풍납1동,패션/뷰티,20254,11710,11710510,33,34,1,0,1,0.030303030303030304,0.0,403
송파구,풍납2동,교육,20254,11710,11710520,97,104,4,1,7,0.041237113402061855,0.010309278350515464,746
송파구,풍납2동,생활/홈인테리어,20254,11710,11710520,35,35,1,0,0,0.02857142857142857,0.0,746
송파구,풍납2동,생활서비스,20254,11710,11710520,103,109,0,3,6,0.0,0.02912621359223301,746
송파구,풍납2동,숙박/부동산,20254,11710,11710520,57,57,0,2,0,0.0,0.03508771929824561,746
송파구,풍납2동,식품/식재료,20254,11710,11710520,64,78,0,1,14,0.0,0.015625,746
송파구,풍납2동,오락/여가,20254,11710,11710520,28,31,1,2,3,0.03571428571428571,0.07142857142857142,746
송파구,풍납2동,외식/F&B,20254,11710,11710520,106,139,1,6,33,0.009433962264150943,0.05660377358490566,746
송파구,풍납2동,의료/건강,20254,11710,11710520,79,80,0,0,1,0.0,0.0,746
송파구,풍납2동,자동차/이동수단,20254,11710,11710520,14,14,0,1,0,0.0,0.07142857142857142,746
송파구,풍납2동,전문서비스,20254,11710,11710520,67,67,1,0,0,0.014925373134328358,0.0,746
송파구,풍납2동,전자/디지털,20254,11710,11710520,47,48,1,2,1,0.02127659574468085,0.0425531914893617,746
송파구,풍납2동,패션/뷰티,20254,11710,11710520,49,51,0,1,2,0.0,0.02040816326530612,746
양천구,목1동,교육,20254,11470,11470510,335,364,7,2,29,0.020895522388059702,0.005970149253731343,2502
양천구,목1동,생활/홈인테리어,20254,11470,11470510,113,113,2,1,0,0.017699115044247787,0.008849557522123894,2502
양천구,목1동,생활서비스,20254,11470,11470510,247,283,0,8,36,0.0,0.032388663967611336,2502
양천구,목1동,숙박/부동산,20254,11470,11470510,88,88,0,1,0,0.0,0.011363636363636364,2502
양천구,목1동,식품/식재료,20254,11470,11470510,72,115,3,4,43,0.041666666666666664,0.05555555555555555,2502
양천구,목1동,오락/여가,20254,11470,11470510,79,92,2,1,13,0.02531645569620253,0.012658227848101266,2502
양천구,목1동,외식/F&B,20254,11470,11470510,485,660,14,22,175,0.0288659793814433,0.04536082474226804,2502
양천구,목1동,의료/건강,20254,11470,11470510,176,181,2,1,5,0.011363636363636364,0.005681818181818182,2502
양천구,목1동,자동차/이동수단,20254,11470,11470510,15,15,0,0,0,0.0,0.0,2502
양천구,목1동,전문서비스,20254,11470,11470510,48,48,0,0,0,0.0,0.0,2502
양천구,목1동,전자/디지털,20254,11470,11470510,97,97,0,1,0,0.0,0.010309278350515464,2502
양천구,목1동,패션/뷰티,20254,11470,11470510,747,771,2,11,24,0.002677376171352075,0.014725568942436412,2502
양천구,목2동,교육,20254,11470,11470520,108,116,1,1,8,0.009259259259259259,0.009259259259259259,918
양천구,목2동,생활/홈인테리어,20254,11470,11470520,48,48,2,1,0,0.041666666666666664,0.020833333333333332,918
양천구,목2동,생활서비스,20254,11470,11470520,162,171,2,1,9,0.012345679012345678,0.006172839506172839,918
양천구,목2동,숙박/부동산,20254,11470,11470520,80,80,0,2,0,0.0,0.025,918
양천구,목2동,식품/식재료,20254,11470,11470520,80,102,3,3,22,0.0375,0.0375,918
양천구,목2동,오락/여가,20254,11470,11470520,34,36,1,1,2,0.029411764705882353,0.029411764705882353,918
양천구,목2동,외식/F&B,20254,11470,11470520,180,227,7,12,47,0.03888888888888889,0.06666666666666667,918
양천구,목2동,의료/건강,20254,11470,11470520,53,55,0,0,2,0.0,0.0,918
양천구,목2동,자동차/이동수단,20254,11470,11470520,10,10,0,0,0,0.0,0.0,918
양천구,목2동,전문서비스,20254,11470,11470520,7,7,0,0,0,0.0,0.0,918
양천구,목2동,전자/디지털,20254,11470,11470520,79,79,0,0,0,0.0,0.0,918
양천구,목2동,패션/뷰티,20254,11470,11470520,77,79,0,1,2,0.0,0.012987012987012988,918
양천구,목3동,교육,20254,11470,11470530,94,97,3,1,3,0.031914893617021274,0.010638297872340425,1023
양천구,목3동,생활/홈인테리어,20254,11470,11470530,51,51,1,1,0,0.0196078431372549,0.0196078431372549,1023
양천구,목3동,생활서비스,20254,11470,11470530,177,193,3,0,16,0.01694915254237288,0.0,1023
양천구,목3동,숙박/부동산,20254,11470,11470530,70,70,0,1,0,0.0,0.014285714285714285,1023
양천구,목3동,식품/식재료,20254,11470,11470530,86,99,3,2,13,0.03488372093023256,0.023255813953488372,1023
양천구,목3동,오락/여가,20254,11470,11470530,59,61,1,1,2,0.01694915254237288,0.01694915254237288,1023
양천구,목3동,외식/F&B,20254,11470,11470530,199,250,8,11,51,0.04020100502512563,0.05527638190954774,1023
양천구,목3동,의료/건강,20254,11470,11470530,100,102,2,1,2,0.02,0.01,1023
양천구,목3동,자동차/이동수단,20254,11470,11470530,6,6,0,0,0,0.0,0.0,1023
양천구,목3동,전문서비스,20254,11470,11470530,13,13,0,0,0,0.0,0.0,1023
양천구,목3동,전자/디지털,20254,11470,11470530,70,70,1,1,0,0.014285714285714285,0.014285714285714285,1023
양천구,목3동,패션/뷰티,20254,11470,11470530,98,102,1,2,4,0.01020408163265306,0.02040816326530612,1023
양천구,목4동,교육,20254,11470,11470540,157,167,2,3,10,0.012738853503184714,0.01910828025477707,1063
양천구,목4동,생활/홈인테리어,20254,11470,11470540,56,56,1,0,0,0.017857142857142856,0.0,1063
양천구,목4동,생활서비스,20254,11470,11470540,199,209,2,4,10,0.010050251256281407,0.020100502512562814,1063
양천구,목4동,숙박/부동산,20254,11470,11470540,56,56,0,0,0,0.0,0.0,1063
양천구,목4동,식품/식재료,20254,11470,11470540,94,109,3,8,15,0.031914893617021274,0.0851063829787234,1063
양천구,목4동,오락/여가,20254,11470,11470540,49,51,2,1,2,0.04081632653061224,0.02040816326530612,1063
양천구,목4동,외식/F&B,20254,11470,11470540,225,287,6,11,62,0.02666666666666667,0.04888888888888889,1063
양천구,목4동,의료/건강,20254,11470,11470540,67,68,2,2,1,0.029850746268656716,0.029850746268656716,1063
양천구,목4동,자동차/이동수단,20254,11470,11470540,5,5,0,0,0,0.0,0.0,1063
양천구,목4동,전문서비스,20254,11470,11470540,4,4,0,0,0,0.0,0.0,1063
양천구,목4동,전자/디지털,20254,11470,11470540,73,73,1,0,0,0.0136986301369863,0.0,1063
양천구,목4동,패션/뷰티,20254,11470,11470540,78,81,0,0,3,0.0,0.0,1063
양천구,목5동,교육,20254,11470,11470550,660,687,10,16,27,0.015151515151515152,0.024242424242424242,1409
양천구,목5동,생활/홈인테리어,20254,11470,11470550,42,42,1,0,0,0.023809523809523808,0.0,1409
양천구,목5동,생활서비스,20254,11470,11470550,145,161,1,0,16,0.006896551724137931,0.0,1409
양천구,목5동,숙박/부동산,20254,11470,11470550,106,106,0,2,0,0.0,0.018867924528301886,1409
양천구,목5동,식품/식재료,20254,11470,11470550,56,94,3,6,38,0.05357142857142857,0.10714285714285714,1409
양천구,목5동,오락/여가,20254,11470,11470550,39,51,2,0,12,0.05128205128205128,0.0,1409
양천구,목5동,외식/F&B,20254,11470,11470550,127,210,6,8,83,0.047244094488188976,0.06299212598425197,1409
양천구,목5동,의료/건강,20254,11470,11470550,78,79,1,0,1,0.01282051282051282,0.0,1409
양천구,목5동,자동차/이동수단,20254,11470,11470550,5,5,0,0,0,0.0,0.0,1409
양천구,목5동,전문서비스,20254,11470,11470550,11,11,0,0,0,0.0,0.0,1409
양천구,목5동,전자/디지털,20254,11470,11470550,62,62,0,1,0,0.0,0.016129032258064516,1409
양천구,목5동,패션/뷰티,20254,11470,11470550,78,82,1,1,4,0.01282051282051282,0.01282051282051282,1409
양천구,신월1동,교육,20254,11470,11470560,45,55,2,0,10,0.044444444444444446,0.0,1003
양천구,신월1동,생활/홈인테리어,20254,11470,11470560,49,49,0,1,0,0.0,0.02040816326530612,1003
양천구,신월1동,생활서비스,20254,11470,11470560,163,169,1,0,6,0.006134969325153374,0.0,1003
양천구,신월1동,숙박/부동산,20254,11470,11470560,44,44,0,0,0,0.0,0.0,1003
양천구,신월1동,식품/식재료,20254,11470,11470560,184,199,4,6,15,0.021739130434782608,0.03260869565217391,1003
양천구,신월1동,오락/여가,20254,11470,11470560,50,52,3,1,2,0.06,0.02,1003
양천구,신월1동,외식/F&B,20254,11470,11470560,265,302,9,8,37,0.033962264150943396,0.03018867924528302,1003
양천구,신월1동,의료/건강,20254,11470,11470560,41,41,0,0,0,0.0,0.0,1003
양천구,신월1동,자동차/이동수단,20254,11470,11470560,21,21,0,0,0,0.0,0.0,1003
양천구,신월1동,전자/디지털,20254,11470,11470560,49,49,1,1,0,0.02040816326530612,0.02040816326530612,1003
양천구,신월1동,패션/뷰티,20254,11470,11470560,92,92,1,2,0,0.010869565217391304,0.021739130434782608,1003
양천구,신월2동,교육,20254,11470,11470570,79,88,2,2,9,0.02531645569620253,0.02531645569620253,595
양천구,신월2동,생활/홈인테리어,20254,11470,11470570,30,30,0,1,0,0.0,0.03333333333333333,595
양천구,신월2동,생활서비스,20254,11470,11470570,104,114,1,2,10,0.009615384615384616,0.019230769230769232,595
양천구,신월2동,숙박/부동산,20254,11470,11470570,66,66,0,0,0,0.0,0.0,595
양천구,신월2동,식품/식재료,20254,11470,11470570,61,70,2,1,9,0.03278688524590164,0.01639344262295082,595
양천구,신월2동,오락/여가,20254,11470,11470570,17,17,0,1,0,0.0,0.058823529411764705,595
양천구,신월2동,외식/F&B,20254,11470,11470570,103,118,6,7,15,0.05825242718446602,0.06796116504854369,595
양천구,신월2동,의료/건강,20254,11470,11470570,40,40,2,0,0,0.05,0.0,595
양천구,신월2동,자동차/이동수단,20254,11470,11470570,12,12,0,0,0,0.0,0.0,595
양천구,신월2동,전문서비스,20254,11470,11470570,1,1,0,0,0,0.0,0.0,595
양천구,신월2동,전자/디지털,20254,11470,11470570,42,42,0,2,0,0.0,0.047619047619047616,595
양천구,신월2동,패션/뷰티,20254,11470,11470570,40,40,0,1,0,0.0,0.025,595
양천구,신월3동,교육,20254,11470,11470580,34,34,0,0,0,0.0,0.0,478
양천구,신월3동,생활/홈인테리어,20254,11470,11470580,27,27,0,0,0,0.0,0.0,478
양천구,신월3동,생활서비스,20254,11470,11470580,81,86,2,2,5,0.024691358024691357,0.024691358024691357,478
양천구,신월3동,숙박/부동산,20254,11470,11470580,11,11,0,0,0,0.0,0.0,478
양천구,신월3동,식품/식재료,20254,11470,11470580,58,76,0,2,18,0.0,0.034482758620689655,478
양천구,신월3동,오락/여가,20254,11470,11470580,15,15,0,1,0,0.0,0.06666666666666667,478
양천구,신월3동,외식/F&B,20254,11470,11470580,88,110,3,4,22,0.03409090909090909,0.045454545454545456,478
양천구,신월3동,의료/건강,20254,11470,11470580,25,27,1,0,2,0.04,0.0,478
양천구,신월3동,자동차/이동수단,20254,11470,11470580,63,63,0,3,0,0.0,0.047619047619047616,478
양천구,신월3동,전자/디지털,20254,11470,11470580,42,42,0,0,0,0.0,0.0,478
양천구,신월3동,패션/뷰티,20254,11470,11470580,34,35,0,0,1,0.0,0.0,478
양천구,신월4동,교육,20254,11470,11470590,67,76,0,2,9,0.0,0.029850746268656716,634
양천구,신월4동,생활/홈인테리어,20254,11470,11470590,39,39,0,0,0,0.0,0.0,634
양천구,신월4동,생활서비스,20254,11470,11470590,131,137,3,0,6,0.022900763358778626,0.0,634
양천구,신월4동,숙박/부동산,20254,11470,11470590,31,31,0,0,0,0.0,0.0,634
양천구,신월4동,식품/식재료,20254,11470,11470590,50,62,2,1,12,0.04,0.02,634
양천구,신월4동,오락/여가,20254,11470,11470590,26,26,0,1,0,0.0,0.038461538461538464,634
양천구,신월4동,외식/F&B,20254,11470,11470590,149,184,4,6,35,0.026845637583892617,0.040268456375838924,634
양천구,신월4동,의료/건강,20254,11470,11470590,33,35,1,0,2,0.030303030303030304,0.0,634
양천구,신월4동,자동차/이동수단,20254,11470,11470590,19,19,1,0,0,0.05263157894736842,0.0,634
양천구,신월4동,전문서비스,20254,11470,11470590,2,2,0,0,0,0.0,0.0,634
양천구,신월4동,전자/디지털,20254,11470,11470590,51,51,0,0,0,0.0,0.0,634
양천구,신월4동,패션/뷰티,20254,11470,11470590,36,38,1,0,2,0.027777777777777776,0.0,634
양천구,신월5동,교육,20254,11470,11470600,51,54,0,1,3,0.0,0.0196078431372549,518
양천구,신월5동,생활/홈인테리어,20254,11470,11470600,26,26,0,0,0,0.0,0.0,518
양천구,신월5동,생활서비스,20254,11470,11470600,108,111,1,2,3,0.009259259259259259,0.018518518518518517,518
양천구,신월5동,숙박/부동산,20254,11470,11470600,27,27,0,1,0,0.0,0.037037037037037035,518
양천구,신월5동,식품/식재료,20254,11470,11470600,34,46,1,0,12,0.029411764705882353,0.0,518
양천구,신월5동,오락/여가,20254,11470,11470600,28,29,1,1,1,0.03571428571428571,0.03571428571428571,518
양천구,신월5동,외식/F&B,20254,11470,11470600,124,150,6,11,26,0.04838709677419355,0.08870967741935484,518
양천구,신월5동,의료/건강,20254,11470,11470600,21,21,0,0,0,0.0,0.0,518
양천구,신월5동,자동차/이동수단,20254,11470,11470600,24,24,0,0,0,0.0,0.0,518
양천구,신월5동,전문서비스,20254,11470,11470600,2,2,0,0,0,0.0,0.0,518
양천구,신월5동,전자/디지털,20254,11470,11470600,31,31,0,1,0,0.0,0.03225806451612903,518
양천구,신월5동,패션/뷰티,20254,11470,11470600,42,43,1,1,1,0.023809523809523808,0.023809523809523808,518
양천구,신월6동,교육,20254,11470,11470610,60,68,1,0,8,0.016666666666666666,0.0,461
양천구,신월6동,생활/홈인테리어,20254,11470,11470610,22,22,0,0,0,0.0,0.0,461
양천구,신월6동,생활서비스,20254,11470,11470610,64,69,1,0,5,0.015625,0.0,461
양천구,신월6동,숙박/부동산,20254,11470,11470610,60,60,0,1,0,0.0,0.016666666666666666,461
양천구,신월6동,식품/식재료,20254,11470,11470610,44,54,3,1,10,0.06818181818181818,0.022727272727272728,461
양천구,신월6동,오락/여가,20254,11470,11470610,19,20,2,1,1,0.10526315789473684,0.05263157894736842,461
양천구,신월6동,외식/F&B,20254,11470,11470610,90,118,4,5,28,0.044444444444444446,0.05555555555555555,461
양천구,신월6동,의료/건강,20254,11470,11470610,29,29,0,0,0,0.0,0.0,461
양천구,신월6동,자동차/이동수단,20254,11470,11470610,4,4,0,0,0,0.0,0.0,461
양천구,신월6동,전문서비스,20254,11470,11470610,1,1,0,1,0,0.0,1.0,461
양천구,신월6동,전자/디지털,20254,11470,11470610,35,35,0,0,0,0.0,0.0,461
양천구,신월6동,패션/뷰티,20254,11470,11470610,33,34,0,2,1,0.0,0.06060606060606061,461
양천구,신월7동,교육,20254,11470,11470611,53,54,1,3,1,0.018867924528301886,0.05660377358490566,618
양천구,신월7동,생활/홈인테리어,20254,11470,11470611,48,48,2,1,0,0.041666666666666664,0.020833333333333332,618
양천구,신월7동,생활서비스,20254,11470,11470611,115,117,1,1,2,0.008695652173913044,0.008695652173913044,618
양천구,신월7동,숙박/부동산,20254,11470,11470611,44,44,0,0,0,0.0,0.0,618
양천구,신월7동,식품/식재료,20254,11470,11470611,62,76,1,1,14,0.016129032258064516,0.016129032258064516,618
양천구,신월7동,오락/여가,20254,11470,11470611,39,40,0,1,1,0.0,0.02564102564102564,618
양천구,신월7동,외식/F&B,20254,11470,11470611,122,146,6,7,24,0.04918032786885246,0.05737704918032787,618
양천구,신월7동,의료/건강,20254,11470,11470611,38,39,1,0,1,0.02631578947368421,0.0,618
양천구,신월7동,자동차/이동수단,20254,11470,11470611,8,8,0,1,0,0.0,0.125,618
양천구,신월7동,전문서비스,20254,11470,11470611,1,1,0,0,0,0.0,0.0,618
양천구,신월7동,전자/디지털,20254,11470,11470611,43,43,1,0,0,0.023255813953488372,0.0,618
양천구,신월7동,패션/뷰티,20254,11470,11470611,45,45,0,0,0,0.0,0.0,618
양천구,신정1동,교육,20254,11470,11470620,185,191,3,2,6,0.016216216216216217,0.010810810810810811,972
양천구,신정1동,생활/홈인테리어,20254,11470,11470620,38,38,1,3,0,0.02631578947368421,0.07894736842105263,972
양천구,신정1동,생활서비스,20254,11470,11470620,135,142,1,3,7,0.007407407407407408,0.022222222222222223,972
양천구,신정1동,숙박/부동산,20254,11470,11470620,74,74,0,1,0,0.0,0.013513513513513514,972
양천구,신정1동,식품/식재료,20254,11470,11470620,53,65,3,3,12,0.05660377358490566,0.05660377358490566,972
양천구,신정1동,오락/여가,20254,11470,11470620,47,59,1,0,12,0.02127659574468085,0.0,972
양천구,신정1동,외식/F&B,20254,11470,11470620,211,266,9,7,55,0.04265402843601896,0.03317535545023697,972
양천구,신정1동,의료/건강,20254,11470,11470620,64,65,0,0,1,0.0,0.0,972
양천구,신정1동,자동차/이동수단,20254,11470,11470620,7,7,0,0,0,0.0,0.0,972
양천구,신정1동,전문서비스,20254,11470,11470620,56,56,0,2,0,0.0,0.03571428571428571,972
양천구,신정1동,전자/디지털,20254,11470,11470620,45,45,0,1,0,0.0,0.022222222222222223,972
양천구,신정1동,패션/뷰티,20254,11470,11470620,57,61,2,0,4,0.03508771929824561,0.0,972
양천구,신정2동,교육,20254,11470,11470630,225,234,3,5,9,0.013333333333333334,0.022222222222222223,895
양천구,신정2동,생활/홈인테리어,20254,11470,11470630,38,38,2,1,0,0.05263157894736842,0.02631578947368421,895
양천구,신정2동,생활서비스,20254,11470,11470630,140,155,1,4,15,0.007142857142857143,0.02857142857142857,895
양천구,신정2동,숙박/부동산,20254,11470,11470630,48,48,0,1,0,0.0,0.020833333333333332,895
양천구,신정2동,식품/식재료,20254,11470,11470630,63,72,2,3,9,0.031746031746031744,0.047619047619047616,895
양천구,신정2동,오락/여가,20254,11470,11470630,32,36,2,1,4,0.0625,0.03125,895
양천구,신정2동,외식/F&B,20254,11470,11470630,175,220,10,6,45,0.05714285714285714,0.03428571428571429,895
양천구,신정2동,의료/건강,20254,11470,11470630,56,58,2,0,2,0.03571428571428571,0.0,895
양천구,신정2동,자동차/이동수단,20254,11470,11470630,10,10,0,0,0,0.0,0.0,895
양천구,신정2동,전문서비스,20254,11470,11470630,21,21,0,0,0,0.0,0.0,895
양천구,신정2동,전자/디지털,20254,11470,11470630,30,30,0,0,0,0.0,0.0,895
양천구,신정2동,패션/뷰티,20254,11470,11470630,57,58,3,3,1,0.05263157894736842,0.05263157894736842,895
양천구,신정3동,교육,20254,11470,11470640,165,189,6,4,24,0.03636363636363636,0.024242424242424242,978
양천구,신정3동,생활/홈인테리어,20254,11470,11470640,45,45,0,1,0,0.0,0.022222222222222223,978
양천구,신정3동,생활서비스,20254,11470,11470640,183,197,3,3,14,0.01639344262295082,0.01639344262295082,978
양천구,신정3동,숙박/부동산,20254,11470,11470640,89,89,0,2,0,0.0,0.02247191011235955,978
양천구,신정3동,식품/식재료,20254,11470,11470640,91,122,4,5,31,0.04395604395604396,0.054945054945054944,978
양천구,신정3동,오락/여가,20254,11470,11470640,43,48,3,4,5,0.06976744186046512,0.09302325581395349,978
양천구,신정3동,외식/F&B,20254,11470,11470640,115,191,5,8,76,0.043478260869565216,0.06956521739130435,978
양천구,신정3동,의료/건강,20254,11470,11470640,99,100,1,0,1,0.010101010101010102,0.0,978
양천구,신정3동,자동차/이동수단,20254,11470,11470640,14,14,0,0,0,0.0,0.0,978
양천구,신정3동,전문서비스,20254,11470,11470640,6,6,0,0,0,0.0,0.0,978
양천구,신정3동,전자/디지털,20254,11470,11470640,81,81,0,2,0,0.0,0.024691358024691357,978
양천구,신정3동,패션/뷰티,20254,11470,11470640,47,47,0,4,0,0.0,0.0851063829787234,978
양천구,신정4동,교육,20254,11470,11470650,179,189,5,5,10,0.027932960893854747,0.027932960893854747,2278
양천구,신정4동,생활/홈인테리어,20254,11470,11470650,110,110,0,0,0,0.0,0.0,2278
양천구,신정4동,생활서비스,20254,11470,11470650,380,397,7,9,17,0.018421052631578946,0.02368421052631579,2278
양천구,신정4동,숙박/부동산,20254,11470,11470650,155,155,2,2,0,0.012903225806451613,0.012903225806451613,2278
양천구,신정4동,식품/식재료,20254,11470,11470650,144,178,3,6,34,0.020833333333333332,0.041666666666666664,2278
양천구,신정4동,오락/여가,20254,11470,11470650,104,107,5,4,3,0.04807692307692308,0.038461538461538464,2278
양천구,신정4동,외식/F&B,20254,11470,11470650,501,596,19,30,95,0.03792415169660679,0.059880239520958084,2278
양천구,신정4동,의료/건강,20254,11470,11470650,136,136,2,3,0,0.014705882352941176,0.022058823529411766,2278
양천구,신정4동,자동차/이동수단,20254,11470,11470650,39,39,0,0,0,0.0,0.0,2278
양천구,신정4동,전문서비스,20254,11470,11470650,203,203,0,1,0,0.0,0.0049261083743842365,2278
양천구,신정4동,전자/디지털,20254,11470,11470650,162,162,3,3,0,0.018518518518518517,0.018518518518518517,2278
양천구,신정4동,패션/뷰티,20254,11470,11470650,165,171,2,3,6,0.012121212121212121,0.01818181818181818,2278
양천구,신정6동,교육,20254,11470,11470670,271,287,9,8,16,0.033210332103321034,0.02952029520295203,616
양천구,신정6동,생활/홈인테리어,20254,11470,11470670,15,15,0,0,0,0.0,0.0,616
양천구,신정6동,생활서비스,20254,11470,11470670,71,74,2,2,3,0.028169014084507043,0.028169014084507043,616
양천구,신정6동,숙박/부동산,20254,11470,11470670,64,64,0,0,0,0.0,0.0,616
양천구,신정6동,식품/식재료,20254,11470,11470670,33,43,1,1,10,0.030303030303030304,0.030303030303030304,616
양천구,신정6동,오락/여가,20254,11470,11470670,17,18,0,0,1,0.0,0.0,616
양천구,신정6동,외식/F&B,20254,11470,11470670,41,73,1,3,32,0.024390243902439025,0.07317073170731707,616
양천구,신정6동,의료/건강,20254,11470,11470670,18,19,0,0,1,0.0,0.0,616
양천구,신정6동,자동차/이동수단,20254,11470,11470670,2,2,0,0,0,0.0,0.0,616
양천구,신정6동,전문서비스,20254,11470,11470670,40,40,0,0,0,0.0,0.0,616
양천구,신정6동,전자/디지털,20254,11470,11470670,22,22,0,1,0,0.0,0.045454545454545456,616
양천구,신정6동,패션/뷰티,20254,11470,11470670,22,22,2,0,0,0.09090909090909091,0.0,616
양천구,신정7동,교육,20254,11470,11470680,184,193,1,9,9,0.005434782608695652,0.04891304347826087,723
양천구,신정7동,생활/홈인테리어,20254,11470,11470680,30,30,0,0,0,0.0,0.0,723
양천구,신정7동,생활서비스,20254,11470,11470680,120,130,1,3,10,0.008333333333333333,0.025,723
양천구,신정7동,숙박/부동산,20254,11470,11470680,47,47,0,0,0,0.0,0.0,723
양천구,신정7동,식품/식재료,20254,11470,11470680,43,60,0,1,17,0.0,0.023255813953488372,723
양천구,신정7동,오락/여가,20254,11470,11470680,39,42,0,1,3,0.0,0.02564102564102564,723
양천구,신정7동,외식/F&B,20254,11470,11470680,105,162,4,2,57,0.0380952380952381,0.01904761904761905,723
양천구,신정7동,의료/건강,20254,11470,11470680,58,60,0,0,2,0.0,0.0,723
양천구,신정7동,자동차/이동수단,20254,11470,11470680,17,17,3,0,0,0.17647058823529413,0.0,723
양천구,신정7동,전문서비스,20254,11470,11470680,4,4,0,0,0,0.0,0.0,723
양천구,신정7동,전자/디지털,20254,11470,11470680,40,41,1,2,1,0.025,0.05,723
양천구,신정7동,패션/뷰티,20254,11470,11470680,36,38,0,0,2,0.0,0.0,723
영등포구,당산1동,교육,20254,11560,11560550,91,94,2,1,3,0.02197802197802198,0.01098901098901099,2346
영등포구,당산1동,생활/홈인테리어,20254,11560,11560550,118,119,1,1,1,0.00847457627118644,0.00847457627118644,2346
영등포구,당산1동,생활서비스,20254,11560,11560550,309,321,4,6,12,0.012944983818770227,0.019417475728155338,2346
영등포구,당산1동,숙박/부동산,20254,11560,11560550,164,164,0,4,0,0.0,0.024390243902439025,2346
영등포구,당산1동,식품/식재료,20254,11560,11560550,290,323,5,4,33,0.017241379310344827,0.013793103448275862,2346
영등포구,당산1동,오락/여가,20254,11560,11560550,78,78,2,3,0,0.02564102564102564,0.038461538461538464,2346
영등포구,당산1동,외식/F&B,20254,11560,11560550,577,699,16,24,122,0.02772963604852686,0.0415944540727903,2346
영등포구,당산1동,의료/건강,20254,11560,11560550,93,94,0,1,1,0.0,0.010752688172043012,2346
영등포구,당산1동,자동차/이동수단,20254,11560,11560550,34,34,0,0,0,0.0,0.0,2346
영등포구,당산1동,전문서비스,20254,11560,11560550,198,198,1,2,0,0.005050505050505051,0.010101010101010102,2346
영등포구,당산1동,전자/디지털,20254,11560,11560550,253,253,2,2,0,0.007905138339920948,0.007905138339920948,2346
영등포구,당산1동,패션/뷰티,20254,11560,11560550,141,146,3,6,5,0.02127659574468085,0.0425531914893617,2346
영등포구,당산2동,교육,20254,11560,11560560,191,210,13,14,19,0.06806282722513089,0.07329842931937172,1732
영등포구,당산2동,생활/홈인테리어,20254,11560,11560560,76,77,2,0,1,0.02631578947368421,0.0,1732
영등포구,당산2동,생활서비스,20254,11560,11560560,295,311,6,3,16,0.020338983050847456,0.010169491525423728,1732
영등포구,당산2동,숙박/부동산,20254,11560,11560560,159,159,0,5,0,0.0,0.031446540880503145,1732
영등포구,당산2동,식품/식재료,20254,11560,11560560,104,150,6,1,46,0.057692307692307696,0.009615384615384616,1732
영등포구,당산2동,오락/여가,20254,11560,11560560,56,62,3,5,6,0.05357142857142857,0.08928571428571429,1732
영등포구,당산2동,외식/F&B,20254,11560,11560560,383,487,18,20,104,0.04699738903394256,0.05221932114882506,1732
영등포구,당산2동,의료/건강,20254,11560,11560560,161,164,1,0,3,0.006211180124223602,0.0,1732
영등포구,당산2동,자동차/이동수단,20254,11560,11560560,17,17,0,1,0,0.0,0.058823529411764705,1732
영등포구,당산2동,전문서비스,20254,11560,11560560,72,72,0,1,0,0.0,0.013888888888888888,1732
영등포구,당산2동,전자/디지털,20254,11560,11560560,115,116,1,3,1,0.008695652173913044,0.02608695652173913,1732
영등포구,당산2동,패션/뷰티,20254,11560,11560560,103,110,2,2,7,0.019417475728155338,0.019417475728155338,1732
영등포구,대림1동,교육,20254,11560,11560700,37,37,0,1,0,0.0,0.02702702702702703,682
영등포구,대림1동,생활/홈인테리어,20254,11560,11560700,35,35,0,0,0,0.0,0.0,682
영등포구,대림1동,생활서비스,20254,11560,11560700,97,104,2,1,7,0.020618556701030927,0.010309278350515464,682
영등포구,대림1동,숙박/부동산,20254,11560,11560700,47,48,0,0,1,0.0,0.0,682
영등포구,대림1동,식품/식재료,20254,11560,11560700,102,118,3,3,16,0.029411764705882353,0.029411764705882353,682
영등포구,대림1동,오락/여가,20254,11560,11560700,30,30,2,4,0,0.06666666666666667,0.13333333333333333,682
영등포구,대림1동,외식/F&B,20254,11560,11560700,171,220,10,14,49,0.05847953216374269,0.08187134502923976,682
영등포구,대림1동,의료/건강,20254,11560,11560700,51,52,1,2,1,0.0196078431372549,0.0392156862745098,682
영등포구,대림1동,자동차/이동수단,20254,11560,11560700,2,2,0,0,0,0.0,0.0,682
영등포구,대림1동,전문서비스,20254,11560,11560700,8,8,0,0,0,0.0,0.0,682
영등포구,대림1동,전자/디지털,20254,11560,11560700,42,42,0,0,0,0.0,0.0,682
영등포구,대림1동,패션/뷰티,20254,11560,11560700,60,61,1,3,1,0.016666666666666666,0.05,682
영등포구,대림2동,교육,20254,11560,11560710,19,20,0,4,1,0.0,0.21052631578947367,1182
영등포구,대림2동,생활/홈인테리어,20254,11560,11560710,39,39,1,1,0,0.02564102564102564,0.02564102564102564,1182
영등포구,대림2동,생활서비스,20254,11560,11560710,210,211,4,1,1,0.01904761904761905,0.004761904761904762,1182
영등포구,대림2동,숙박/부동산,20254,11560,11560710,66,66,0,0,0,0.0,0.0,1182
영등포구,대림2동,식품/식재료,20254,11560,11560710,129,150,2,1,21,0.015503875968992248,0.007751937984496124,1182
영등포구,대림2동,오락/여가,20254,11560,11560710,92,96,1,2,4,0.010869565217391304,0.021739130434782608,1182
영등포구,대림2동,외식/F&B,20254,11560,11560710,354,381,9,14,27,0.025423728813559324,0.03954802259887006,1182
영등포구,대림2동,의료/건강,20254,11560,11560710,57,58,0,1,1,0.0,0.017543859649122806,1182
영등포구,대림2동,자동차/이동수단,20254,11560,11560710,3,3,0,0,0,0.0,0.0,1182
영등포구,대림2동,전문서비스,20254,11560,11560710,36,36,0,0,0,0.0,0.0,1182
영등포구,대림2동,전자/디지털,20254,11560,11560710,77,77,0,2,0,0.0,0.025974025974025976,1182
영등포구,대림2동,패션/뷰티,20254,11560,11560710,100,103,0,0,3,0.0,0.0,1182
영등포구,대림3동,교육,20254,11560,11560720,62,66,1,4,4,0.016129032258064516,0.06451612903225806,1367
영등포구,대림3동,생활/홈인테리어,20254,11560,11560720,67,67,0,1,0,0.0,0.014925373134328358,1367
영등포구,대림3동,생활서비스,20254,11560,11560720,205,216,3,5,11,0.014634146341463415,0.024390243902439025,1367
영등포구,대림3동,숙박/부동산,20254,11560,11560720,69,69,0,0,0,0.0,0.0,1367
영등포구,대림3동,식품/식재료,20254,11560,11560720,135,160,3,6,25,0.022222222222222223,0.044444444444444446,1367
영등포구,대림3동,오락/여가,20254,11560,11560720,108,111,4,6,3,0.037037037037037035,0.05555555555555555,1367
영등포구,대림3동,외식/F&B,20254,11560,11560720,337,373,11,15,36,0.032640949554896145,0.04451038575667656,1367
영등포구,대림3동,의료/건강,20254,11560,11560720,123,123,1,0,0,0.008130081300813009,0.0,1367
영등포구,대림3동,자동차/이동수단,20254,11560,11560720,24,24,0,0,0,0.0,0.0,1367
영등포구,대림3동,전문서비스,20254,11560,11560720,46,46,0,1,0,0.0,0.021739130434782608,1367
영등포구,대림3동,전자/디지털,20254,11560,11560720,90,91,1,2,1,0.011111111111111112,0.022222222222222223,1367
영등포구,대림3동,패션/뷰티,20254,11560,11560720,101,103,0,2,2,0.0,0.019801980198019802,1367
영등포구,도림동,교육,20254,11560,11560585,47,51,0,0,4,0.0,0.0,676
영등포구,도림동,생활/홈인테리어,20254,11560,11560585,31,31,0,1,0,0.0,0.03225806451612903,676
영등포구,도림동,생활서비스,20254,11560,11560585,144,145,2,1,1,0.013888888888888888,0.006944444444444444,676
영등포구,도림동,숙박/부동산,20254,11560,11560585,44,44,0,3,0,0.0,0.06818181818181818,676
영등포구,도림동,식품/식재료,20254,11560,11560585,70,87,2,0,17,0.02857142857142857,0.0,676
영등포구,도림동,오락/여가,20254,11560,11560585,30,33,0,1,3,0.0,0.03333333333333333,676
영등포구,도림동,외식/F&B,20254,11560,11560585,139,167,3,1,28,0.02158273381294964,0.007194244604316547,676
영등포구,도림동,의료/건강,20254,11560,11560585,33,34,0,0,1,0.0,0.0,676
영등포구,도림동,자동차/이동수단,20254,11560,11560585,14,14,0,0,0,0.0,0.0,676
영등포구,도림동,전문서비스,20254,11560,11560585,8,8,0,0,0,0.0,0.0,676
영등포구,도림동,전자/디지털,20254,11560,11560585,60,61,0,0,1,0.0,0.0,676
영등포구,도림동,패션/뷰티,20254,11560,11560585,56,56,2,2,0,0.03571428571428571,0.03571428571428571,676
영등포구,문래동,교육,20254,11560,11560605,178,186,4,2,8,0.02247191011235955,0.011235955056179775,2549
영등포구,문래동,생활/홈인테리어,20254,11560,11560605,146,146,2,2,0,0.0136986301369863,0.0136986301369863,2549
영등포구,문래동,생활서비스,20254,11560,11560605,319,340,6,3,21,0.018808777429467086,0.009404388714733543,2549
영등포구,문래동,숙박/부동산,20254,11560,11560605,130,130,1,1,0,0.007692307692307693,0.007692307692307693,2549
영등포구,문래동,식품/식재료,20254,11560,11560605,269,310,5,1,41,0.01858736059479554,0.0037174721189591076,2549
영등포구,문래동,오락/여가,20254,11560,11560605,64,72,6,3,8,0.09375,0.046875,2549
영등포구,문래동,외식/F&B,20254,11560,11560605,665,800,33,36,135,0.04962406015037594,0.05413533834586466,2549
영등포구,문래동,의료/건강,20254,11560,11560605,152,153,1,3,1,0.006578947368421052,0.019736842105263157,2549
영등포구,문래동,자동차/이동수단,20254,11560,11560605,63,63,3,1,0,0.047619047619047616,0.015873015873015872,2549
영등포구,문래동,전문서비스,20254,11560,11560605,107,107,0,0,0,0.0,0.0,2549
영등포구,문래동,전자/디지털,20254,11560,11560605,243,243,0,5,0,0.0,0.0205761316872428,2549
영등포구,문래동,패션/뷰티,20254,11560,11560605,213,222,5,6,9,0.023474178403755867,0.028169014084507043,2549
영등포구,신길1동,교육,20254,11560,11560630,49,51,0,1,2,0.0,0.02040816326530612,771
영등포구,신길1동,생활/홈인테리어,20254,11560,11560630,45,45,0,0,0,0.0,0.0,771
영등포구,신길1동,생활서비스,20254,11560,11560630,111,120,1,2,9,0.009009009009009009,0.018018018018018018,771
영등포구,신길1동,숙박/부동산,20254,11560,11560630,81,81,0,1,0,0.0,0.012345679012345678,771
영등포구,신길1동,식품/식재료,20254,11560,11560630,80,102,1,1,22,0.0125,0.0125,771
영등포구,신길1동,오락/여가,20254,11560,11560630,38,39,0,1,1,0.0,0.02631578947368421,771
영등포구,신길1동,외식/F&B,20254,11560,11560630,177,212,6,5,35,0.03389830508474576,0.02824858757062147,771
영등포구,신길1동,의료/건강,20254,11560,11560630,42,43,0,1,1,0.0,0.023809523809523808,771
영등포구,신길1동,자동차/이동수단,20254,11560,11560630,7,7,0,0,0,0.0,0.0,771
영등포구,신길1동,전문서비스,20254,11560,11560630,6,6,0,0,0,0.0,0.0,771
영등포구,신길1동,전자/디지털,20254,11560,11560630,54,55,0,1,1,0.0,0.018518518518518517,771
영등포구,신길1동,패션/뷰티,20254,11560,11560630,81,82,0,0,1,0.0,0.0,771
영등포구,신길3동,교육,20254,11560,11560650,52,58,0,2,6,0.0,0.038461538461538464,699
영등포구,신길3동,생활/홈인테리어,20254,11560,11560650,39,39,0,1,0,0.0,0.02564102564102564,699
영등포구,신길3동,생활서비스,20254,11560,11560650,110,113,4,1,3,0.03636363636363636,0.00909090909090909,699
영등포구,신길3동,숙박/부동산,20254,11560,11560650,58,58,0,0,0,0.0,0.0,699
영등포구,신길3동,식품/식재료,20254,11560,11560650,78,86,2,1,8,0.02564102564102564,0.01282051282051282,699
영등포구,신길3동,오락/여가,20254,11560,11560650,35,37,2,2,2,0.05714285714285714,0.05714285714285714,699
영등포구,신길3동,외식/F&B,20254,11560,11560650,133,158,5,5,25,0.03759398496240601,0.03759398496240601,699
영등포구,신길3동,의료/건강,20254,11560,11560650,72,73,2,1,1,0.027777777777777776,0.013888888888888888,699
영등포구,신길3동,자동차/이동수단,20254,11560,11560650,9,9,0,0,0,0.0,0.0,699
영등포구,신길3동,전문서비스,20254,11560,11560650,2,2,0,0,0,0.0,0.0,699
영등포구,신길3동,전자/디지털,20254,11560,11560650,42,42,0,0,0,0.0,0.0,699
영등포구,신길3동,패션/뷰티,20254,11560,11560650,69,71,1,0,2,0.014492753623188406,0.0,699
영등포구,신길4동,교육,20254,11560,11560660,26,33,1,0,7,0.038461538461538464,0.0,324
영등포구,신길4동,생활/홈인테리어,20254,11560,11560660,14,14,0,0,0,0.0,0.0,324
영등포구,신길4동,생활서비스,20254,11560,11560660,55,56,1,2,1,0.01818181818181818,0.03636363636363636,324
영등포구,신길4동,숙박/부동산,20254,11560,11560660,28,28,1,0,0,0.03571428571428571,0.0,324
영등포구,신길4동,식품/식재료,20254,11560,11560660,41,48,2,1,7,0.04878048780487805,0.024390243902439025,324
영등포구,신길4동,오락/여가,20254,11560,11560660,9,9,0,0,0,0.0,0.0,324
영등포구,신길4동,외식/F&B,20254,11560,11560660,74,96,2,5,22,0.02702702702702703,0.06756756756756757,324
영등포구,신길4동,의료/건강,20254,11560,11560660,28,29,0,0,1,0.0,0.0,324
영등포구,신길4동,자동차/이동수단,20254,11560,11560660,2,2,0,0,0,0.0,0.0,324
영등포구,신길4동,전자/디지털,20254,11560,11560660,25,25,0,0,0,0.0,0.0,324
영등포구,신길4동,패션/뷰티,20254,11560,11560660,22,22,1,1,0,0.045454545454545456,0.045454545454545456,324
영등포구,신길5동,교육,20254,11560,11560670,20,22,0,0,2,0.0,0.0,275
영등포구,신길5동,생활/홈인테리어,20254,11560,11560670,21,21,0,0,0,0.0,0.0,275
영등포구,신길5동,생활서비스,20254,11560,11560670,52,55,1,0,3,0.019230769230769232,0.0,275
영등포구,신길5동,숙박/부동산,20254,11560,11560670,35,35,0,0,0,0.0,0.0,275
영등포구,신길5동,식품/식재료,20254,11560,11560670,24,31,0,3,7,0.0,0.125,275
영등포구,신길5동,오락/여가,20254,11560,11560670,13,13,1,0,0,0.07692307692307693,0.0,275
영등포구,신길5동,외식/F&B,20254,11560,11560670,58,73,5,4,15,0.08620689655172414,0.06896551724137931,275
영등포구,신길5동,의료/건강,20254,11560,11560670,13,13,0,0,0,0.0,0.0,275
영등포구,신길5동,자동차/이동수단,20254,11560,11560670,11,11,0,0,0,0.0,0.0,275
영등포구,신길5동,전문서비스,20254,11560,11560670,2,2,0,0,0,0.0,0.0,275
영등포구,신길5동,전자/디지털,20254,11560,11560670,16,16,0,1,0,0.0,0.0625,275
영등포구,신길5동,패션/뷰티,20254,11560,11560670,10,10,0,1,0,0.0,0.1,275
영등포구,신길6동,교육,20254,11560,11560680,140,152,7,3,12,0.05,0.02142857142857143,936
영등포구,신길6동,생활/홈인테리어,20254,11560,11560680,36,36,0,0,0,0.0,0.0,936
영등포구,신길6동,생활서비스,20254,11560,11560680,144,152,4,4,8,0.027777777777777776,0.027777777777777776,936
영등포구,신길6동,숙박/부동산,20254,11560,11560680,83,83,0,2,0,0.0,0.024096385542168676,936
영등포구,신길6동,식품/식재료,20254,11560,11560680,71,95,2,1,24,0.028169014084507043,0.014084507042253521,936
영등포구,신길6동,오락/여가,20254,11560,11560680,43,48,3,1,5,0.06976744186046512,0.023255813953488372,936
영등포구,신길6동,외식/F&B,20254,11560,11560680,177,232,11,10,55,0.062146892655367235,0.05649717514124294,936
영등포구,신길6동,의료/건강,20254,11560,11560680,74,77,0,0,3,0.0,0.0,936
영등포구,신길6동,자동차/이동수단,20254,11560,11560680,20,20,0,0,0,0.0,0.0,936
영등포구,신길6동,전문서비스,20254,11560,11560680,34,34,0,0,0,0.0,0.0,936
영등포구,신길6동,전자/디지털,20254,11560,11560680,49,49,0,1,0,0.0,0.02040816326530612,936
영등포구,신길6동,패션/뷰티,20254,11560,11560680,65,68,0,2,3,0.0,0.03076923076923077,936
영등포구,신길7동,교육,20254,11560,11560690,65,70,1,1,5,0.015384615384615385,0.015384615384615385,459
영등포구,신길7동,생활/홈인테리어,20254,11560,11560690,23,23,1,1,0,0.043478260869565216,0.043478260869565216,459
영등포구,신길7동,생활서비스,20254,11560,11560690,70,75,0,2,5,0.0,0.02857142857142857,459
영등포구,신길7동,숙박/부동산,20254,11560,11560690,63,63,1,2,0,0.015873015873015872,0.031746031746031744,459
영등포구,신길7동,식품/식재료,20254,11560,11560690,39,52,2,1,13,0.05128205128205128,0.02564102564102564,459
영등포구,신길7동,오락/여가,20254,11560,11560690,15,17,2,2,2,0.13333333333333333,0.13333333333333333,459
영등포구,신길7동,외식/F&B,20254,11560,11560690,84,118,4,2,34,0.047619047619047616,0.023809523809523808,459
영등포구,신길7동,의료/건강,20254,11560,11560690,22,22,0,0,0,0.0,0.0,459
영등포구,신길7동,자동차/이동수단,20254,11560,11560690,7,7,0,0,0,0.0,0.0,459
영등포구,신길7동,전문서비스,20254,11560,11560690,6,6,0,1,0,0.0,0.16666666666666666,459
영등포구,신길7동,전자/디지털,20254,11560,11560690,40,40,1,0,0,0.025,0.0,459
영등포구,신길7동,패션/뷰티,20254,11560,11560690,25,25,0,0,0,0.0,0.0,459
영등포구,양평1동,교육,20254,11560,11560610,72,75,3,3,3,0.041666666666666664,0.041666666666666664,1188
영등포구,양평1동,생활/홈인테리어,20254,11560,11560610,75,75,4,1,0,0.05333333333333334,0.013333333333333334,1188
영등포구,양평1동,생활서비스,20254,11560,11560610,161,175,5,1,14,0.031055900621118012,0.006211180124223602,1188
영등포구,양평1동,숙박/부동산,20254,11560,11560610,102,102,0,1,0,0.0,0.00980392156862745,1188
영등포구,양평1동,식품/식재료,20254,11560,11560610,100,119,6,3,19,0.06,0.03,1188
영등포구,양평1동,오락/여가,20254,11560,11560610,33,36,1,2,3,0.030303030303030304,0.06060606060606061,1188
영등포구,양평1동,외식/F&B,20254,11560,11560610,296,360,8,10,64,0.02702702702702703,0.033783783783783786,1188
영등포구,양평1동,의료/건강,20254,11560,11560610,43,45,0,0,2,0.0,0.0,1188
영등포구,양평1동,자동차/이동수단,20254,11560,11560610,40,40,1,0,0,0.025,0.0,1188
영등포구,양평1동,전문서비스,20254,11560,11560610,72,72,0,0,0,0.0,0.0,1188
영등포구,양평1동,전자/디지털,20254,11560,11560610,128,129,1,2,1,0.0078125,0.015625,1188
영등포구,양평1동,패션/뷰티,20254,11560,11560610,66,68,3,3,2,0.045454545454545456,0.045454545454545456,1188
영등포구,양평2동,교육,20254,11560,11560620,105,111,4,4,6,0.0380952380952381,0.0380952380952381,1399
영등포구,양평2동,생활/홈인테리어,20254,11560,11560620,62,62,0,1,0,0.0,0.016129032258064516,1399
영등포구,양평2동,생활서비스,20254,11560,11560620,202,209,3,7,7,0.01485148514851485,0.034653465346534656,1399
영등포구,양평2동,숙박/부동산,20254,11560,11560620,111,111,0,3,0,0.0,0.02702702702702703,1399
영등포구,양평2동,식품/식재료,20254,11560,11560620,101,129,3,4,28,0.0297029702970297,0.039603960396039604,1399
영등포구,양평2동,오락/여가,20254,11560,11560620,33,35,2,1,2,0.06060606060606061,0.030303030303030304,1399
영등포구,양평2동,외식/F&B,20254,11560,11560620,322,408,9,13,86,0.027950310559006212,0.040372670807453416,1399
영등포구,양평2동,의료/건강,20254,11560,11560620,60,61,0,0,1,0.0,0.0,1399
영등포구,양평2동,자동차/이동수단,20254,11560,11560620,55,55,0,1,0,0.0,0.01818181818181818,1399
영등포구,양평2동,전문서비스,20254,11560,11560620,109,109,0,1,0,0.0,0.009174311926605505,1399
영등포구,양평2동,전자/디지털,20254,11560,11560620,144,144,0,2,0,0.0,0.013888888888888888,1399
영등포구,양평2동,패션/뷰티,20254,11560,11560620,95,95,2,1,0,0.021052631578947368,0.010526315789473684,1399
영등포구,여의동,교육,20254,11560,11560540,253,271,7,5,18,0.02766798418972332,0.019762845849802372,5001
영등포구,여의동,생활/홈인테리어,20254,11560,11560540,251,253,0,2,2,0.0,0.00796812749003984,5001
영등포구,여의동,생활서비스,20254,11560,11560540,485,513,11,5,28,0.02268041237113402,0.010309278350515464,5001
영등포구,여의동,숙박/부동산,20254,11560,11560540,418,418,0,7,0,0.0,0.01674641148325359,5001
영등포구,여의동,식품/식재료,20254,11560,11560540,253,353,11,5,100,0.043478260869565216,0.019762845849802372,5001
영등포구,여의동,오락/여가,20254,11560,11560540,85,93,3,3,8,0.03529411764705882,0.03529411764705882,5001
영등포구,여의동,외식/F&B,20254,11560,11560540,1793,2218,48,49,425,0.026770775237032907,0.027328499721137756,5001
영등포구,여의동,의료/건강,20254,11560,11560540,302,308,4,1,6,0.013245033112582781,0.0033112582781456954,5001
영등포구,여의동,자동차/이동수단,20254,11560,11560540,41,41,1,0,0,0.024390243902439025,0.0,5001
영등포구,여의동,전문서비스,20254,11560,11560540,367,367,6,6,0,0.01634877384196185,0.01634877384196185,5001
영등포구,여의동,전자/디지털,20254,11560,11560540,289,289,1,3,0,0.0034602076124567475,0.010380622837370242,5001
영등포구,여의동,패션/뷰티,20254,11560,11560540,464,483,4,12,19,0.008620689655172414,0.02586206896551724,5001
영등포구,영등포동,교육,20254,11560,11560535,98,106,2,4,8,0.02040816326530612,0.04081632653061224,3630
영등포구,영등포동,생활/홈인테리어,20254,11560,11560535,218,218,3,3,0,0.013761467889908258,0.013761467889908258,3630
영등포구,영등포동,생활서비스,20254,11560,11560535,374,393,10,7,19,0.026737967914438502,0.01871657754010695,3630
영등포구,영등포동,숙박/부동산,20254,11560,11560535,331,331,2,6,0,0.006042296072507553,0.01812688821752266,3630
영등포구,영등포동,식품/식재료,20254,11560,11560535,335,418,7,14,83,0.020895522388059702,0.041791044776119404,3630
영등포구,영등포동,오락/여가,20254,11560,11560535,139,149,3,7,10,0.02158273381294964,0.050359712230215826,3630
영등포구,영등포동,외식/F&B,20254,11560,11560535,871,1119,41,53,248,0.04707233065442021,0.060849598163030996,3630
영등포구,영등포동,의료/건강,20254,11560,11560535,241,247,4,3,6,0.016597510373443983,0.012448132780082987,3630
영등포구,영등포동,자동차/이동수단,20254,11560,11560535,46,46,0,1,0,0.0,0.021739130434782608,3630
영등포구,영등포동,전문서비스,20254,11560,11560535,36,36,0,0,0,0.0,0.0,3630
영등포구,영등포동,전자/디지털,20254,11560,11560535,122,123,0,4,1,0.0,0.03278688524590164,3630
영등포구,영등포동,패션/뷰티,20254,11560,11560535,819,843,6,16,24,0.007326007326007326,0.019536019536019536,3630
영등포구,영등포본동,교육,20254,11560,11560515,51,56,1,1,5,0.0196078431372549,0.0196078431372549,1170
영등포구,영등포본동,생활/홈인테리어,20254,11560,11560515,44,44,1,0,0,0.022727272727272728,0.0,1170
영등포구,영등포본동,생활서비스,20254,11560,11560515,129,136,2,1,7,0.015503875968992248,0.007751937984496124,1170
영등포구,영등포본동,숙박/부동산,20254,11560,11560515,55,55,0,0,0,0.0,0.0,1170
영등포구,영등포본동,식품/식재료,20254,11560,11560515,115,135,3,2,20,0.02608695652173913,0.017391304347826087,1170
영등포구,영등포본동,오락/여가,20254,11560,11560515,43,45,1,2,2,0.023255813953488372,0.046511627906976744,1170
영등포구,영등포본동,외식/F&B,20254,11560,11560515,226,300,5,6,74,0.022123893805309734,0.02654867256637168,1170
영등포구,영등포본동,의료/건강,20254,11560,11560515,56,59,1,0,3,0.017857142857142856,0.0,1170
영등포구,영등포본동,자동차/이동수단,20254,11560,11560515,12,12,0,0,0,0.0,0.0,1170
영등포구,영등포본동,전문서비스,20254,11560,11560515,7,7,0,0,0,0.0,0.0,1170
영등포구,영등포본동,전자/디지털,20254,11560,11560515,70,70,0,1,0,0.0,0.014285714285714285,1170
영등포구,영등포본동,패션/뷰티,20254,11560,11560515,362,369,0,9,7,0.0,0.024861878453038673,1170
용산구,남영동,교육,20254,11170,11170530,51,52,0,0,1,0.0,0.0,1135
용산구,남영동,생활/홈인테리어,20254,11170,11170530,29,29,1,0,0,0.034482758620689655,0.0,1135
용산구,남영동,생활서비스,20254,11170,11170530,134,139,0,4,5,0.0,0.029850746268656716,1135
용산구,남영동,숙박/부동산,20254,11170,11170530,95,97,0,0,2,0.0,0.0,1135
용산구,남영동,식품/식재료,20254,11170,11170530,53,91,1,1,38,0.018867924528301886,0.018867924528301886,1135
용산구,남영동,오락/여가,20254,11170,11170530,37,39,1,2,2,0.02702702702702703,0.05405405405405406,1135
용산구,남영동,외식/F&B,20254,11170,11170530,459,564,13,15,105,0.02832244008714597,0.032679738562091505,1135
용산구,남영동,의료/건강,20254,11170,11170530,61,62,0,2,1,0.0,0.03278688524590164,1135
용산구,남영동,자동차/이동수단,20254,11170,11170530,10,10,0,0,0,0.0,0.0,1135
용산구,남영동,전문서비스,20254,11170,11170530,30,30,2,0,0,0.06666666666666667,0.0,1135
용산구,남영동,전자/디지털,20254,11170,11170530,48,48,0,0,0,0.0,0.0,1135
용산구,남영동,패션/뷰티,20254,11170,11170530,128,135,0,3,7,0.0,0.0234375,1135
용산구,보광동,교육,20254,11170,11170700,30,31,0,0,1,0.0,0.0,541
용산구,보광동,생활/홈인테리어,20254,11170,11170700,23,23,1,0,0,0.043478260869565216,0.0,541
용산구,보광동,생활서비스,20254,11170,11170700,83,86,0,1,3,0.0,0.012048192771084338,541
용산구,보광동,숙박/부동산,20254,11170,11170700,90,90,0,4,0,0.0,0.044444444444444446,541
용산구,보광동,식품/식재료,20254,11170,11170700,45,55,0,0,10,0.0,0.0,541
용산구,보광동,오락/여가,20254,11170,11170700,6,7,1,0,1,0.16666666666666666,0.0,541
용산구,보광동,외식/F&B,20254,11170,11170700,131,144,3,8,13,0.022900763358778626,0.061068702290076333,541
용산구,보광동,의료/건강,20254,11170,11170700,22,22,0,0,0,0.0,0.0,541
용산구,보광동,자동차/이동수단,20254,11170,11170700,5,5,0,0,0,0.0,0.0,541
용산구,보광동,전문서비스,20254,11170,11170700,3,3,0,0,0,0.0,0.0,541
용산구,보광동,전자/디지털,20254,11170,11170700,45,45,0,3,0,0.0,0.06666666666666667,541
용산구,보광동,패션/뷰티,20254,11170,11170700,58,58,1,1,0,0.017241379310344827,0.017241379310344827,541
용산구,서빙고동,교육,20254,11170,11170690,27,33,0,2,6,0.0,0.07407407407407407,318
용산구,서빙고동,생활/홈인테리어,20254,11170,11170690,26,26,0,0,0,0.0,0.0,318
용산구,서빙고동,생활서비스,20254,11170,11170690,50,56,1,1,6,0.02,0.02,318
용산구,서빙고동,숙박/부동산,20254,11170,11170690,41,41,0,1,0,0.0,0.024390243902439025,318
용산구,서빙고동,식품/식재료,20254,11170,11170690,29,36,0,1,7,0.0,0.034482758620689655,318
용산구,서빙고동,오락/여가,20254,11170,11170690,6,6,1,0,0,0.16666666666666666,0.0,318
용산구,서빙고동,외식/F&B,20254,11170,11170690,62,70,0,2,8,0.0,0.03225806451612903,318
용산구,서빙고동,의료/건강,20254,11170,11170690,4,4,0,1,0,0.0,0.25,318
용산구,서빙고동,자동차/이동수단,20254,11170,11170690,10,10,0,0,0,0.0,0.0,318
용산구,서빙고동,전문서비스,20254,11170,11170690,3,3,0,0,0,0.0,0.0,318
용산구,서빙고동,전자/디지털,20254,11170,11170690,31,31,0,0,0,0.0,0.0,318
용산구,서빙고동,패션/뷰티,20254,11170,11170690,29,29,0,3,0,0.0,0.10344827586206896,318
용산구,용문동,교육,20254,11170,11170590,43,47,1,1,4,0.023255813953488372,0.023255813953488372,504
용산구,용문동,생활/홈인테리어,20254,11170,11170590,27,27,0,0,0,0.0,0.0,504
용산구,용문동,생활서비스,20254,11170,11170590,65,70,1,1,5,0.015384615384615385,0.015384615384615385,504
용산구,용문동,숙박/부동산,20254,11170,11170590,42,42,0,1,0,0.0,0.023809523809523808,504
용산구,용문동,식품/식재료,20254,11170,11170590,86,93,2,1,7,0.023255813953488372,0.011627906976744186,504
용산구,용문동,오락/여가,20254,11170,11170590,11,11,1,0,0,0.09090909090909091,0.0,504
용산구,용문동,외식/F&B,20254,11170,11170590,117,150,4,5,33,0.03418803418803419,0.042735042735042736,504
용산구,용문동,의료/건강,20254,11170,11170590,21,21,0,0,0,0.0,0.0,504
용산구,용문동,자동차/이동수단,20254,11170,11170590,0,0,0,1,0,0.0,inf,504
용산구,용문동,전문서비스,20254,11170,11170590,1,1,0,0,0,0.0,0.0,504
용산구,용문동,전자/디지털,20254,11170,11170590,42,42,0,0,0,0.0,0.0,504
용산구,용문동,패션/뷰티,20254,11170,11170590,49,49,0,0,0,0.0,0.0,504
용산구,용산2가동,교육,20254,11170,11170520,20,20,0,0,0,0.0,0.0,577
용산구,용산2가동,생활/홈인테리어,20254,11170,11170520,33,34,2,2,1,0.06060606060606061,0.06060606060606061,577
용산구,용산2가동,생활서비스,20254,11170,11170520,53,58,1,1,5,0.018867924528301886,0.018867924528301886,577
용산구,용산2가동,숙박/부동산,20254,11170,11170520,44,44,0,1,0,0.0,0.022727272727272728,577
용산구,용산2가동,식품/식재료,20254,11170,11170520,32,52,0,0,20,0.0,0.0,577
용산구,용산2가동,오락/여가,20254,11170,11170520,11,11,0,0,0,0.0,0.0,577
용산구,용산2가동,외식/F&B,20254,11170,11170520,298,321,11,7,23,0.03691275167785235,0.02348993288590604,577
용산구,용산2가동,의료/건강,20254,11170,11170520,13,14,0,0,1,0.0,0.0,577
용산구,용산2가동,자동차/이동수단,20254,11170,11170520,1,1,0,0,0,0.0,0.0,577
용산구,용산2가동,전자/디지털,20254,11170,11170520,32,32,0,1,0,0.0,0.03125,577
용산구,용산2가동,패션/뷰티,20254,11170,11170520,40,40,3,0,0,0.075,0.0,577
용산구,원효로1동,교육,20254,11170,11170560,68,71,1,1,3,0.014705882352941176,0.014705882352941176,1507
용산구,원효로1동,생활/홈인테리어,20254,11170,11170560,96,96,1,0,0,0.010416666666666666,0.0,1507
용산구,원효로1동,생활서비스,20254,11170,11170560,134,143,4,0,9,0.029850746268656716,0.0,1507
용산구,원효로1동,숙박/부동산,20254,11170,11170560,118,118,0,2,0,0.0,0.01694915254237288,1507
용산구,원효로1동,식품/식재료,20254,11170,11170560,45,67,2,1,22,0.044444444444444446,0.022222222222222223,1507
용산구,원효로1동,오락/여가,20254,11170,11170560,26,28,0,0,2,0.0,0.0,1507
용산구,원효로1동,외식/F&B,20254,11170,11170560,292,330,8,9,38,0.0273972602739726,0.030821917808219176,1507
용산구,원효로1동,의료/건강,20254,11170,11170560,47,47,0,0,0,0.0,0.0,1507
용산구,원효로1동,자동차/이동수단,20254,11170,11170560,28,28,0,0,0,0.0,0.0,1507
용산구,원효로1동,전문서비스,20254,11170,11170560,29,29,0,1,0,0.0,0.034482758620689655,1507
용산구,원효로1동,전자/디지털,20254,11170,11170560,561,561,2,13,0,0.0035650623885918,0.023172905525846704,1507
용산구,원효로1동,패션/뷰티,20254,11170,11170560,63,66,1,0,3,0.015873015873015872,0.0,1507
용산구,원효로2동,교육,20254,11170,11170570,51,59,0,0,8,0.0,0.0,799
용산구,원효로2동,생활/홈인테리어,20254,11170,11170570,49,49,0,0,0,0.0,0.0,799
용산구,원효로2동,생활서비스,20254,11170,11170570,93,99,0,1,6,0.0,0.010752688172043012,799
용산구,원효로2동,숙박/부동산,20254,11170,11170570,56,56,0,1,0,0.0,0.017857142857142856,799
용산구,원효로2동,식품/식재료,20254,11170,11170570,50,62,0,1,12,0.0,0.02,799
용산구,원효로2동,오락/여가,20254,11170,11170570,11,14,1,3,3,0.09090909090909091,0.2727272727272727,799
용산구,원효로2동,외식/F&B,20254,11170,11170570,85,109,3,2,24,0.03529411764705882,0.023529411764705882,799
용산구,원효로2동,의료/건강,20254,11170,11170570,17,17,0,0,0,0.0,0.0,799
용산구,원효로2동,자동차/이동수단,20254,11170,11170570,14,14,0,0,0,0.0,0.0,799
용산구,원효로2동,전문서비스,20254,11170,11170570,6,6,0,0,0,0.0,0.0,799
용산구,원효로2동,전자/디지털,20254,11170,11170570,323,323,0,5,0,0.0,0.015479876160990712,799
용산구,원효로2동,패션/뷰티,20254,11170,11170570,44,44,1,0,0,0.022727272727272728,0.0,799
용산구,이촌1동,교육,20254,11170,11170630,97,105,1,2,8,0.010309278350515464,0.020618556701030927,719
용산구,이촌1동,생활/홈인테리어,20254,11170,11170630,33,33,1,1,0,0.030303030303030304,0.030303030303030304,719
용산구,이촌1동,생활서비스,20254,11170,11170630,98,107,2,0,9,0.02040816326530612,0.0,719
용산구,이촌1동,숙박/부동산,20254,11170,11170630,79,79,0,0,0,0.0,0.0,719
용산구,이촌1동,식품/식재료,20254,11170,11170630,60,72,1,2,12,0.016666666666666666,0.03333333333333333,719
용산구,이촌1동,오락/여가,20254,11170,11170630,9,10,0,0,1,0.0,0.0,719
용산구,이촌1동,외식/F&B,20254,11170,11170630,149,184,3,4,35,0.020134228187919462,0.026845637583892617,719
용산구,이촌1동,의료/건강,20254,11170,11170630,58,59,0,0,1,0.0,0.0,719
용산구,이촌1동,자동차/이동수단,20254,11170,11170630,2,2,0,0,0,0.0,0.0,719
용산구,이촌1동,전문서비스,20254,11170,11170630,4,4,0,0,0,0.0,0.0,719
용산구,이촌1동,전자/디지털,20254,11170,11170630,36,36,0,0,0,0.0,0.0,719
용산구,이촌1동,패션/뷰티,20254,11170,11170630,94,94,2,1,0,0.02127659574468085,0.010638297872340425,719
용산구,이촌2동,교육,20254,11170,11170640,22,25,0,0,3,0.0,0.0,255
용산구,이촌2동,생활/홈인테리어,20254,11170,11170640,17,17,0,0,0,0.0,0.0,255
용산구,이촌2동,생활서비스,20254,11170,11170640,40,42,0,0,2,0.0,0.0,255
용산구,이촌2동,숙박/부동산,20254,11170,11170640,40,40,0,1,0,0.0,0.025,255
용산구,이촌2동,식품/식재료,20254,11170,11170640,35,40,1,0,5,0.02857142857142857,0.0,255
용산구,이촌2동,오락/여가,20254,11170,11170640,4,4,1,0,0,0.25,0.0,255
용산구,이촌2동,외식/F&B,20254,11170,11170640,31,39,2,5,8,0.06451612903225806,0.16129032258064516,255
용산구,이촌2동,의료/건강,20254,11170,11170640,8,8,0,1,0,0.0,0.125,255
용산구,이촌2동,자동차/이동수단,20254,11170,11170640,3,3,0,1,0,0.0,0.3333333333333333,255
용산구,이촌2동,전자/디지털,20254,11170,11170640,39,39,0,1,0,0.0,0.02564102564102564,255
용산구,이촌2동,패션/뷰티,20254,11170,11170640,16,18,0,0,2,0.0,0.0,255
용산구,이태원1동,교육,20254,11170,11170650,22,22,0,1,0,0.0,0.045454545454545456,1505
용산구,이태원1동,생활/홈인테리어,20254,11170,11170650,112,112,0,3,0,0.0,0.026785714285714284,1505
용산구,이태원1동,생활서비스,20254,11170,11170650,105,111,4,1,6,0.0380952380952381,0.009523809523809525,1505
용산구,이태원1동,숙박/부동산,20254,11170,11170650,84,84,0,0,0,0.0,0.0,1505
용산구,이태원1동,식품/식재료,20254,11170,11170650,43,69,0,0,26,0.0,0.0,1505
용산구,이태원1동,오락/여가,20254,11170,11170650,21,21,3,1,0,0.14285714285714285,0.047619047619047616,1505
용산구,이태원1동,외식/F&B,20254,11170,11170650,627,684,27,27,57,0.0430622009569378,0.0430622009569378,1505
용산구,이태원1동,의료/건강,20254,11170,11170650,19,19,1,0,0,0.05263157894736842,0.0,1505
용산구,이태원1동,자동차/이동수단,20254,11170,11170650,6,6,0,0,0,0.0,0.0,1505
용산구,이태원1동,전문서비스,20254,11170,11170650,9,9,0,0,0,0.0,0.0,1505
용산구,이태원1동,전자/디지털,20254,11170,11170650,41,41,0,1,0,0.0,0.024390243902439025,1505
용산구,이태원1동,패션/뷰티,20254,11170,11170650,416,419,5,7,3,0.01201923076923077,0.016826923076923076,1505
용산구,이태원2동,교육,20254,11170,11170660,28,29,0,1,1,0.0,0.03571428571428571,769
용산구,이태원2동,생활/홈인테리어,20254,11170,11170660,57,58,4,0,1,0.07017543859649122,0.0,769
용산구,이태원2동,생활서비스,20254,11170,11170660,93,94,0,1,1,0.0,0.010752688172043012,769
용산구,이태원2동,숙박/부동산,20254,11170,11170660,75,75,0,0,0,0.0,0.0,769
용산구,이태원2동,식품/식재료,20254,11170,11170660,37,50,0,0,13,0.0,0.0,769
용산구,이태원2동,오락/여가,20254,11170,11170660,14,14,0,0,0,0.0,0.0,769
용산구,이태원2동,외식/F&B,20254,11170,11170660,297,319,8,6,22,0.026936026936026935,0.020202020202020204,769
용산구,이태원2동,의료/건강,20254,11170,11170660,20,21,0,0,1,0.0,0.0,769
용산구,이태원2동,자동차/이동수단,20254,11170,11170660,3,3,0,0,0,0.0,0.0,769
용산구,이태원2동,전문서비스,20254,11170,11170660,5,5,0,0,0,0.0,0.0,769
용산구,이태원2동,전자/디지털,20254,11170,11170660,43,43,0,0,0,0.0,0.0,769
용산구,이태원2동,패션/뷰티,20254,11170,11170660,97,97,5,2,0,0.05154639175257732,0.020618556701030927,769
용산구,청파동,교육,20254,11170,11170555,37,41,0,0,4,0.0,0.0,1131
용산구,청파동,생활/홈인테리어,20254,11170,11170555,60,60,1,0,0,0.016666666666666666,0.0,1131
용산구,청파동,생활서비스,20254,11170,11170555,156,168,4,0,12,0.02564102564102564,0.0,1131
용산구,청파동,숙박/부동산,20254,11170,11170555,164,164,2,4,0,0.012195121951219513,0.024390243902439025,1131
용산구,청파동,식품/식재료,20254,11170,11170555,63,88,1,2,25,0.015873015873015872,0.031746031746031744,1131
용산구,청파동,오락/여가,20254,11170,11170555,40,45,0,2,5,0.0,0.05,1131
용산구,청파동,외식/F&B,20254,11170,11170555,397,492,21,16,95,0.05289672544080604,0.04030226700251889,1131
용산구,청파동,의료/건강,20254,11170,11170555,42,46,1,0,4,0.023809523809523808,0.0,1131
용산구,청파동,자동차/이동수단,20254,11170,11170555,9,9,0,0,0,0.0,0.0,1131
용산구,청파동,전문서비스,20254,11170,11170555,7,7,0,0,0,0.0,0.0,1131
용산구,청파동,전자/디지털,20254,11170,11170555,94,96,1,2,2,0.010638297872340425,0.02127659574468085,1131
용산구,청파동,패션/뷰티,20254,11170,11170555,62,68,1,0,6,0.016129032258064516,0.0,1131
용산구,한강로동,교육,20254,11170,11170625,125,126,1,3,1,0.008,0.024,4700
용산구,한강로동,생활/홈인테리어,20254,11170,11170625,230,231,1,0,1,0.004347826086956522,0.0,4700
용산구,한강로동,생활서비스,20254,11170,11170625,316,348,6,8,32,0.0189873417721519,0.02531645569620253,4700
용산구,한강로동,숙박/부동산,20254,11170,11170625,305,305,0,2,0,0.0,0.006557377049180328,4700
용산구,한강로동,식품/식재료,20254,11170,11170625,145,201,4,4,56,0.027586206896551724,0.027586206896551724,4700
용산구,한강로동,오락/여가,20254,11170,11170625,70,73,2,1,3,0.02857142857142857,0.014285714285714285,4700
용산구,한강로동,외식/F&B,20254,11170,11170625,1082,1295,41,38,213,0.03789279112754159,0.03512014787430684,4700
용산구,한강로동,의료/건강,20254,11170,11170625,153,156,3,3,3,0.0196078431372549,0.0196078431372549,4700
용산구,한강로동,자동차/이동수단,20254,11170,11170625,23,23,0,0,0,0.0,0.0,4700
용산구,한강로동,전문서비스,20254,11170,11170625,135,135,2,1,0,0.014814814814814815,0.007407407407407408,4700
용산구,한강로동,전자/디지털,20254,11170,11170625,1701,1701,3,14,0,0.001763668430335097,0.00823045267489712,4700
용산구,한강로동,패션/뷰티,20254,11170,11170625,415,429,3,5,14,0.007228915662650603,0.012048192771084338,4700
용산구,한남동,교육,20254,11170,11170685,112,113,1,2,1,0.008928571428571428,0.017857142857142856,2176
용산구,한남동,생활/홈인테리어,20254,11170,11170685,111,111,2,2,0,0.018018018018018018,0.018018018018018018,2176
용산구,한남동,생활서비스,20254,11170,11170685,258,270,5,4,12,0.01937984496124031,0.015503875968992248,2176
용산구,한남동,숙박/부동산,20254,11170,11170685,186,186,1,2,0,0.005376344086021506,0.010752688172043012,2176
용산구,한남동,식품/식재료,20254,11170,11170685,82,109,3,3,27,0.036585365853658534,0.036585365853658534,2176
용산구,한남동,오락/여가,20254,11170,11170685,39,43,0,0,4,0.0,0.0,2176
용산구,한남동,외식/F&B,20254,11170,11170685,698,769,18,15,71,0.025787965616045846,0.02148997134670487,2176
용산구,한남동,의료/건강,20254,11170,11170685,67,68,0,1,1,0.0,0.014925373134328358,2176
용산구,한남동,자동차/이동수단,20254,11170,11170685,20,20,0,1,0,0.0,0.05,2176
용산구,한남동,전문서비스,20254,11170,11170685,21,21,0,0,0,0.0,0.0,2176
용산구,한남동,전자/디지털,20254,11170,11170685,119,119,0,1,0,0.0,0.008403361344537815,2176
용산구,한남동,패션/뷰티,20254,11170,11170685,463,468,14,6,5,0.03023758099352052,0.012958963282937365,2176
용산구,효창동,교육,20254,11170,11170580,39,43,0,2,4,0.0,0.05128205128205128,307
용산구,효창동,생활/홈인테리어,20254,11170,11170580,15,15,0,0,0,0.0,0.0,307
용산구,효창동,생활서비스,20254,11170,11170580,34,36,0,1,2,0.0,0.029411764705882353,307
용산구,효창동,숙박/부동산,20254,11170,11170580,36,36,0,1,0,0.0,0.027777777777777776,307
용산구,효창동,식품/식재료,20254,11170,11170580,25,33,0,0,8,0.0,0.0,307
용산구,효창동,오락/여가,20254,11170,11170580,4,4,0,0,0,0.0,0.0,307
용산구,효창동,외식/F&B,20254,11170,11170580,51,65,3,3,14,0.058823529411764705,0.058823529411764705,307
용산구,효창동,의료/건강,20254,11170,11170580,26,26,0,0,0,0.0,0.0,307
용산구,효창동,자동차/이동수단,20254,11170,11170580,1,1,0,0,0,0.0,0.0,307
용산구,효창동,전문서비스,20254,11170,11170580,2,2,0,0,0,0.0,0.0,307
용산구,효창동,전자/디지털,20254,11170,11170580,46,46,0,0,0,0.0,0.0,307
용산구,효창동,패션/뷰티,20254,11170,11170580,28,29,0,0,1,0.0,0.0,307
용산구,후암동,교육,20254,11170,11170510,58,59,1,1,1,0.017241379310344827,0.017241379310344827,781
용산구,후암동,생활/홈인테리어,20254,11170,11170510,55,55,0,1,0,0.0,0.01818181818181818,781
용산구,후암동,생활서비스,20254,11170,11170510,87,92,2,1,5,0.022988505747126436,0.011494252873563218,781
용산구,후암동,숙박/부동산,20254,11170,11170510,97,97,0,1,0,0.0,0.010309278350515464,781
용산구,후암동,식품/식재료,20254,11170,11170510,72,95,2,0,23,0.027777777777777776,0.0,781
용산구,후암동,오락/여가,20254,11170,11170510,20,21,0,0,1,0.0,0.0,781
용산구,후암동,외식/F&B,20254,11170,11170510,219,246,8,9,27,0.0365296803652968,0.0410958904109589,781
용산구,후암동,의료/건강,20254,11170,11170510,28,29,0,0,1,0.0,0.0,781
용산구,후암동,자동차/이동수단,20254,11170,11170510,7,7,0,0,0,0.0,0.0,781
용산구,후암동,전문서비스,20254,11170,11170510,4,4,0,0,0,0.0,0.0,781
용산구,후암동,전자/디지털,20254,11170,11170510,60,60,1,1,0,0.016666666666666666,0.016666666666666666,781
용산구,후암동,패션/뷰티,20254,11170,11170510,74,74,3,0,0,0.04054054054054054,0.0,781
은평구,갈현1동,교육,20254,11380,11380551,74,78,2,0,4,0.02702702702702703,0.0,1049
은평구,갈현1동,생활/홈인테리어,20254,11380,11380551,39,39,0,0,0,0.0,0.0,1049
은평구,갈현1동,생활서비스,20254,11380,11380551,160,166,6,2,6,0.0375,0.0125,1049
은평구,갈현1동,숙박/부동산,20254,11380,11380551,86,86,0,2,0,0.0,0.023255813953488372,1049
은평구,갈현1동,식품/식재료,20254,11380,11380551,72,93,0,2,21,0.0,0.027777777777777776,1049
은평구,갈현1동,오락/여가,20254,11380,11380551,73,75,1,0,2,0.0136986301369863,0.0,1049
은평구,갈현1동,외식/F&B,20254,11380,11380551,352,418,11,17,66,0.03125,0.048295454545454544,1049
은평구,갈현1동,의료/건강,20254,11380,11380551,69,69,0,2,0,0.0,0.028985507246376812,1049
은평구,갈현1동,자동차/이동수단,20254,11380,11380551,6,6,0,0,0,0.0,0.0,1049
은평구,갈현1동,전문서비스,20254,11380,11380551,4,4,0,0,0,0.0,0.0,1049
은평구,갈현1동,전자/디지털,20254,11380,11380551,53,53,0,4,0,0.0,0.07547169811320754,1049
은평구,갈현1동,패션/뷰티,20254,11380,11380551,61,65,3,1,4,0.04918032786885246,0.01639344262295082,1049
은평구,갈현2동,교육,20254,11380,11380552,167,184,2,3,17,0.011976047904191617,0.017964071856287425,1226
은평구,갈현2동,생활/홈인테리어,20254,11380,11380552,48,48,0,0,0,0.0,0.0,1226
은평구,갈현2동,생활서비스,20254,11380,11380552,207,215,6,8,8,0.028985507246376812,0.03864734299516908,1226
은평구,갈현2동,숙박/부동산,20254,11380,11380552,76,76,1,1,0,0.013157894736842105,0.013157894736842105,1226
은평구,갈현2동,식품/식재료,20254,11380,11380552,89,115,5,5,26,0.056179775280898875,0.056179775280898875,1226
은평구,갈현2동,오락/여가,20254,11380,11380552,64,64,3,1,0,0.046875,0.015625,1226
은평구,갈현2동,외식/F&B,20254,11380,11380552,313,386,19,24,73,0.06070287539936102,0.07667731629392971,1226
은평구,갈현2동,의료/건강,20254,11380,11380552,53,55,1,1,2,0.018867924528301886,0.018867924528301886,1226
은평구,갈현2동,자동차/이동수단,20254,11380,11380552,8,8,0,0,0,0.0,0.0,1226
은평구,갈현2동,전문서비스,20254,11380,11380552,3,3,0,0,0,0.0,0.0,1226
은평구,갈현2동,전자/디지털,20254,11380,11380552,80,80,3,4,0,0.0375,0.05,1226
은평구,갈현2동,패션/뷰티,20254,11380,11380552,118,123,1,4,5,0.00847457627118644,0.03389830508474576,1226
은평구,구산동,교육,20254,11380,11380560,121,124,1,1,3,0.008264462809917356,0.008264462809917356,770
은평구,구산동,생활/홈인테리어,20254,11380,11380560,37,37,1,0,0,0.02702702702702703,0.0,770
은평구,구산동,생활서비스,20254,11380,11380560,168,175,2,2,7,0.011904761904761904,0.011904761904761904,770
은평구,구산동,숙박/부동산,20254,11380,11380560,60,60,0,0,0,0.0,0.0,770
은평구,구산동,식품/식재료,20254,11380,11380560,56,78,2,4,22,0.03571428571428571,0.07142857142857142,770
은평구,구산동,오락/여가,20254,11380,11380560,21,21,1,0,0,0.047619047619047616,0.0,770
은평구,구산동,외식/F&B,20254,11380,11380560,123,156,3,9,33,0.024390243902439025,0.07317073170731707,770
은평구,구산동,의료/건강,20254,11380,11380560,45,47,0,1,2,0.0,0.022222222222222223,770
은평구,구산동,자동차/이동수단,20254,11380,11380560,5,5,0,0,0,0.0,0.0,770
은평구,구산동,전문서비스,20254,11380,11380560,3,3,0,0,0,0.0,0.0,770
은평구,구산동,전자/디지털,20254,11380,11380560,70,70,0,1,0,0.0,0.014285714285714285,770
은평구,구산동,패션/뷰티,20254,11380,11380560,61,62,0,1,1,0.0,0.01639344262295082,770
은평구,녹번동,교육,20254,11380,11380510,129,141,5,3,12,0.03875968992248062,0.023255813953488372,1183
은평구,녹번동,생활/홈인테리어,20254,11380,11380510,55,55,3,0,0,0.05454545454545454,0.0,1183
은평구,녹번동,생활서비스,20254,11380,11380510,224,239,2,0,15,0.008928571428571428,0.0,1183
은평구,녹번동,숙박/부동산,20254,11380,11380510,127,127,0,2,0,0.0,0.015748031496062992,1183
은평구,녹번동,식품/식재료,20254,11380,11380510,61,90,1,0,29,0.01639344262295082,0.0,1183
은평구,녹번동,오락/여가,20254,11380,11380510,52,54,0,2,2,0.0,0.038461538461538464,1183
은평구,녹번동,외식/F&B,20254,11380,11380510,282,342,7,16,60,0.024822695035460994,0.05673758865248227,1183
은평구,녹번동,의료/건강,20254,11380,11380510,57,60,1,0,3,0.017543859649122806,0.0,1183
은평구,녹번동,자동차/이동수단,20254,11380,11380510,20,20,0,0,0,0.0,0.0,1183
은평구,녹번동,전문서비스,20254,11380,11380510,24,24,0,1,0,0.0,0.041666666666666664,1183
은평구,녹번동,전자/디지털,20254,11380,11380510,83,83,1,1,0,0.012048192771084338,0.012048192771084338,1183
은평구,녹번동,패션/뷰티,20254,11380,11380510,69,72,0,1,3,0.0,0.014492753623188406,1183
은평구,대조동,교육,20254,11380,11380570,106,114,3,1,8,0.02830188679245283,0.009433962264150943,2001
은평구,대조동,생활/홈인테리어,20254,11380,11380570,76,76,2,1,0,0.02631578947368421,0.013157894736842105,2001
은평구,대조동,생활서비스,20254,11380,11380570,245,264,6,7,19,0.024489795918367346,0.02857142857142857,2001
은평구,대조동,숙박/부동산,20254,11380,11380570,202,202,2,3,0,0.009900990099009901,0.01485148514851485,2001
은평구,대조동,식품/식재료,20254,11380,11380570,152,187,9,8,35,0.05921052631578947,0.05263157894736842,2001
은평구,대조동,오락/여가,20254,11380,11380570,65,65,1,3,0,0.015384615384615385,0.046153846153846156,2001
은평구,대조동,외식/F&B,20254,11380,11380570,475,577,15,23,102,0.031578947368421054,0.04842105263157895,2001
은평구,대조동,의료/건강,20254,11380,11380570,171,171,1,0,0,0.005847953216374269,0.0,2001
은평구,대조동,자동차/이동수단,20254,11380,11380570,13,13,0,0,0,0.0,0.0,2001
은평구,대조동,전문서비스,20254,11380,11380570,17,17,0,0,0,0.0,0.0,2001
은평구,대조동,전자/디지털,20254,11380,11380570,90,91,1,3,1,0.011111111111111112,0.03333333333333333,2001
은평구,대조동,패션/뷰티,20254,11380,11380570,389,407,5,5,18,0.012853470437017995,0.012853470437017995,2001
은평구,불광1동,교육,20254,11380,11380520,122,125,1,5,3,0.00819672131147541,0.040983606557377046,1113
은평구,불광1동,생활/홈인테리어,20254,11380,11380520,48,48,0,0,0,0.0,0.0,1113
은평구,불광1동,생활서비스,20254,11380,11380520,180,190,0,8,10,0.0,0.044444444444444446,1113
은평구,불광1동,숙박/부동산,20254,11380,11380520,114,114,1,4,0,0.008771929824561403,0.03508771929824561,1113
은평구,불광1동,식품/식재료,20254,11380,11380520,69,99,2,3,30,0.028985507246376812,0.043478260869565216,1113
은평구,불광1동,오락/여가,20254,11380,11380520,33,39,0,1,6,0.0,0.030303030303030304,1113
은평구,불광1동,외식/F&B,20254,11380,11380520,223,299,9,14,76,0.04035874439461883,0.06278026905829596,1113
은평구,불광1동,의료/건강,20254,11380,11380520,122,123,0,1,1,0.0,0.00819672131147541,1113
은평구,불광1동,자동차/이동수단,20254,11380,11380520,3,3,0,0,0,0.0,0.0,1113
은평구,불광1동,전문서비스,20254,11380,11380520,14,14,0,0,0,0.0,0.0,1113
은평구,불광1동,전자/디지털,20254,11380,11380520,92,92,0,0,0,0.0,0.0,1113
은평구,불광1동,패션/뷰티,20254,11380,11380520,93,96,0,5,3,0.0,0.053763440860215055,1113
은평구,불광2동,교육,20254,11380,11380530,74,78,0,0,4,0.0,0.0,978
은평구,불광2동,생활/홈인테리어,20254,11380,11380530,55,55,0,0,0,0.0,0.0,978
은평구,불광2동,생활서비스,20254,11380,11380530,180,189,1,1,9,0.005555555555555556,0.005555555555555556,978
은평구,불광2동,숙박/부동산,20254,11380,11380530,76,76,0,1,0,0.0,0.013157894736842105,978
은평구,불광2동,식품/식재료,20254,11380,11380530,110,131,3,0,21,0.02727272727272727,0.0,978
은평구,불광2동,오락/여가,20254,11380,11380530,19,20,1,1,1,0.05263157894736842,0.05263157894736842,978
은평구,불광2동,외식/F&B,20254,11380,11380530,231,255,4,5,24,0.017316017316017316,0.021645021645021644,978
은평구,불광2동,의료/건강,20254,11380,11380530,49,51,1,1,2,0.02040816326530612,0.02040816326530612,978
은평구,불광2동,자동차/이동수단,20254,11380,11380530,9,9,0,0,0,0.0,0.0,978
은평구,불광2동,전문서비스,20254,11380,11380530,9,9,0,0,0,0.0,0.0,978
은평구,불광2동,전자/디지털,20254,11380,11380530,68,68,0,1,0,0.0,0.014705882352941176,978
은평구,불광2동,패션/뷰티,20254,11380,11380530,98,99,3,1,1,0.030612244897959183,0.01020408163265306,978
은평구,수색동,교육,20254,11380,11380650,29,39,0,1,10,0.0,0.034482758620689655,429
은평구,수색동,생활/홈인테리어,20254,11380,11380650,22,22,2,0,0,0.09090909090909091,0.0,429
은평구,수색동,생활서비스,20254,11380,11380650,55,61,2,2,6,0.03636363636363636,0.03636363636363636,429
은평구,수색동,숙박/부동산,20254,11380,11380650,73,73,0,1,0,0.0,0.0136986301369863,429
은평구,수색동,식품/식재료,20254,11380,11380650,43,53,3,3,10,0.06976744186046512,0.06976744186046512,429
은평구,수색동,오락/여가,20254,11380,11380650,13,13,0,0,0,0.0,0.0,429
은평구,수색동,외식/F&B,20254,11380,11380650,87,109,6,5,22,0.06896551724137931,0.05747126436781609,429
은평구,수색동,의료/건강,20254,11380,11380650,27,27,0,0,0,0.0,0.0,429
은평구,수색동,자동차/이동수단,20254,11380,11380650,9,9,0,0,0,0.0,0.0,429
은평구,수색동,전문서비스,20254,11380,11380650,2,2,0,0,0,0.0,0.0,429
은평구,수색동,전자/디지털,20254,11380,11380650,33,33,1,2,0,0.030303030303030304,0.06060606060606061,429
은평구,수색동,패션/뷰티,20254,11380,11380650,36,38,0,0,2,0.0,0.0,429
은평구,신사1동,교육,20254,11380,11380631,69,74,1,3,5,0.014492753623188406,0.043478260869565216,860
은평구,신사1동,생활/홈인테리어,20254,11380,11380631,49,49,0,0,0,0.0,0.0,860
은평구,신사1동,생활서비스,20254,11380,11380631,170,182,2,3,12,0.011764705882352941,0.01764705882352941,860
은평구,신사1동,숙박/부동산,20254,11380,11380631,79,79,0,0,0,0.0,0.0,860
은평구,신사1동,식품/식재료,20254,11380,11380631,61,84,2,3,23,0.03278688524590164,0.04918032786885246,860
은평구,신사1동,오락/여가,20254,11380,11380631,41,42,1,1,1,0.024390243902439025,0.024390243902439025,860
은평구,신사1동,외식/F&B,20254,11380,11380631,169,212,4,4,43,0.023668639053254437,0.023668639053254437,860
은평구,신사1동,의료/건강,20254,11380,11380631,60,61,1,0,1,0.016666666666666666,0.0,860
은평구,신사1동,자동차/이동수단,20254,11380,11380631,14,14,0,1,0,0.0,0.07142857142857142,860
은평구,신사1동,전문서비스,20254,11380,11380631,5,5,0,0,0,0.0,0.0,860
은평구,신사1동,전자/디지털,20254,11380,11380631,76,76,0,0,0,0.0,0.0,860
은평구,신사1동,패션/뷰티,20254,11380,11380631,67,69,3,4,2,0.04477611940298507,0.05970149253731343,860
은평구,신사2동,교육,20254,11380,11380632,78,79,1,1,1,0.01282051282051282,0.01282051282051282,497
은평구,신사2동,생활/홈인테리어,20254,11380,11380632,30,30,1,0,0,0.03333333333333333,0.0,497
은평구,신사2동,생활서비스,20254,11380,11380632,99,102,0,1,3,0.0,0.010101010101010102,497
은평구,신사2동,숙박/부동산,20254,11380,11380632,32,32,0,0,0,0.0,0.0,497
은평구,신사2동,식품/식재료,20254,11380,11380632,53,67,2,1,14,0.03773584905660377,0.018867924528301886,497
은평구,신사2동,오락/여가,20254,11380,11380632,12,12,0,0,0,0.0,0.0,497
은평구,신사2동,외식/F&B,20254,11380,11380632,79,100,3,2,21,0.0379746835443038,0.02531645569620253,497
은평구,신사2동,의료/건강,20254,11380,11380632,27,28,0,1,1,0.0,0.037037037037037035,497
은평구,신사2동,자동차/이동수단,20254,11380,11380632,3,3,0,0,0,0.0,0.0,497
은평구,신사2동,전문서비스,20254,11380,11380632,6,6,0,0,0,0.0,0.0,497
은평구,신사2동,전자/디지털,20254,11380,11380632,37,37,0,1,0,0.0,0.02702702702702703,497
은평구,신사2동,패션/뷰티,20254,11380,11380632,41,41,1,2,0,0.024390243902439025,0.04878048780487805,497
은평구,역촌동,교육,20254,11380,11380625,177,191,2,9,14,0.011299435028248588,0.05084745762711865,1713
은평구,역촌동,생활/홈인테리어,20254,11380,11380625,98,98,1,2,0,0.01020408163265306,0.02040816326530612,1713
은평구,역촌동,생활서비스,20254,11380,11380625,354,371,2,5,17,0.005649717514124294,0.014124293785310734,1713
은평구,역촌동,숙박/부동산,20254,11380,11380625,118,118,0,2,0,0.0,0.01694915254237288,1713
은평구,역촌동,식품/식재료,20254,11380,11380625,119,157,1,5,38,0.008403361344537815,0.04201680672268908,1713
은평구,역촌동,오락/여가,20254,11380,11380625,71,73,2,2,2,0.028169014084507043,0.028169014084507043,1713
은평구,역촌동,외식/F&B,20254,11380,11380625,441,547,25,23,106,0.05668934240362812,0.05215419501133787,1713
은평구,역촌동,의료/건강,20254,11380,11380625,90,96,0,0,6,0.0,0.0,1713
은평구,역촌동,자동차/이동수단,20254,11380,11380625,19,19,0,0,0,0.0,0.0,1713
은평구,역촌동,전문서비스,20254,11380,11380625,6,6,0,1,0,0.0,0.16666666666666666,1713
은평구,역촌동,전자/디지털,20254,11380,11380625,103,103,0,1,0,0.0,0.009708737864077669,1713
은평구,역촌동,패션/뷰티,20254,11380,11380625,117,120,3,4,3,0.02564102564102564,0.03418803418803419,1713
은평구,응암1동,교육,20254,11380,11380580,154,168,7,1,14,0.045454545454545456,0.006493506493506494,1285
은평구,응암1동,생활/홈인테리어,20254,11380,11380580,57,57,0,2,0,0.0,0.03508771929824561,1285
은평구,응암1동,생활서비스,20254,11380,11380580,204,218,3,3,14,0.014705882352941176,0.014705882352941176,1285
은평구,응암1동,숙박/부동산,20254,11380,11380580,113,113,0,0,0,0.0,0.0,1285
은평구,응암1동,식품/식재료,20254,11380,11380580,80,113,4,7,33,0.05,0.0875,1285
은평구,응암1동,오락/여가,20254,11380,11380580,51,54,0,2,3,0.0,0.0392156862745098,1285
은평구,응암1동,외식/F&B,20254,11380,11380580,244,344,8,17,100,0.03278688524590164,0.06967213114754098,1285
은평구,응암1동,의료/건강,20254,11380,11380580,121,123,5,3,2,0.04132231404958678,0.024793388429752067,1285
은평구,응암1동,자동차/이동수단,20254,11380,11380580,9,9,0,0,0,0.0,0.0,1285
은평구,응암1동,전문서비스,20254,11380,11380580,31,31,0,1,0,0.0,0.03225806451612903,1285
은평구,응암1동,전자/디지털,20254,11380,11380580,105,106,3,5,1,0.02857142857142857,0.047619047619047616,1285
은평구,응암1동,패션/뷰티,20254,11380,11380580,116,128,2,6,12,0.017241379310344827,0.05172413793103448,1285
은평구,응암2동,교육,20254,11380,11380590,90,102,3,2,12,0.03333333333333333,0.022222222222222223,578
은평구,응암2동,생활/홈인테리어,20254,11380,11380590,19,19,0,0,0,0.0,0.0,578
은평구,응암2동,생활서비스,20254,11380,11380590,97,99,2,2,2,0.020618556701030927,0.020618556701030927,578
은평구,응암2동,숙박/부동산,20254,11380,11380590,76,76,0,3,0,0.0,0.039473684210526314,578
은평구,응암2동,식품/식재료,20254,11380,11380590,41,55,0,0,14,0.0,0.0,578
은평구,응암2동,오락/여가,20254,11380,11380590,16,18,1,1,2,0.0625,0.0625,578
은평구,응암2동,외식/F&B,20254,11380,11380590,112,133,5,10,21,0.044642857142857144,0.08928571428571429,578
은평구,응암2동,의료/건강,20254,11380,11380590,34,35,0,1,1,0.0,0.029411764705882353,578
은평구,응암2동,자동차/이동수단,20254,11380,11380590,2,2,0,0,0,0.0,0.0,578
은평구,응암2동,전문서비스,20254,11380,11380590,2,2,0,0,0,0.0,0.0,578
은평구,응암2동,전자/디지털,20254,11380,11380590,46,46,0,2,0,0.0,0.043478260869565216,578
은평구,응암2동,패션/뷰티,20254,11380,11380590,43,44,1,0,1,0.023255813953488372,0.0,578
은평구,응암3동,교육,20254,11380,11380600,70,74,0,0,4,0.0,0.0,1356
은평구,응암3동,생활/홈인테리어,20254,11380,11380600,72,72,1,1,0,0.013888888888888888,0.013888888888888888,1356
은평구,응암3동,생활서비스,20254,11380,11380600,188,196,1,2,8,0.005319148936170213,0.010638297872340425,1356
은평구,응암3동,숙박/부동산,20254,11380,11380600,88,90,1,3,2,0.011363636363636364,0.03409090909090909,1356
은평구,응암3동,식품/식재료,20254,11380,11380600,131,153,4,3,22,0.030534351145038167,0.022900763358778626,1356
은평구,응암3동,오락/여가,20254,11380,11380600,75,75,2,2,0,0.02666666666666667,0.02666666666666667,1356
은평구,응암3동,외식/F&B,20254,11380,11380600,426,491,9,14,65,0.02112676056338028,0.03286384976525822,1356
은평구,응암3동,의료/건강,20254,11380,11380600,79,82,3,2,3,0.0379746835443038,0.02531645569620253,1356
은평구,응암3동,자동차/이동수단,20254,11380,11380600,12,12,0,0,0,0.0,0.0,1356
은평구,응암3동,전문서비스,20254,11380,11380600,5,5,0,0,0,0.0,0.0,1356
은평구,응암3동,전자/디지털,20254,11380,11380600,67,68,0,1,1,0.0,0.014925373134328358,1356
은평구,응암3동,패션/뷰티,20254,11380,11380600,143,146,2,3,3,0.013986013986013986,0.02097902097902098,1356
은평구,증산동,교육,20254,11380,11380640,70,80,0,1,10,0.0,0.014285714285714285,571
은평구,증산동,생활/홈인테리어,20254,11380,11380640,36,36,0,0,0,0.0,0.0,571
은평구,증산동,생활서비스,20254,11380,11380640,96,101,0,0,5,0.0,0.0,571
은평구,증산동,숙박/부동산,20254,11380,11380640,59,59,0,0,0,0.0,0.0,571
은평구,증산동,식품/식재료,20254,11380,11380640,41,52,0,0,11,0.0,0.0,571
은평구,증산동,오락/여가,20254,11380,11380640,11,12,1,1,1,0.09090909090909091,0.09090909090909091,571
은평구,증산동,외식/F&B,20254,11380,11380640,119,140,3,5,21,0.025210084033613446,0.04201680672268908,571
은평구,증산동,의료/건강,20254,11380,11380640,41,41,1,1,0,0.024390243902439025,0.024390243902439025,571
은평구,증산동,자동차/이동수단,20254,11380,11380640,8,8,0,1,0,0.0,0.125,571
은평구,증산동,전문서비스,20254,11380,11380640,2,2,0,0,0,0.0,0.0,571
은평구,증산동,전자/디지털,20254,11380,11380640,47,47,0,1,0,0.0,0.02127659574468085,571
은평구,증산동,패션/뷰티,20254,11380,11380640,41,43,0,0,2,0.0,0.0,571
은평구,진관동,교육,20254,11380,11380690,296,327,6,9,31,0.02027027027027027,0.030405405405405407,1722
은평구,진관동,생활/홈인테리어,20254,11380,11380690,76,76,0,0,0,0.0,0.0,1722
은평구,진관동,생활서비스,20254,11380,11380690,220,243,4,4,23,0.01818181818181818,0.01818181818181818,1722
은평구,진관동,숙박/부동산,20254,11380,11380690,155,155,1,2,0,0.0064516129032258064,0.012903225806451613,1722
은평구,진관동,식품/식재료,20254,11380,11380690,109,156,7,3,47,0.06422018348623854,0.027522935779816515,1722
은평구,진관동,오락/여가,20254,11380,11380690,49,56,5,0,7,0.10204081632653061,0.0,1722
은평구,진관동,외식/F&B,20254,11380,11380690,305,453,12,14,148,0.03934426229508197,0.04590163934426229,1722
은평구,진관동,의료/건강,20254,11380,11380690,121,124,2,1,3,0.01652892561983471,0.008264462809917356,1722
은평구,진관동,자동차/이동수단,20254,11380,11380690,14,14,2,0,0,0.14285714285714285,0.0,1722
은평구,진관동,전문서비스,20254,11380,11380690,11,11,0,0,0,0.0,0.0,1722
은평구,진관동,전자/디지털,20254,11380,11380690,115,118,0,1,3,0.0,0.008695652173913044,1722
은평구,진관동,패션/뷰티,20254,11380,11380690,251,269,5,5,18,0.0199203187250996,0.0199203187250996,1722
종로구,가회동,교육,20254,11110,11110600,15,17,0,1,2,0.0,0.06666666666666667,556
종로구,가회동,생활/홈인테리어,20254,11110,11110600,27,27,0,1,0,0.0,0.037037037037037035,556
종로구,가회동,생활서비스,20254,11110,11110600,50,51,0,3,1,0.0,0.06,556
종로구,가회동,숙박/부동산,20254,11110,11110600,76,76,1,0,0,0.013157894736842105,0.0,556
종로구,가회동,식품/식재료,20254,11110,11110600,44,51,0,1,7,0.0,0.022727272727272728,556
종로구,가회동,오락/여가,20254,11110,11110600,11,11,1,1,0,0.09090909090909091,0.09090909090909091,556
종로구,가회동,외식/F&B,20254,11110,11110600,235,262,4,10,27,0.01702127659574468,0.0425531914893617,556
종로구,가회동,의료/건강,20254,11110,11110600,7,8,0,0,1,0.0,0.0,556
종로구,가회동,자동차/이동수단,20254,11110,11110600,1,1,0,0,0,0.0,0.0,556
종로구,가회동,전문서비스,20254,11110,11110600,3,3,0,0,0,0.0,0.0,556
종로구,가회동,전자/디지털,20254,11110,11110600,12,12,0,0,0,0.0,0.0,556
종로구,가회동,패션/뷰티,20254,11110,11110600,75,76,1,0,1,0.013333333333333334,0.0,556
종로구,교남동,교육,20254,11110,11110580,36,38,4,2,2,0.1111111111111111,0.05555555555555555,282
종로구,교남동,생활/홈인테리어,20254,11110,11110580,14,14,0,0,0,0.0,0.0,282
종로구,교남동,생활서비스,20254,11110,11110580,32,36,1,2,4,0.03125,0.0625,282
종로구,교남동,숙박/부동산,20254,11110,11110580,36,36,0,1,0,0.0,0.027777777777777776,282
종로구,교남동,식품/식재료,20254,11110,11110580,23,41,0,1,18,0.0,0.043478260869565216,282
종로구,교남동,오락/여가,20254,11110,11110580,6,7,0,0,1,0.0,0.0,282
종로구,교남동,외식/F&B,20254,11110,11110580,56,101,1,3,45,0.017857142857142856,0.05357142857142857,282
종로구,교남동,의료/건강,20254,11110,11110580,50,50,1,1,0,0.02,0.02,282
종로구,교남동,전자/디지털,20254,11110,11110580,15,15,0,0,0,0.0,0.0,282
종로구,교남동,패션/뷰티,20254,11110,11110580,14,14,0,0,0,0.0,0.0,282
종로구,무악동,교육,20254,11110,11110570,34,34,0,0,0,0.0,0.0,162
종로구,무악동,생활/홈인테리어,20254,11110,11110570,6,6,0,0,0,0.0,0.0,162
종로구,무악동,생활서비스,20254,11110,11110570,28,29,0,0,1,0.0,0.0,162
종로구,무악동,숙박/부동산,20254,11110,11110570,17,17,0,2,0,0.0,0.11764705882352941,162
종로구,무악동,식품/식재료,20254,11110,11110570,16,21,0,0,5,0.0,0.0,162
종로구,무악동,오락/여가,20254,11110,11110570,8,9,0,0,1,0.0,0.0,162
종로구,무악동,외식/F&B,20254,11110,11110570,28,42,1,2,14,0.03571428571428571,0.07142857142857142,162
종로구,무악동,의료/건강,20254,11110,11110570,10,10,0,1,0,0.0,0.1,162
종로구,무악동,전자/디지털,20254,11110,11110570,9,9,0,0,0,0.0,0.0,162
종로구,무악동,패션/뷰티,20254,11110,11110570,6,6,0,0,0,0.0,0.0,162
종로구,부암동,교육,20254,11110,11110550,49,50,2,1,1,0.04081632653061224,0.02040816326530612,412
종로구,부암동,생활/홈인테리어,20254,11110,11110550,28,28,0,1,0,0.0,0.03571428571428571,412
종로구,부암동,생활서비스,20254,11110,11110550,59,66,1,0,7,0.01694915254237288,0.0,412
종로구,부암동,숙박/부동산,20254,11110,11110550,30,30,1,4,0,0.03333333333333333,0.13333333333333333,412
종로구,부암동,식품/식재료,20254,11110,11110550,29,38,1,0,9,0.034482758620689655,0.0,412
종로구,부암동,오락/여가,20254,11110,11110550,7,7,0,0,0,0.0,0.0,412
종로구,부암동,외식/F&B,20254,11110,11110550,128,139,4,4,11,0.03125,0.03125,412
종로구,부암동,의료/건강,20254,11110,11110550,11,12,1,0,1,0.09090909090909091,0.0,412
종로구,부암동,자동차/이동수단,20254,11110,11110550,6,6,0,0,0,0.0,0.0,412
종로구,부암동,전문서비스,20254,11110,11110550,4,4,0,0,0,0.0,0.0,412
종로구,부암동,전자/디지털,20254,11110,11110550,28,28,2,0,0,0.07142857142857142,0.0,412
종로구,부암동,패션/뷰티,20254,11110,11110550,33,33,1,0,0,0.030303030303030304,0.0,412
종로구,사직동,교육,20254,11110,11110530,88,89,1,3,1,0.011363636363636364,0.03409090909090909,2539
종로구,사직동,생활/홈인테리어,20254,11110,11110530,80,80,2,2,0,0.025,0.025,2539
종로구,사직동,생활서비스,20254,11110,11110530,617,625,3,7,8,0.004862236628849271,0.011345218800648298,2539
종로구,사직동,숙박/부동산,20254,11110,11110530,125,126,0,1,1,0.0,0.008,2539
종로구,사직동,식품/식재료,20254,11110,11110530,99,137,1,0,38,0.010101010101010102,0.0,2539
종로구,사직동,오락/여가,20254,11110,11110530,38,38,1,0,0,0.02631578947368421,0.0,2539
종로구,사직동,외식/F&B,20254,11110,11110530,923,1065,26,30,142,0.028169014084507043,0.032502708559046585,2539
종로구,사직동,의료/건강,20254,11110,11110530,113,116,0,0,3,0.0,0.0,2539
종로구,사직동,자동차/이동수단,20254,11110,11110530,12,12,1,0,0,0.08333333333333333,0.0,2539
종로구,사직동,전문서비스,20254,11110,11110530,140,140,0,1,0,0.0,0.007142857142857143,2539
종로구,사직동,전자/디지털,20254,11110,11110530,92,92,0,0,0,0.0,0.0,2539
종로구,사직동,패션/뷰티,20254,11110,11110530,212,215,3,7,3,0.014150943396226415,0.0330188679245283,2539
종로구,삼청동,교육,20254,11110,11110540,7,8,0,0,1,0.0,0.0,599
종로구,삼청동,생활/홈인테리어,20254,11110,11110540,25,25,1,0,0,0.04,0.0,599
종로구,삼청동,생활서비스,20254,11110,11110540,38,38,0,0,0,0.0,0.0,599
종로구,삼청동,숙박/부동산,20254,11110,11110540,40,40,0,3,0,0.0,0.075,599
종로구,삼청동,식품/식재료,20254,11110,11110540,35,46,3,1,11,0.08571428571428572,0.02857142857142857,599
종로구,삼청동,오락/여가,20254,11110,11110540,6,6,0,0,0,0.0,0.0,599
종로구,삼청동,외식/F&B,20254,11110,11110540,261,289,9,9,28,0.034482758620689655,0.034482758620689655,599
종로구,삼청동,의료/건강,20254,11110,11110540,13,13,0,0,0,0.0,0.0,599
종로구,삼청동,전문서비스,20254,11110,11110540,15,15,1,0,0,0.06666666666666667,0.0,599
종로구,삼청동,전자/디지털,20254,11110,11110540,15,15,0,1,0,0.0,0.06666666666666667,599
종로구,삼청동,패션/뷰티,20254,11110,11110540,144,148,3,3,4,0.020833333333333332,0.020833333333333332,599
종로구,숭인1동,교육,20254,11110,11110700,15,15,0,0,0,0.0,0.0,253
종로구,숭인1동,생활/홈인테리어,20254,11110,11110700,13,13,0,1,0,0.0,0.07692307692307693,253
종로구,숭인1동,생활서비스,20254,11110,11110700,47,51,0,1,4,0.0,0.02127659574468085,253
종로구,숭인1동,숙박/부동산,20254,11110,11110700,23,23,1,0,0,0.043478260869565216,0.0,253
종로구,숭인1동,식품/식재료,20254,11110,11110700,16,21,0,0,5,0.0,0.0,253
종로구,숭인1동,오락/여가,20254,11110,11110700,2,2,0,0,0,0.0,0.0,253
종로구,숭인1동,외식/F&B,20254,11110,11110700,42,56,2,2,14,0.047619047619047616,0.047619047619047616,253
종로구,숭인1동,의료/건강,20254,11110,11110700,19,21,0,0,2,0.0,0.0,253
종로구,숭인1동,자동차/이동수단,20254,11110,11110700,1,1,0,0,0,0.0,0.0,253
종로구,숭인1동,전문서비스,20254,11110,11110700,4,4,0,0,0,0.0,0.0,253
종로구,숭인1동,전자/디지털,20254,11110,11110700,30,30,0,1,0,0.0,0.03333333333333333,253
종로구,숭인1동,패션/뷰티,20254,11110,11110700,41,41,0,1,0,0.0,0.024390243902439025,253
종로구,숭인2동,교육,20254,11110,11110710,8,8,0,0,0,0.0,0.0,782
종로구,숭인2동,생활/홈인테리어,20254,11110,11110710,38,38,0,0,0,0.0,0.0,782
종로구,숭인2동,생활서비스,20254,11110,11110710,79,80,0,0,1,0.0,0.0,782
종로구,숭인2동,숙박/부동산,20254,11110,11110710,95,95,2,2,0,0.021052631578947368,0.021052631578947368,782
종로구,숭인2동,식품/식재료,20254,11110,11110710,54,80,2,2,26,0.037037037037037035,0.037037037037037035,782
종로구,숭인2동,오락/여가,20254,11110,11110710,21,21,0,0,0,0.0,0.0,782
종로구,숭인2동,외식/F&B,20254,11110,11110710,170,210,5,4,40,0.029411764705882353,0.023529411764705882,782
종로구,숭인2동,의료/건강,20254,11110,11110710,34,35,1,0,1,0.029411764705882353,0.0,782
종로구,숭인2동,자동차/이동수단,20254,11110,11110710,9,9,1,0,0,0.1111111111111111,0.0,782
종로구,숭인2동,전문서비스,20254,11110,11110710,16,16,0,0,0,0.0,0.0,782
종로구,숭인2동,전자/디지털,20254,11110,11110710,68,68,0,1,0,0.0,0.014705882352941176,782
종로구,숭인2동,패션/뷰티,20254,11110,11110710,190,190,6,3,0,0.031578947368421054,0.015789473684210527,782
종로구,이화동,교육,20254,11110,11110640,33,36,0,2,3,0.0,0.06060606060606061,645
종로구,이화동,생활/홈인테리어,20254,11110,11110640,32,32,1,0,0,0.03125,0.0,645
종로구,이화동,생활서비스,20254,11110,11110640,43,47,2,0,4,0.046511627906976744,0.0,645
종로구,이화동,숙박/부동산,20254,11110,11110640,35,35,1,0,0,0.02857142857142857,0.0,645
종로구,이화동,식품/식재료,20254,11110,11110640,43,67,3,2,24,0.06976744186046512,0.046511627906976744,645
종로구,이화동,오락/여가,20254,11110,11110640,25,29,1,0,4,0.04,0.0,645
종로구,이화동,외식/F&B,20254,11110,11110640,286,381,5,6,95,0.017482517482517484,0.02097902097902098,645
종로구,이화동,의료/건강,20254,11110,11110640,35,36,2,0,1,0.05714285714285714,0.0,645
종로구,이화동,자동차/이동수단,20254,11110,11110640,6,6,0,0,0,0.0,0.0,645
종로구,이화동,전문서비스,20254,11110,11110640,4,4,0,1,0,0.0,0.25,645
종로구,이화동,전자/디지털,20254,11110,11110640,31,31,0,0,0,0.0,0.0,645
종로구,이화동,패션/뷰티,20254,11110,11110640,72,73,2,1,1,0.027777777777777776,0.013888888888888888,645
종로구,종로1?2?3?4가동,교육,20254,11110,11110615,185,192,2,7,7,0.010810810810810811,0.03783783783783784,9233
종로구,종로1?2?3?4가동,생활/홈인테리어,20254,11110,11110615,1045,1046,5,8,1,0.004784688995215311,0.007655502392344498,9233
종로구,종로1?2?3?4가동,생활서비스,20254,11110,11110615,882,892,7,11,10,0.007936507936507936,0.012471655328798186,9233
종로구,종로1?2?3?4가동,숙박/부동산,20254,11110,11110615,382,384,17,10,2,0.04450261780104712,0.02617801047120419,9233
종로구,종로1?2?3?4가동,식품/식재료,20254,11110,11110615,301,398,14,6,97,0.046511627906976744,0.019933554817275746,9233
종로구,종로1?2?3?4가동,오락/여가,20254,11110,11110615,150,155,3,2,5,0.02,0.013333333333333334,9233
종로구,종로1?2?3?4가동,외식/F&B,20254,11110,11110615,2260,2603,99,84,343,0.04380530973451328,0.03716814159292035,9233
종로구,종로1?2?3?4가동,의료/건강,20254,11110,11110615,269,272,1,5,3,0.0037174721189591076,0.01858736059479554,9233
종로구,종로1?2?3?4가동,자동차/이동수단,20254,11110,11110615,19,19,0,0,0,0.0,0.0,9233
종로구,종로1?2?3?4가동,전문서비스,20254,11110,11110615,274,274,1,3,0,0.0036496350364963502,0.010948905109489052,9233
종로구,종로1?2?3?4가동,전자/디지털,20254,11110,11110615,250,250,2,4,0,0.008,0.016,9233
종로구,종로1?2?3?4가동,패션/뷰티,20254,11110,11110615,3216,3250,19,35,34,0.005907960199004975,0.010883084577114429,9233
종로구,종로5?6가동,교육,20254,11110,11110630,16,16,0,0,0,0.0,0.0,1751
종로구,종로5?6가동,생활/홈인테리어,20254,11110,11110630,338,338,2,3,0,0.005917159763313609,0.008875739644970414,1751
종로구,종로5?6가동,생활서비스,20254,11110,11110630,90,92,1,0,2,0.011111111111111112,0.0,1751
종로구,종로5?6가동,숙박/부동산,20254,11110,11110630,100,100,1,3,0,0.01,0.03,1751
종로구,종로5?6가동,식품/식재료,20254,11110,11110630,87,108,3,0,21,0.034482758620689655,0.0,1751
종로구,종로5?6가동,오락/여가,20254,11110,11110630,33,33,0,0,0,0.0,0.0,1751
종로구,종로5?6가동,외식/F&B,20254,11110,11110630,468,531,12,13,63,0.02564102564102564,0.027777777777777776,1751
종로구,종로5?6가동,의료/건강,20254,11110,11110630,155,155,1,2,0,0.0064516129032258064,0.012903225806451613,1751
종로구,종로5?6가동,자동차/이동수단,20254,11110,11110630,6,6,0,0,0,0.0,0.0,1751
종로구,종로5?6가동,전문서비스,20254,11110,11110630,61,61,0,0,0,0.0,0.0,1751
종로구,종로5?6가동,전자/디지털,20254,11110,11110630,55,55,0,2,0,0.0,0.03636363636363636,1751
종로구,종로5?6가동,패션/뷰티,20254,11110,11110630,342,347,5,4,5,0.014619883040935672,0.011695906432748537,1751
종로구,창신1동,교육,20254,11110,11110670,10,12,0,0,2,0.0,0.0,1433
종로구,창신1동,생활/홈인테리어,20254,11110,11110670,22,22,0,0,0,0.0,0.0,1433
종로구,창신1동,생활서비스,20254,11110,11110670,49,49,1,3,0,0.02040816326530612,0.061224489795918366,1433
종로구,창신1동,숙박/부동산,20254,11110,11110670,78,78,0,1,0,0.0,0.01282051282051282,1433
종로구,창신1동,식품/식재료,20254,11110,11110670,50,65,1,0,15,0.02,0.0,1433
종로구,창신1동,오락/여가,20254,11110,11110670,27,28,1,2,1,0.037037037037037035,0.07407407407407407,1433
종로구,창신1동,외식/F&B,20254,11110,11110670,217,243,10,12,26,0.04608294930875576,0.055299539170506916,1433
종로구,창신1동,의료/건강,20254,11110,11110670,53,53,0,0,0,0.0,0.0,1433
종로구,창신1동,자동차/이동수단,20254,11110,11110670,2,2,0,0,0,0.0,0.0,1433
종로구,창신1동,전문서비스,20254,11110,11110670,12,12,0,0,0,0.0,0.0,1433
종로구,창신1동,전자/디지털,20254,11110,11110670,88,88,1,0,0,0.011363636363636364,0.0,1433
종로구,창신1동,패션/뷰티,20254,11110,11110670,825,828,6,13,3,0.007272727272727273,0.01575757575757576,1433
종로구,창신2동,교육,20254,11110,11110680,8,8,0,0,0,0.0,0.0,340
종로구,창신2동,생활/홈인테리어,20254,11110,11110680,17,17,0,0,0,0.0,0.0,340
종로구,창신2동,생활서비스,20254,11110,11110680,36,37,0,3,1,0.0,0.08333333333333333,340
종로구,창신2동,숙박/부동산,20254,11110,11110680,30,30,0,0,0,0.0,0.0,340
종로구,창신2동,식품/식재료,20254,11110,11110680,40,45,1,1,5,0.025,0.025,340
종로구,창신2동,오락/여가,20254,11110,11110680,15,15,0,0,0,0.0,0.0,340
종로구,창신2동,외식/F&B,20254,11110,11110680,122,131,1,6,9,0.00819672131147541,0.04918032786885246,340
종로구,창신2동,의료/건강,20254,11110,11110680,18,19,1,0,1,0.05555555555555555,0.0,340
종로구,창신2동,자동차/이동수단,20254,11110,11110680,2,2,0,0,0,0.0,0.0,340
종로구,창신2동,전자/디지털,20254,11110,11110680,17,17,0,1,0,0.0,0.058823529411764705,340
종로구,창신2동,패션/뷰티,20254,11110,11110680,35,37,0,1,2,0.0,0.02857142857142857,340
종로구,창신3동,교육,20254,11110,11110690,9,11,1,2,2,0.1111111111111111,0.2222222222222222,155
종로구,창신3동,생활/홈인테리어,20254,11110,11110690,6,6,0,0,0,0.0,0.0,155
종로구,창신3동,생활서비스,20254,11110,11110690,28,29,0,0,1,0.0,0.0,155
종로구,창신3동,숙박/부동산,20254,11110,11110690,23,23,0,0,0,0.0,0.0,155
종로구,창신3동,식품/식재료,20254,11110,11110690,14,17,1,0,3,0.07142857142857142,0.0,155
종로구,창신3동,오락/여가,20254,11110,11110690,5,5,0,0,0,0.0,0.0,155
종로구,창신3동,외식/F&B,20254,11110,11110690,21,28,1,0,7,0.047619047619047616,0.0,155
종로구,창신3동,의료/건강,20254,11110,11110690,1,1,0,0,0,0.0,0.0,155
종로구,창신3동,전문서비스,20254,11110,11110690,3,3,0,0,0,0.0,0.0,155
종로구,창신3동,전자/디지털,20254,11110,11110690,24,24,0,1,0,0.0,0.041666666666666664,155
종로구,창신3동,패션/뷰티,20254,11110,11110690,21,22,0,0,1,0.0,0.0,155
종로구,청운효자동,교육,20254,11110,11110515,60,61,2,0,1,0.03333333333333333,0.0,864
종로구,청운효자동,생활/홈인테리어,20254,11110,11110515,48,48,1,0,0,0.020833333333333332,0.0,864
종로구,청운효자동,생활서비스,20254,11110,11110515,88,92,1,1,4,0.011363636363636364,0.011363636363636364,864
종로구,청운효자동,숙박/부동산,20254,11110,11110515,86,86,0,0,0,0.0,0.0,864
종로구,청운효자동,식품/식재료,20254,11110,11110515,77,93,2,1,16,0.025974025974025976,0.012987012987012988,864
종로구,청운효자동,오락/여가,20254,11110,11110515,8,8,0,0,0,0.0,0.0,864
종로구,청운효자동,외식/F&B,20254,11110,11110515,340,346,13,8,6,0.03823529411764706,0.023529411764705882,864
종로구,청운효자동,의료/건강,20254,11110,11110515,16,17,0,1,1,0.0,0.0625,864
종로구,청운효자동,자동차/이동수단,20254,11110,11110515,1,1,0,0,0,0.0,0.0,864
종로구,청운효자동,전문서비스,20254,11110,11110515,5,5,0,0,0,0.0,0.0,864
종로구,청운효자동,전자/디지털,20254,11110,11110515,29,29,0,1,0,0.0,0.034482758620689655,864
종로구,청운효자동,패션/뷰티,20254,11110,11110515,106,107,2,2,1,0.018867924528301886,0.018867924528301886,864
종로구,평창동,교육,20254,11110,11110560,78,78,1,0,0,0.01282051282051282,0.0,555
종로구,평창동,생활/홈인테리어,20254,11110,11110560,24,24,0,1,0,0.0,0.041666666666666664,555
종로구,평창동,생활서비스,20254,11110,11110560,92,94,0,0,2,0.0,0.0,555
종로구,평창동,숙박/부동산,20254,11110,11110560,56,56,0,2,0,0.0,0.03571428571428571,555
종로구,평창동,식품/식재료,20254,11110,11110560,39,53,0,1,14,0.0,0.02564102564102564,555
종로구,평창동,오락/여가,20254,11110,11110560,16,16,1,1,0,0.0625,0.0625,555
종로구,평창동,외식/F&B,20254,11110,11110560,121,145,5,3,24,0.04132231404958678,0.024793388429752067,555
종로구,평창동,의료/건강,20254,11110,11110560,25,25,0,0,0,0.0,0.0,555
종로구,평창동,자동차/이동수단,20254,11110,11110560,7,7,1,1,0,0.14285714285714285,0.14285714285714285,555
종로구,평창동,전문서비스,20254,11110,11110560,5,5,0,0,0,0.0,0.0,555
종로구,평창동,전자/디지털,20254,11110,11110560,40,40,0,0,0,0.0,0.0,555
종로구,평창동,패션/뷰티,20254,11110,11110560,52,53,0,0,1,0.0,0.0,555
종로구,혜화동,교육,20254,11110,11110650,64,69,1,1,5,0.015625,0.015625,1283
종로구,혜화동,생활/홈인테리어,20254,11110,11110650,51,51,2,2,0,0.0392156862745098,0.0392156862745098,1283
종로구,혜화동,생활서비스,20254,11110,11110650,152,166,3,3,14,0.019736842105263157,0.019736842105263157,1283
종로구,혜화동,숙박/부동산,20254,11110,11110650,105,105,2,4,0,0.01904761904761905,0.0380952380952381,1283
종로구,혜화동,식품/식재료,20254,11110,11110650,74,103,1,1,29,0.013513513513513514,0.013513513513513514,1283
종로구,혜화동,오락/여가,20254,11110,11110650,62,67,2,3,5,0.03225806451612903,0.04838709677419355,1283
종로구,혜화동,외식/F&B,20254,11110,11110650,567,693,17,25,126,0.029982363315696647,0.04409171075837742,1283
종로구,혜화동,의료/건강,20254,11110,11110650,55,56,1,1,1,0.01818181818181818,0.01818181818181818,1283
종로구,혜화동,자동차/이동수단,20254,11110,11110650,1,1,0,0,0,0.0,0.0,1283
종로구,혜화동,전문서비스,20254,11110,11110650,9,9,0,0,0,0.0,0.0,1283
종로구,혜화동,전자/디지털,20254,11110,11110650,53,53,0,1,0,0.0,0.018867924528301886,1283
종로구,혜화동,패션/뷰티,20254,11110,11110650,90,104,1,1,14,0.011111111111111112,0.011111111111111112,1283
중구,광희동,교육,20254,11140,11140590,23,25,0,0,2,0.0,0.0,4687
중구,광희동,생활/홈인테리어,20254,11140,11140590,249,250,1,0,1,0.004016064257028112,0.0,4687
중구,광희동,생활서비스,20254,11140,11140590,214,221,1,3,7,0.004672897196261682,0.014018691588785047,4687
중구,광희동,숙박/부동산,20254,11140,11140590,156,160,3,3,4,0.019230769230769232,0.019230769230769232,4687
중구,광희동,식품/식재료,20254,11140,11140590,478,531,7,7,53,0.014644351464435146,0.014644351464435146,4687
중구,광희동,오락/여가,20254,11140,11140590,50,51,0,2,1,0.0,0.04,4687
중구,광희동,외식/F&B,20254,11140,11140590,605,734,18,18,129,0.02975206611570248,0.02975206611570248,4687
중구,광희동,의료/건강,20254,11140,11140590,63,64,0,0,1,0.0,0.0,4687
중구,광희동,자동차/이동수단,20254,11140,11140590,51,51,0,0,0,0.0,0.0,4687
중구,광희동,전문서비스,20254,11140,11140590,117,117,1,1,0,0.008547008547008548,0.008547008547008548,4687
중구,광희동,전자/디지털,20254,11140,11140590,144,144,1,0,0,0.006944444444444444,0.0,4687
중구,광희동,패션/뷰티,20254,11140,11140590,2537,2570,14,37,33,0.005518328734726055,0.014584154513204573,4687
중구,다산동,교육,20254,11140,11140625,34,38,0,0,4,0.0,0.0,768
중구,다산동,생활/홈인테리어,20254,11140,11140625,42,42,1,2,0,0.023809523809523808,0.047619047619047616,768
중구,다산동,생활서비스,20254,11140,11140625,84,87,1,0,3,0.011904761904761904,0.0,768
중구,다산동,숙박/부동산,20254,11140,11140625,42,42,0,2,0,0.0,0.047619047619047616,768
중구,다산동,식품/식재료,20254,11140,11140625,54,74,1,1,20,0.018518518518518517,0.018518518518518517,768
중구,다산동,오락/여가,20254,11140,11140625,29,29,0,0,0,0.0,0.0,768
중구,다산동,외식/F&B,20254,11140,11140625,196,232,13,10,36,0.0663265306122449,0.05102040816326531,768
중구,다산동,의료/건강,20254,11140,11140625,58,59,2,2,1,0.034482758620689655,0.034482758620689655,768
중구,다산동,자동차/이동수단,20254,11140,11140625,8,8,0,0,0,0.0,0.0,768
중구,다산동,전문서비스,20254,11140,11140625,11,11,0,0,0,0.0,0.0,768
중구,다산동,전자/디지털,20254,11140,11140625,59,59,0,0,0,0.0,0.0,768
중구,다산동,패션/뷰티,20254,11140,11140625,151,154,2,2,3,0.013245033112582781,0.013245033112582781,768
중구,동화동,교육,20254,11140,11140665,31,34,1,0,3,0.03225806451612903,0.0,519
중구,동화동,생활/홈인테리어,20254,11140,11140665,28,29,0,0,1,0.0,0.0,519
중구,동화동,생활서비스,20254,11140,11140665,68,71,1,0,3,0.014705882352941176,0.0,519
중구,동화동,숙박/부동산,20254,11140,11140665,37,37,0,0,0,0.0,0.0,519
중구,동화동,식품/식재료,20254,11140,11140665,38,49,1,0,11,0.02631578947368421,0.0,519
중구,동화동,오락/여가,20254,11140,11140665,19,19,0,0,0,0.0,0.0,519
중구,동화동,외식/F&B,20254,11140,11140665,109,128,4,3,19,0.03669724770642202,0.027522935779816515,519
중구,동화동,의료/건강,20254,11140,11140665,22,22,0,0,0,0.0,0.0,519
중구,동화동,자동차/이동수단,20254,11140,11140665,4,4,0,0,0,0.0,0.0,519
중구,동화동,전문서비스,20254,11140,11140665,12,12,0,0,0,0.0,0.0,519
중구,동화동,전자/디지털,20254,11140,11140665,23,23,0,0,0,0.0,0.0,519
중구,동화동,패션/뷰티,20254,11140,11140665,128,128,2,1,0,0.015625,0.0078125,519
중구,명동,교육,20254,11140,11140550,54,57,0,0,3,0.0,0.0,4166
중구,명동,생활/홈인테리어,20254,11140,11140550,109,109,2,1,0,0.01834862385321101,0.009174311926605505,4166
중구,명동,생활서비스,20254,11140,11140550,856,882,12,10,26,0.014018691588785047,0.011682242990654205,4166
중구,명동,숙박/부동산,20254,11140,11140550,347,351,4,0,4,0.011527377521613832,0.0,4166
중구,명동,식품/식재료,20254,11140,11140550,206,298,18,6,92,0.08737864077669903,0.02912621359223301,4166
중구,명동,오락/여가,20254,11140,11140550,51,51,2,1,0,0.0392156862745098,0.0196078431372549,4166
중구,명동,외식/F&B,20254,11140,11140550,1174,1479,32,50,305,0.027257240204429302,0.04258943781942078,4166
중구,명동,의료/건강,20254,11140,11140550,259,260,13,1,1,0.05019305019305019,0.003861003861003861,4166
중구,명동,자동차/이동수단,20254,11140,11140550,9,9,0,0,0,0.0,0.0,4166
중구,명동,전문서비스,20254,11140,11140550,225,225,1,1,0,0.0044444444444444444,0.0044444444444444444,4166
중구,명동,전자/디지털,20254,11140,11140550,96,96,1,1,0,0.010416666666666666,0.010416666666666666,4166
중구,명동,패션/뷰티,20254,11140,11140550,780,848,16,14,68,0.020512820512820513,0.017948717948717947,4166
중구,소공동,교육,20254,11140,11140520,37,39,3,3,2,0.08108108108108109,0.08108108108108109,2622
중구,소공동,생활/홈인테리어,20254,11140,11140520,93,94,0,0,1,0.0,0.0,2622
중구,소공동,생활서비스,20254,11140,11140520,298,299,1,5,1,0.003355704697986577,0.016778523489932886,2622
중구,소공동,숙박/부동산,20254,11140,11140520,79,81,1,3,2,0.012658227848101266,0.0379746835443038,2622
중구,소공동,식품/식재료,20254,11140,11140520,100,162,6,1,62,0.06,0.01,2622
중구,소공동,오락/여가,20254,11140,11140520,24,25,0,0,1,0.0,0.0,2622
중구,소공동,외식/F&B,20254,11140,11140520,636,807,15,32,171,0.02358490566037736,0.050314465408805034,2622
중구,소공동,의료/건강,20254,11140,11140520,107,108,2,2,1,0.018691588785046728,0.018691588785046728,2622
중구,소공동,자동차/이동수단,20254,11140,11140520,2,2,0,0,0,0.0,0.0,2622
중구,소공동,전문서비스,20254,11140,11140520,236,236,1,2,0,0.00423728813559322,0.00847457627118644,2622
중구,소공동,전자/디지털,20254,11140,11140520,55,55,0,0,0,0.0,0.0,2622
중구,소공동,패션/뷰티,20254,11140,11140520,955,960,2,8,5,0.0020942408376963353,0.008376963350785341,2622
중구,신당5동,교육,20254,11140,11140650,22,24,0,0,2,0.0,0.0,703
중구,신당5동,생활/홈인테리어,20254,11140,11140650,45,45,0,0,0,0.0,0.0,703
중구,신당5동,생활서비스,20254,11140,11140650,76,77,0,2,1,0.0,0.02631578947368421,703
중구,신당5동,숙박/부동산,20254,11140,11140650,42,42,0,0,0,0.0,0.0,703
중구,신당5동,식품/식재료,20254,11140,11140650,35,45,1,0,10,0.02857142857142857,0.0,703
중구,신당5동,오락/여가,20254,11140,11140650,21,22,1,0,1,0.047619047619047616,0.0,703
중구,신당5동,외식/F&B,20254,11140,11140650,246,282,6,9,36,0.024390243902439025,0.036585365853658534,703
중구,신당5동,의료/건강,20254,11140,11140650,40,42,0,0,2,0.0,0.0,703
중구,신당5동,자동차/이동수단,20254,11140,11140650,7,7,1,0,0,0.14285714285714285,0.0,703
중구,신당5동,전문서비스,20254,11140,11140650,11,11,0,0,0,0.0,0.0,703
중구,신당5동,전자/디지털,20254,11140,11140650,36,36,0,0,0,0.0,0.0,703
중구,신당5동,패션/뷰티,20254,11140,11140650,122,124,0,3,2,0.0,0.02459016393442623,703
중구,신당동,교육,20254,11140,11140615,16,17,0,1,1,0.0,0.0625,9953
중구,신당동,생활/홈인테리어,20254,11140,11140615,73,73,1,0,0,0.0136986301369863,0.0,9953
중구,신당동,생활서비스,20254,11140,11140615,99,104,2,3,5,0.020202020202020204,0.030303030303030304,9953
중구,신당동,숙박/부동산,20254,11140,11140615,125,125,0,1,0,0.0,0.008,9953
중구,신당동,식품/식재료,20254,11140,11140615,97,120,1,2,23,0.010309278350515464,0.020618556701030927,9953
중구,신당동,오락/여가,20254,11140,11140615,33,34,0,0,1,0.0,0.0,9953
중구,신당동,외식/F&B,20254,11140,11140615,301,374,14,16,73,0.046511627906976744,0.053156146179401995,9953
중구,신당동,의료/건강,20254,11140,11140615,34,34,0,2,0,0.0,0.058823529411764705,9953
중구,신당동,자동차/이동수단,20254,11140,11140615,12,12,1,0,0,0.08333333333333333,0.0,9953
중구,신당동,전문서비스,20254,11140,11140615,31,31,0,0,0,0.0,0.0,9953
중구,신당동,전자/디지털,20254,11140,11140615,89,89,0,3,0,0.0,0.033707865168539325,9953
중구,신당동,패션/뷰티,20254,11140,11140615,9043,9053,20,179,10,0.0022116554240849276,0.0197943160455601,9953
중구,약수동,교육,20254,11140,11140635,47,51,1,1,4,0.02127659574468085,0.02127659574468085,617
중구,약수동,생활/홈인테리어,20254,11140,11140635,22,22,0,0,0,0.0,0.0,617
중구,약수동,생활서비스,20254,11140,11140635,104,112,3,2,8,0.028846153846153848,0.019230769230769232,617
중구,약수동,숙박/부동산,20254,11140,11140635,58,58,0,1,0,0.0,0.017241379310344827,617
중구,약수동,식품/식재료,20254,11140,11140635,49,55,1,2,6,0.02040816326530612,0.04081632653061224,617
중구,약수동,오락/여가,20254,11140,11140635,16,16,0,1,0,0.0,0.0625,617
중구,약수동,외식/F&B,20254,11140,11140635,124,151,1,8,27,0.008064516129032258,0.06451612903225806,617
중구,약수동,의료/건강,20254,11140,11140635,67,68,0,2,1,0.0,0.029850746268656716,617
중구,약수동,자동차/이동수단,20254,11140,11140635,1,1,0,0,0,0.0,0.0,617
중구,약수동,전문서비스,20254,11140,11140635,18,18,0,0,0,0.0,0.0,617
중구,약수동,전자/디지털,20254,11140,11140635,40,40,0,0,0,0.0,0.0,617
중구,약수동,패션/뷰티,20254,11140,11140635,71,76,2,1,5,0.028169014084507043,0.014084507042253521,617
중구,을지로동,교육,20254,11140,11140605,24,24,1,1,0,0.041666666666666664,0.041666666666666664,2654
중구,을지로동,생활/홈인테리어,20254,11140,11140605,534,534,2,3,0,0.003745318352059925,0.0056179775280898875,2654
중구,을지로동,생활서비스,20254,11140,11140605,131,135,4,3,4,0.030534351145038167,0.022900763358778626,2654
중구,을지로동,숙박/부동산,20254,11140,11140605,132,132,1,4,0,0.007575757575757576,0.030303030303030304,2654
중구,을지로동,식품/식재료,20254,11140,11140605,234,270,6,6,36,0.02564102564102564,0.02564102564102564,2654
중구,을지로동,오락/여가,20254,11140,11140605,38,39,1,0,1,0.02631578947368421,0.0,2654
중구,을지로동,외식/F&B,20254,11140,11140605,712,796,44,25,84,0.06179775280898876,0.0351123595505618,2654
중구,을지로동,의료/건강,20254,11140,11140605,64,66,0,0,2,0.0,0.0,2654
중구,을지로동,자동차/이동수단,20254,11140,11140605,9,9,0,0,0,0.0,0.0,2654
중구,을지로동,전문서비스,20254,11140,11140605,90,90,0,0,0,0.0,0.0,2654
중구,을지로동,전자/디지털,20254,11140,11140605,102,102,3,0,0,0.029411764705882353,0.0,2654
중구,을지로동,패션/뷰티,20254,11140,11140605,584,587,4,4,3,0.00684931506849315,0.00684931506849315,2654
중구,장충동,교육,20254,11140,11140580,14,15,1,0,1,0.07142857142857142,0.0,463
중구,장충동,생활/홈인테리어,20254,11140,11140580,31,31,0,0,0,0.0,0.0,463
중구,장충동,생활서비스,20254,11140,11140580,48,49,1,0,1,0.020833333333333332,0.0,463
중구,장충동,숙박/부동산,20254,11140,11140580,34,34,2,1,0,0.058823529411764705,0.029411764705882353,463
중구,장충동,식품/식재료,20254,11140,11140580,24,38,2,1,14,0.08333333333333333,0.041666666666666664,463
중구,장충동,오락/여가,20254,11140,11140580,10,10,0,0,0,0.0,0.0,463
중구,장충동,외식/F&B,20254,11140,11140580,153,169,4,3,16,0.026143790849673203,0.0196078431372549,463
중구,장충동,의료/건강,20254,11140,11140580,5,5,0,0,0,0.0,0.0,463
중구,장충동,자동차/이동수단,20254,11140,11140580,19,19,1,0,0,0.05263157894736842,0.0,463
중구,장충동,전문서비스,20254,11140,11140580,7,7,0,0,0,0.0,0.0,463
중구,장충동,전자/디지털,20254,11140,11140580,21,21,0,0,0,0.0,0.0,463
중구,장충동,패션/뷰티,20254,11140,11140580,97,99,0,1,2,0.0,0.010309278350515464,463
중구,중림동,교육,20254,11140,11140680,23,24,2,3,1,0.08695652173913043,0.13043478260869565,595
중구,중림동,생활/홈인테리어,20254,11140,11140680,25,25,2,0,0,0.08,0.0,595
중구,중림동,생활서비스,20254,11140,11140680,89,91,2,3,2,0.02247191011235955,0.033707865168539325,595
중구,중림동,숙박/부동산,20254,11140,11140680,64,64,0,2,0,0.0,0.03125,595
중구,중림동,식품/식재료,20254,11140,11140680,55,75,1,0,20,0.01818181818181818,0.0,595
중구,중림동,오락/여가,20254,11140,11140680,14,15,0,1,1,0.0,0.07142857142857142,595
중구,중림동,외식/F&B,20254,11140,11140680,187,228,5,9,41,0.026737967914438502,0.0481283422459893,595
중구,중림동,의료/건강,20254,11140,11140680,44,45,0,1,1,0.0,0.022727272727272728,595
중구,중림동,자동차/이동수단,20254,11140,11140680,1,1,0,0,0,0.0,0.0,595
중구,중림동,전문서비스,20254,11140,11140680,12,12,0,0,0,0.0,0.0,595
중구,중림동,전자/디지털,20254,11140,11140680,31,31,0,0,0,0.0,0.0,595
중구,중림동,패션/뷰티,20254,11140,11140680,50,50,0,0,0,0.0,0.0,595
중구,청구동,교육,20254,11140,11140645,46,51,0,2,5,0.0,0.043478260869565216,421
중구,청구동,생활/홈인테리어,20254,11140,11140645,22,22,0,1,0,0.0,0.045454545454545456,421
중구,청구동,생활서비스,20254,11140,11140645,58,60,1,1,2,0.017241379310344827,0.017241379310344827,421
중구,청구동,숙박/부동산,20254,11140,11140645,28,28,0,0,0,0.0,0.0,421
중구,청구동,식품/식재료,20254,11140,11140645,30,35,1,0,5,0.03333333333333333,0.0,421
중구,청구동,오락/여가,20254,11140,11140645,17,18,0,0,1,0.0,0.0,421
중구,청구동,외식/F&B,20254,11140,11140645,50,61,2,7,11,0.04,0.14,421
중구,청구동,의료/건강,20254,11140,11140645,21,21,1,0,0,0.047619047619047616,0.0,421
중구,청구동,전문서비스,20254,11140,11140645,5,5,0,0,0,0.0,0.0,421
중구,청구동,전자/디지털,20254,11140,11140645,38,38,0,1,0,0.0,0.02631578947368421,421
중구,청구동,패션/뷰티,20254,11140,11140645,106,107,3,1,1,0.02830188679245283,0.009433962264150943,421
중구,필동,교육,20254,11140,11140570,30,30,1,2,0,0.03333333333333333,0.06666666666666667,1080
중구,필동,생활/홈인테리어,20254,11140,11140570,40,40,2,1,0,0.05,0.025,1080
중구,필동,생활서비스,20254,11140,11140570,143,144,1,1,1,0.006993006993006993,0.006993006993006993,1080
중구,필동,숙박/부동산,20254,11140,11140570,82,82,1,2,0,0.012195121951219513,0.024390243902439025,1080
중구,필동,식품/식재료,20254,11140,11140570,52,80,1,1,28,0.019230769230769232,0.019230769230769232,1080
중구,필동,오락/여가,20254,11140,11140570,32,33,1,0,1,0.03125,0.0,1080
중구,필동,외식/F&B,20254,11140,11140570,437,529,20,7,92,0.04576659038901602,0.016018306636155607,1080
중구,필동,의료/건강,20254,11140,11140570,32,32,0,0,0,0.0,0.0,1080
중구,필동,자동차/이동수단,20254,11140,11140570,22,22,1,0,0,0.045454545454545456,0.0,1080
중구,필동,전문서비스,20254,11140,11140570,82,82,0,0,0,0.0,0.0,1080
중구,필동,전자/디지털,20254,11140,11140570,67,67,0,1,0,0.0,0.014925373134328358,1080
중구,필동,패션/뷰티,20254,11140,11140570,61,65,2,0,4,0.03278688524590164,0.0,1080
중구,황학동,교육,20254,11140,11140670,28,30,0,1,2,0.0,0.03571428571428571,1279
중구,황학동,생활/홈인테리어,20254,11140,11140670,257,258,3,3,1,0.011673151750972763,0.011673151750972763,1279
중구,황학동,생활서비스,20254,11140,11140670,93,100,3,1,7,0.03225806451612903,0.010752688172043012,1279
중구,황학동,숙박/부동산,20254,11140,11140670,101,101,0,1,0,0.0,0.009900990099009901,1279
중구,황학동,식품/식재료,20254,11140,11140670,211,227,0,3,16,0.0,0.014218009478672985,1279
중구,황학동,오락/여가,20254,11140,11140670,27,29,1,0,2,0.037037037037037035,0.0,1279
중구,황학동,외식/F&B,20254,11140,11140670,268,324,7,19,56,0.026119402985074626,0.0708955223880597,1279
중구,황학동,의료/건강,20254,11140,11140670,48,48,0,1,0,0.0,0.020833333333333332,1279
중구,황학동,자동차/이동수단,20254,11140,11140670,3,3,0,0,0,0.0,0.0,1279
중구,황학동,전문서비스,20254,11140,11140670,13,13,0,1,0,0.0,0.07692307692307693,1279
중구,황학동,전자/디지털,20254,11140,11140670,71,71,0,1,0,0.0,0.014084507042253521,1279
중구,황학동,패션/뷰티,20254,11140,11140670,159,160,2,4,1,0.012578616352201259,0.025157232704402517,1279
중구,회현동,교육,20254,11140,11140540,15,15,0,1,0,0.0,0.06666666666666667,4635
중구,회현동,생활/홈인테리어,20254,11140,11140540,207,207,2,4,0,0.00966183574879227,0.01932367149758454,4635
중구,회현동,생활서비스,20254,11140,11140540,101,110,0,0,9,0.0,0.0,4635
중구,회현동,숙박/부동산,20254,11140,11140540,84,85,0,0,1,0.0,0.0,4635
중구,회현동,식품/식재료,20254,11140,11140540,364,405,14,6,41,0.038461538461538464,0.016483516483516484,4635
중구,회현동,오락/여가,20254,11140,11140540,20,21,0,0,1,0.0,0.0,4635
중구,회현동,외식/F&B,20254,11140,11140540,524,668,18,16,144,0.03435114503816794,0.030534351145038167,4635
중구,회현동,의료/건강,20254,11140,11140540,118,120,1,1,2,0.00847457627118644,0.00847457627118644,4635
중구,회현동,자동차/이동수단,20254,11140,11140540,7,7,0,0,0,0.0,0.0,4635
중구,회현동,전문서비스,20254,11140,11140540,36,36,0,0,0,0.0,0.0,4635
중구,회현동,전자/디지털,20254,11140,11140540,94,94,0,0,0,0.0,0.0,4635
중구,회현동,패션/뷰티,20254,11140,11140540,3065,3099,15,36,34,0.004893964110929853,0.011745513866231648,4635
중랑구,망우3동,교육,20254,11260,11260660,31,32,2,1,1,0.06451612903225806,0.03225806451612903,481
중랑구,망우3동,생활/홈인테리어,20254,11260,11260660,27,27,1,1,0,0.037037037037037035,0.037037037037037035,481
중랑구,망우3동,생활서비스,20254,11260,11260660,116,118,2,5,2,0.017241379310344827,0.04310344827586207,481
중랑구,망우3동,숙박/부동산,20254,11260,11260660,30,30,0,1,0,0.0,0.03333333333333333,481
중랑구,망우3동,식품/식재료,20254,11260,11260660,53,66,0,4,13,0.0,0.07547169811320754,481
중랑구,망우3동,오락/여가,20254,11260,11260660,11,11,0,0,0,0.0,0.0,481
중랑구,망우3동,외식/F&B,20254,11260,11260660,99,118,2,1,19,0.020202020202020204,0.010101010101010102,481
중랑구,망우3동,의료/건강,20254,11260,11260660,27,28,0,0,1,0.0,0.0,481
중랑구,망우3동,자동차/이동수단,20254,11260,11260660,8,8,0,0,0,0.0,0.0,481
중랑구,망우3동,전문서비스,20254,11260,11260660,1,1,0,0,0,0.0,0.0,481
중랑구,망우3동,전자/디지털,20254,11260,11260660,35,36,0,2,1,0.0,0.05714285714285714,481
중랑구,망우3동,패션/뷰티,20254,11260,11260660,43,43,1,0,0,0.023255813953488372,0.0,481
중랑구,망우본동,교육,20254,11260,11260655,125,141,3,1,16,0.024,0.008,1856
중랑구,망우본동,생활/홈인테리어,20254,11260,11260655,80,80,1,1,0,0.0125,0.0125,1856
중랑구,망우본동,생활서비스,20254,11260,11260655,308,328,3,3,20,0.00974025974025974,0.00974025974025974,1856
중랑구,망우본동,숙박/부동산,20254,11260,11260655,104,104,0,3,0,0.0,0.028846153846153848,1856
중랑구,망우본동,식품/식재료,20254,11260,11260655,209,247,5,8,38,0.023923444976076555,0.03827751196172249,1856
중랑구,망우본동,오락/여가,20254,11260,11260655,97,103,9,3,6,0.09278350515463918,0.030927835051546393,1856
중랑구,망우본동,외식/F&B,20254,11260,11260655,477,609,26,18,132,0.05450733752620545,0.03773584905660377,1856
중랑구,망우본동,의료/건강,20254,11260,11260655,133,135,1,1,2,0.007518796992481203,0.007518796992481203,1856
중랑구,망우본동,자동차/이동수단,20254,11260,11260655,21,21,0,0,0,0.0,0.0,1856
중랑구,망우본동,전문서비스,20254,11260,11260655,13,13,0,0,0,0.0,0.0,1856
중랑구,망우본동,전자/디지털,20254,11260,11260655,120,121,1,4,1,0.008333333333333333,0.03333333333333333,1856
중랑구,망우본동,패션/뷰티,20254,11260,11260655,169,177,2,3,8,0.011834319526627219,0.01775147928994083,1856
중랑구,면목2동,교육,20254,11260,11260520,57,62,0,0,5,0.0,0.0,1039
중랑구,면목2동,생활/홈인테리어,20254,11260,11260520,52,52,0,0,0,0.0,0.0,1039
중랑구,면목2동,생활서비스,20254,11260,11260520,198,203,1,1,5,0.005050505050505051,0.005050505050505051,1039
중랑구,면목2동,숙박/부동산,20254,11260,11260520,50,50,0,1,0,0.0,0.02,1039
중랑구,면목2동,식품/식재료,20254,11260,11260520,101,124,5,1,23,0.04950495049504951,0.009900990099009901,1039
중랑구,면목2동,오락/여가,20254,11260,11260520,45,46,5,2,1,0.1111111111111111,0.044444444444444446,1039
중랑구,면목2동,외식/F&B,20254,11260,11260520,281,315,13,11,34,0.046263345195729534,0.03914590747330961,1039
중랑구,면목2동,의료/건강,20254,11260,11260520,57,58,0,1,1,0.0,0.017543859649122806,1039
중랑구,면목2동,자동차/이동수단,20254,11260,11260520,24,24,0,0,0,0.0,0.0,1039
중랑구,면목2동,전문서비스,20254,11260,11260520,4,4,0,0,0,0.0,0.0,1039
중랑구,면목2동,전자/디지털,20254,11260,11260520,79,79,0,1,0,0.0,0.012658227848101266,1039
중랑구,면목2동,패션/뷰티,20254,11260,11260520,91,92,4,4,1,0.04395604395604396,0.04395604395604396,1039
중랑구,면목3?8동,교육,20254,11260,11260575,63,66,1,3,3,0.015873015873015872,0.047619047619047616,1261
중랑구,면목3?8동,생활/홈인테리어,20254,11260,11260575,45,45,2,1,0,0.044444444444444446,0.022222222222222223,1261
중랑구,면목3?8동,생활서비스,20254,11260,11260575,216,223,6,3,7,0.027777777777777776,0.013888888888888888,1261
중랑구,면목3?8동,숙박/부동산,20254,11260,11260575,84,84,0,0,0,0.0,0.0,1261
중랑구,면목3?8동,식품/식재료,20254,11260,11260575,102,122,0,4,20,0.0,0.0392156862745098,1261
중랑구,면목3?8동,오락/여가,20254,11260,11260575,86,88,2,4,2,0.023255813953488372,0.046511627906976744,1261
중랑구,면목3?8동,외식/F&B,20254,11260,11260575,364,446,18,18,82,0.04945054945054945,0.04945054945054945,1261
중랑구,면목3?8동,의료/건강,20254,11260,11260575,80,81,2,1,1,0.025,0.0125,1261
중랑구,면목3?8동,자동차/이동수단,20254,11260,11260575,5,5,0,0,0,0.0,0.0,1261
중랑구,면목3?8동,전문서비스,20254,11260,11260575,10,10,0,0,0,0.0,0.0,1261
중랑구,면목3?8동,전자/디지털,20254,11260,11260575,82,82,1,3,0,0.012195121951219513,0.036585365853658534,1261
중랑구,면목3?8동,패션/뷰티,20254,11260,11260575,124,131,2,5,7,0.016129032258064516,0.04032258064516129,1261
중랑구,면목4동,교육,20254,11260,11260540,50,58,0,0,8,0.0,0.0,508
중랑구,면목4동,생활/홈인테리어,20254,11260,11260540,18,18,1,1,0,0.05555555555555555,0.05555555555555555,508
중랑구,면목4동,생활서비스,20254,11260,11260540,115,116,0,1,1,0.0,0.008695652173913044,508
중랑구,면목4동,숙박/부동산,20254,11260,11260540,39,39,0,2,0,0.0,0.05128205128205128,508
중랑구,면목4동,식품/식재료,20254,11260,11260540,51,65,1,0,14,0.0196078431372549,0.0,508
중랑구,면목4동,오락/여가,20254,11260,11260540,18,18,0,0,0,0.0,0.0,508
중랑구,면목4동,외식/F&B,20254,11260,11260540,107,125,5,6,18,0.04672897196261682,0.056074766355140186,508
중랑구,면목4동,의료/건강,20254,11260,11260540,15,16,0,0,1,0.0,0.0,508
중랑구,면목4동,자동차/이동수단,20254,11260,11260540,11,11,0,0,0,0.0,0.0,508
중랑구,면목4동,전문서비스,20254,11260,11260540,9,9,0,1,0,0.0,0.1111111111111111,508
중랑구,면목4동,전자/디지털,20254,11260,11260540,35,35,1,1,0,0.02857142857142857,0.02857142857142857,508
중랑구,면목4동,패션/뷰티,20254,11260,11260540,40,41,0,0,1,0.0,0.0,508
중랑구,면목5동,교육,20254,11260,11260550,23,30,0,1,7,0.0,0.043478260869565216,422
중랑구,면목5동,생활/홈인테리어,20254,11260,11260550,26,26,1,0,0,0.038461538461538464,0.0,422
중랑구,면목5동,생활서비스,20254,11260,11260550,99,106,2,1,7,0.020202020202020204,0.010101010101010102,422
중랑구,면목5동,숙박/부동산,20254,11260,11260550,44,44,0,2,0,0.0,0.045454545454545456,422
중랑구,면목5동,식품/식재료,20254,11260,11260550,39,49,2,3,10,0.05128205128205128,0.07692307692307693,422
중랑구,면목5동,오락/여가,20254,11260,11260550,15,15,0,0,0,0.0,0.0,422
중랑구,면목5동,외식/F&B,20254,11260,11260550,86,101,3,4,15,0.03488372093023256,0.046511627906976744,422
중랑구,면목5동,의료/건강,20254,11260,11260550,14,14,0,0,0,0.0,0.0,422
중랑구,면목5동,자동차/이동수단,20254,11260,11260550,16,16,0,0,0,0.0,0.0,422
중랑구,면목5동,전문서비스,20254,11260,11260550,1,1,0,0,0,0.0,0.0,422
중랑구,면목5동,전자/디지털,20254,11260,11260550,30,30,0,1,0,0.0,0.03333333333333333,422
중랑구,면목5동,패션/뷰티,20254,11260,11260550,29,30,0,0,1,0.0,0.0,422
중랑구,면목7동,교육,20254,11260,11260570,48,50,1,1,2,0.020833333333333332,0.020833333333333332,891
중랑구,면목7동,생활/홈인테리어,20254,11260,11260570,43,43,1,0,0,0.023255813953488372,0.0,891
중랑구,면목7동,생활서비스,20254,11260,11260570,162,167,0,4,5,0.0,0.024691358024691357,891
중랑구,면목7동,숙박/부동산,20254,11260,11260570,57,57,0,0,0,0.0,0.0,891
중랑구,면목7동,식품/식재료,20254,11260,11260570,100,119,3,3,19,0.03,0.03,891
중랑구,면목7동,오락/여가,20254,11260,11260570,39,41,1,0,2,0.02564102564102564,0.0,891
중랑구,면목7동,외식/F&B,20254,11260,11260570,205,237,2,9,32,0.00975609756097561,0.04390243902439024,891
중랑구,면목7동,의료/건강,20254,11260,11260570,79,82,0,0,3,0.0,0.0,891
중랑구,면목7동,자동차/이동수단,20254,11260,11260570,5,5,0,0,0,0.0,0.0,891
중랑구,면목7동,전문서비스,20254,11260,11260570,8,8,0,0,0,0.0,0.0,891
중랑구,면목7동,전자/디지털,20254,11260,11260570,49,49,1,0,0,0.02040816326530612,0.0,891
중랑구,면목7동,패션/뷰티,20254,11260,11260570,96,98,1,2,2,0.010416666666666666,0.020833333333333332,891
중랑구,면목본동,교육,20254,11260,11260565,79,81,1,3,2,0.012658227848101266,0.0379746835443038,1510
중랑구,면목본동,생활/홈인테리어,20254,11260,11260565,65,65,3,2,0,0.046153846153846156,0.03076923076923077,1510
중랑구,면목본동,생활서비스,20254,11260,11260565,245,254,3,4,9,0.012244897959183673,0.0163265306122449,1510
중랑구,면목본동,숙박/부동산,20254,11260,11260565,102,102,0,2,0,0.0,0.0196078431372549,1510
중랑구,면목본동,식품/식재료,20254,11260,11260565,190,217,6,4,27,0.031578947368421054,0.021052631578947368,1510
중랑구,면목본동,오락/여가,20254,11260,11260565,62,64,4,2,2,0.06451612903225806,0.03225806451612903,1510
중랑구,면목본동,외식/F&B,20254,11260,11260565,376,451,15,10,75,0.0398936170212766,0.026595744680851064,1510
중랑구,면목본동,의료/건강,20254,11260,11260565,118,121,4,1,3,0.03389830508474576,0.00847457627118644,1510
중랑구,면목본동,자동차/이동수단,20254,11260,11260565,14,14,0,0,0,0.0,0.0,1510
중랑구,면목본동,전문서비스,20254,11260,11260565,8,8,0,0,0,0.0,0.0,1510
중랑구,면목본동,전자/디지털,20254,11260,11260565,103,103,0,2,0,0.0,0.019417475728155338,1510
중랑구,면목본동,패션/뷰티,20254,11260,11260565,148,151,1,9,3,0.006756756756756757,0.060810810810810814,1510
중랑구,묵1동,교육,20254,11260,11260620,107,110,1,1,3,0.009345794392523364,0.009345794392523364,1005
중랑구,묵1동,생활/홈인테리어,20254,11260,11260620,52,52,2,2,0,0.038461538461538464,0.038461538461538464,1005
중랑구,묵1동,생활서비스,20254,11260,11260620,184,192,1,0,8,0.005434782608695652,0.0,1005
중랑구,묵1동,숙박/부동산,20254,11260,11260620,81,81,0,1,0,0.0,0.012345679012345678,1005
중랑구,묵1동,식품/식재료,20254,11260,11260620,79,102,4,3,23,0.05063291139240506,0.0379746835443038,1005
중랑구,묵1동,오락/여가,20254,11260,11260620,52,58,5,0,6,0.09615384615384616,0.0,1005
중랑구,묵1동,외식/F&B,20254,11260,11260620,204,271,10,13,67,0.049019607843137254,0.06372549019607843,1005
중랑구,묵1동,의료/건강,20254,11260,11260620,57,60,0,1,3,0.0,0.017543859649122806,1005
중랑구,묵1동,자동차/이동수단,20254,11260,11260620,10,10,0,0,0,0.0,0.0,1005
중랑구,묵1동,전문서비스,20254,11260,11260620,9,9,0,0,0,0.0,0.0,1005
중랑구,묵1동,전자/디지털,20254,11260,11260620,98,98,2,0,0,0.02040816326530612,0.0,1005
중랑구,묵1동,패션/뷰티,20254,11260,11260620,72,74,0,5,2,0.0,0.06944444444444445,1005
중랑구,묵2동,교육,20254,11260,11260630,49,50,1,1,1,0.02040816326530612,0.02040816326530612,874
중랑구,묵2동,생활/홈인테리어,20254,11260,11260630,57,57,3,1,0,0.05263157894736842,0.017543859649122806,874
중랑구,묵2동,생활서비스,20254,11260,11260630,176,179,2,4,3,0.011363636363636364,0.022727272727272728,874
중랑구,묵2동,숙박/부동산,20254,11260,11260630,56,56,0,4,0,0.0,0.07142857142857142,874
중랑구,묵2동,식품/식재료,20254,11260,11260630,62,78,0,1,16,0.0,0.016129032258064516,874
중랑구,묵2동,오락/여가,20254,11260,11260630,53,53,1,0,0,0.018867924528301886,0.0,874
중랑구,묵2동,외식/F&B,20254,11260,11260630,219,261,9,7,42,0.0410958904109589,0.0319634703196347,874
중랑구,묵2동,의료/건강,20254,11260,11260630,47,49,0,0,2,0.0,0.0,874
중랑구,묵2동,자동차/이동수단,20254,11260,11260630,15,15,0,0,0,0.0,0.0,874
중랑구,묵2동,전문서비스,20254,11260,11260630,1,1,0,0,0,0.0,0.0,874
중랑구,묵2동,전자/디지털,20254,11260,11260630,70,70,0,1,0,0.0,0.014285714285714285,874
중랑구,묵2동,패션/뷰티,20254,11260,11260630,69,69,1,0,0,0.014492753623188406,0.0,874
중랑구,상봉1동,교육,20254,11260,11260580,70,76,0,0,6,0.0,0.0,789
중랑구,상봉1동,생활/홈인테리어,20254,11260,11260580,35,35,0,0,0,0.0,0.0,789
중랑구,상봉1동,생활서비스,20254,11260,11260580,141,151,2,0,10,0.014184397163120567,0.0,789
중랑구,상봉1동,숙박/부동산,20254,11260,11260580,30,30,0,0,0,0.0,0.0,789
중랑구,상봉1동,식품/식재료,20254,11260,11260580,77,96,2,2,19,0.025974025974025976,0.025974025974025976,789
중랑구,상봉1동,오락/여가,20254,11260,11260580,25,26,1,2,1,0.04,0.08,789
중랑구,상봉1동,외식/F&B,20254,11260,11260580,145,197,11,9,52,0.07586206896551724,0.06206896551724138,789
중랑구,상봉1동,의료/건강,20254,11260,11260580,45,45,2,1,0,0.044444444444444446,0.022222222222222223,789
중랑구,상봉1동,자동차/이동수단,20254,11260,11260580,5,5,0,0,0,0.0,0.0,789
중랑구,상봉1동,전문서비스,20254,11260,11260580,3,3,0,0,0,0.0,0.0,789
중랑구,상봉1동,전자/디지털,20254,11260,11260580,80,80,2,0,0,0.025,0.0,789
중랑구,상봉1동,패션/뷰티,20254,11260,11260580,133,144,2,8,11,0.015037593984962405,0.06015037593984962,789
중랑구,상봉2동,교육,20254,11260,11260590,61,64,2,1,3,0.03278688524590164,0.01639344262295082,1580
중랑구,상봉2동,생활/홈인테리어,20254,11260,11260590,46,46,1,0,0,0.021739130434782608,0.0,1580
중랑구,상봉2동,생활서비스,20254,11260,11260590,246,256,8,2,10,0.032520325203252036,0.008130081300813009,1580
중랑구,상봉2동,숙박/부동산,20254,11260,11260590,140,141,1,6,1,0.007142857142857143,0.04285714285714286,1580
중랑구,상봉2동,식품/식재료,20254,11260,11260590,80,117,1,4,37,0.0125,0.05,1580
중랑구,상봉2동,오락/여가,20254,11260,11260590,124,126,5,3,2,0.04032258064516129,0.024193548387096774,1580
중랑구,상봉2동,외식/F&B,20254,11260,11260590,505,620,11,23,115,0.02178217821782178,0.04554455445544554,1580
중랑구,상봉2동,의료/건강,20254,11260,11260590,92,93,0,4,1,0.0,0.043478260869565216,1580
중랑구,상봉2동,자동차/이동수단,20254,11260,11260590,27,27,0,0,0,0.0,0.0,1580
중랑구,상봉2동,전문서비스,20254,11260,11260590,21,21,0,2,0,0.0,0.09523809523809523,1580
중랑구,상봉2동,전자/디지털,20254,11260,11260590,107,107,1,3,0,0.009345794392523364,0.028037383177570093,1580
중랑구,상봉2동,패션/뷰티,20254,11260,11260590,131,135,3,1,4,0.022900763358778626,0.007633587786259542,1580
중랑구,신내1동,교육,20254,11260,11260680,159,174,3,1,15,0.018867924528301886,0.006289308176100629,1181
중랑구,신내1동,생활/홈인테리어,20254,11260,11260680,55,55,1,0,0,0.01818181818181818,0.0,1181
중랑구,신내1동,생활서비스,20254,11260,11260680,193,203,1,3,10,0.0051813471502590676,0.015544041450777202,1181
중랑구,신내1동,숙박/부동산,20254,11260,11260680,52,52,0,1,0,0.0,0.019230769230769232,1181
중랑구,신내1동,식품/식재료,20254,11260,11260680,110,137,3,2,27,0.02727272727272727,0.01818181818181818,1181
중랑구,신내1동,오락/여가,20254,11260,11260680,56,62,5,4,6,0.08928571428571429,0.07142857142857142,1181
중랑구,신내1동,외식/F&B,20254,11260,11260680,244,338,8,9,94,0.03278688524590164,0.036885245901639344,1181
중랑구,신내1동,의료/건강,20254,11260,11260680,77,78,1,0,1,0.012987012987012988,0.0,1181
중랑구,신내1동,자동차/이동수단,20254,11260,11260680,20,20,0,0,0,0.0,0.0,1181
중랑구,신내1동,전문서비스,20254,11260,11260680,9,9,0,0,0,0.0,0.0,1181
중랑구,신내1동,전자/디지털,20254,11260,11260680,92,93,1,2,1,0.010869565217391304,0.021739130434782608,1181
중랑구,신내1동,패션/뷰티,20254,11260,11260680,114,118,2,1,4,0.017543859649122806,0.008771929824561403,1181
중랑구,신내2동,교육,20254,11260,11260690,102,116,0,1,14,0.0,0.00980392156862745,654
중랑구,신내2동,생활/홈인테리어,20254,11260,11260690,23,23,1,1,0,0.043478260869565216,0.043478260869565216,654
중랑구,신내2동,생활서비스,20254,11260,11260690,114,125,1,2,11,0.008771929824561403,0.017543859649122806,654
중랑구,신내2동,숙박/부동산,20254,11260,11260690,42,42,0,0,0,0.0,0.0,654
중랑구,신내2동,식품/식재료,20254,11260,11260690,43,54,0,0,11,0.0,0.0,654
중랑구,신내2동,오락/여가,20254,11260,11260690,19,19,0,0,0,0.0,0.0,654
중랑구,신내2동,외식/F&B,20254,11260,11260690,92,134,3,5,42,0.03260869565217391,0.05434782608695652,654
중랑구,신내2동,의료/건강,20254,11260,11260690,51,52,0,1,1,0.0,0.0196078431372549,654
중랑구,신내2동,자동차/이동수단,20254,11260,11260690,4,4,0,0,0,0.0,0.0,654
중랑구,신내2동,전문서비스,20254,11260,11260690,7,7,0,0,0,0.0,0.0,654
중랑구,신내2동,전자/디지털,20254,11260,11260690,98,98,0,2,0,0.0,0.02040816326530612,654
중랑구,신내2동,패션/뷰티,20254,11260,11260690,59,62,3,4,3,0.05084745762711865,0.06779661016949153,654
중랑구,중화1동,교육,20254,11260,11260600,72,76,3,0,4,0.041666666666666664,0.0,580
중랑구,중화1동,생활/홈인테리어,20254,11260,11260600,29,29,0,0,0,0.0,0.0,580
중랑구,중화1동,생활서비스,20254,11260,11260600,137,141,3,1,4,0.021897810218978103,0.0072992700729927005,580
중랑구,중화1동,숙박/부동산,20254,11260,11260600,39,39,0,0,0,0.0,0.0,580
중랑구,중화1동,식품/식재료,20254,11260,11260600,53,76,1,4,23,0.018867924528301886,0.07547169811320754,580
중랑구,중화1동,오락/여가,20254,11260,11260600,7,8,1,1,1,0.14285714285714285,0.14285714285714285,580
중랑구,중화1동,외식/F&B,20254,11260,11260600,83,100,5,9,17,0.060240963855421686,0.10843373493975904,580
중랑구,중화1동,의료/건강,20254,11260,11260600,37,37,0,0,0,0.0,0.0,580
중랑구,중화1동,자동차/이동수단,20254,11260,11260600,12,12,0,0,0,0.0,0.0,580
중랑구,중화1동,전문서비스,20254,11260,11260600,5,5,0,0,0,0.0,0.0,580
중랑구,중화1동,전자/디지털,20254,11260,11260600,54,54,0,2,0,0.0,0.037037037037037035,580
중랑구,중화1동,패션/뷰티,20254,11260,11260600,52,52,0,2,0,0.0,0.038461538461538464,580
중랑구,중화2동,교육,20254,11260,11260610,37,38,1,1,1,0.02702702702702703,0.02702702702702703,1154
중랑구,중화2동,생활/홈인테리어,20254,11260,11260610,67,67,3,1,0,0.04477611940298507,0.014925373134328358,1154
중랑구,중화2동,생활서비스,20254,11260,11260610,181,187,3,2,6,0.016574585635359115,0.011049723756906077,1154
중랑구,중화2동,숙박/부동산,20254,11260,11260610,55,55,0,0,0,0.0,0.0,1154
중랑구,중화2동,식품/식재료,20254,11260,11260610,116,141,5,1,25,0.04310344827586207,0.008620689655172414,1154
중랑구,중화2동,오락/여가,20254,11260,11260610,71,71,4,2,0,0.056338028169014086,0.028169014084507043,1154
중랑구,중화2동,외식/F&B,20254,11260,11260610,331,395,15,22,64,0.045317220543806644,0.06646525679758308,1154
중랑구,중화2동,의료/건강,20254,11260,11260610,69,69,0,0,0,0.0,0.0,1154
중랑구,중화2동,자동차/이동수단,20254,11260,11260610,20,20,0,0,0,0.0,0.0,1154
중랑구,중화2동,전문서비스,20254,11260,11260610,11,11,0,0,0,0.0,0.0,1154
중랑구,중화2동,전자/디지털,20254,11260,11260610,87,87,0,0,0,0.0,0.0,1154
중랑구,중화2동,패션/뷰티,20254,11260,11260610,109,109,1,1,0,0.009174311926605505,0.009174311926605505,1154
