기준_년분기_코드,행정동_코드,행정동_코드_명,총_유동인구_수,남성_유동인구_수,여성_유동인구_수,연령대_10_유동인구_수,연령대_20_유동인구_수,연령대_30_유동인구_수,연령대_40_유동인구_수,연령대_50_유동인구_수,연령대_60_이상_유동인구_수,시간대_00_06_유동인구_수,시간대_06_11_유동인구_수,시간대_11_14_유동인구_수,시간대_14_17_유동인구_수,시간대_17_21_유동인구_수,시간대_21_24_유동인구_수,월요일_유동인구_수,화요일_유동인구_수,수요일_유동인구_수,목요일_유동인구_수,금요일_유동인구_수,토요일_유동인구_수,일요일_유동인구_수
20254,11740700,둔촌2동,6419131,2978649,3440482,1227181,725811,959328,1018460,933755,1554597,1780050,1362418,725131,701540,1000801,849191,917060,910329,918759,909647,912575,910150,940610
20254,11740690,둔촌1동,29398,13580,15819,6767,2325,4159,5594,3731,6824,8242,6294,3270,3184,4561,3847,4120,4125,4147,4149,4183,4284,4391
20254,11740685,길동,18073434,8191172,9882261,2453568,2170829,2912958,2965881,2847212,4722988,4847566,3640353,2064324,2076482,3011274,2433431,2550715,2551044,2557744,2563428,2573696,2624616,2652190
20254,11740660,성내3동,6724834,3130366,3594470,949374,868523,1106224,1173101,1035931,1591682,1872198,1357328,759617,753513,1088420,893759,940667,939624,952218,949311,958856,979267,1004890
20254,11740650,성내2동,8151201,3790361,4360842,1125335,1085573,1470237,1283687,1175091,2011277,2267994,1649461,890040,908677,1348054,1086976,1139218,1126725,1136576,1141519,1147579,1219143,1240443
20254,11740640,성내1동,5545995,2509493,3036500,994391,611584,855915,944137,868997,1270971,1437345,1161304,693244,676271,890683,687147,804647,802529,810679,807379,805067,753642,762050
20254,11740620,천호3동,7473454,3508030,3965423,919586,1130735,1409241,1150274,1089443,1774174,2141985,1529259,801018,796201,1185626,1019365,1043966,1036107,1045765,1053628,1054428,1106826,1132733
20254,11740610,천호2동,10996301,5186499,5809801,1380439,1357854,1922051,1804050,1740536,2791372,2877023,2230403,1284488,1315449,1848834,1440104,1537445,1534376,1545847,1554091,1565378,1623378,1635785
20254,11740600,천호1동,10130717,4728455,5402261,1687576,1082291,1492087,1702581,1565714,2600466,2874385,2100123,1114619,1113413,1584291,1343884,1443354,1434449,1432069,1438594,1431181,1457341,1493729
20254,11740590,암사3동,1711324,810207,901117,411870,162319,230028,287657,245405,374045,476863,385666,191212,180107,253737,223738,245891,245846,247422,245784,246508,238436,241439
20254,11740580,암사2동,2217375,1042290,1175086,317259,257399,392158,387332,357288,505940,605739,446308,244744,252492,372641,295452,308801,305078,308261,309842,316206,335218,333968
20254,11740570,암사1동,8439282,3956819,4482464,1369146,907537,1257121,1436917,1361856,2106706,2417706,1706247,885361,894704,1372820,1162446,1181557,1172059,1168464,1180886,1177349,1256303,1302667
20254,11740560,고덕2동,2181579,1025614,1155965,508412,190214,317037,426971,269620,469324,560194,477869,261357,253042,350571,278546,312726,312076,311253,312278,311886,310559,310802
20254,11740550,고덕1동,3486664,1721515,1765148,1254947,238782,324902,657249,398979,611805,999590,743410,379117,377208,526855,460484,496130,496496,496738,499350,496777,497751,503423
20254,11740540,명일2동,2082565,979334,1103231,630850,191282,195015,341196,269266,454956,536547,427598,246894,251701,358976,260849,299624,302180,299162,296364,300271,297032,287932
20254,11740530,명일1동,4587453,2052953,2534499,896175,424606,574736,796193,667876,1227869,1109304,934386,562253,555010,830649,595851,629832,632090,648355,637489,644447,677417,717824
20254,11740520,상일동,3418270,1572252,1846019,755944,285311,472428,709094,463631,731862,912202,707651,388798,387935,567540,454145,488052,486070,489958,490687,490531,485696,487279
20254,11740515,강일동,3477111,1632455,1844656,838069,298090,443277,640155,490489,767030,1013468,747992,366523,351190,518935,479002,500486,497320,493344,490865,490902,494122,510072
20254,11710720,잠실7동,708799,311710,397089,115733,86361,108557,124328,109112,164708,186414,162423,89322,83630,102339,84671,101937,102665,101599,101753,101246,98360,101240
20254,11710710,잠실6동,2279811,1067090,1212722,346879,326645,415750,469479,322849,398209,375551,474272,366951,389025,442947,231066,332441,340126,346447,340104,337566,301805,281323
20254,11710690,잠실4동,2039053,945089,1093964,465762,229659,294516,392979,280529,375610,592096,442821,221329,221472,298099,263236,285949,290670,291398,293646,291891,293682,291816
20254,11710680,잠실3동,3450782,1505132,1945652,895234,388594,480457,643447,448101,594949,744007,691073,469398,494832,646669,404804,468673,473757,484794,495544,495081,525974,506959
20254,11710670,잠실2동,2284176,1049258,1234917,704160,212315,238908,471345,316097,341349,715418,479884,227906,228917,326534,305515,319438,317170,323576,322254,326698,336601,338439
20254,11710650,잠실본동,8098992,3823596,4275395,1221539,1241839,1579193,1480874,1136436,1439111,2071518,1584818,928463,965555,1457847,1090790,1115543,1115120,1131198,1144111,1166398,1226764,1199858
20254,11710647,위례동,3485208,1564048,1921161,1160965,270070,487913,683768,415001,467491,961497,690571,373504,394609,590513,474515,484548,483838,488977,490289,492097,519649,525809
20254,11710646,장지동,7312004,3413094,3898910,1396982,807154,1264638,1241183,1052766,1549281,2047092,1563328,794380,787458,1146214,973531,1036846,1033384,1033058,1033205,1033164,1057378,1084968
20254,11710642,문정2동,2869130,1419249,1449882,291321,372969,635955,556963,441778,570145,647060,604787,405200,408224,478372,325487,425996,427568,433773,426726,425948,374765,354352
20254,11710641,문정1동,4166110,1988596,2177514,579259,576639,834942,730446,593866,850959,1122835,879953,499319,480191,652166,531646,604808,600790,603017,603590,601661,573117,579129
20254,11710632,가락2동,5650583,2618872,3031710,1030400,649797,853918,900479,868588,1347399,1528678,1175715,642892,645669,917740,739888,806665,799843,804836,804128,805056,809534,820522
20254,11710631,가락1동,722437,352545,369891,134227,60919,125766,141775,105139,154610,185750,150426,85485,85214,121401,94161,102378,102539,104446,104257,104359,104137,100320
20254,11710620,가락본동,8624496,4229126,4395371,1166781,1023507,1613837,1622475,1394900,1802995,2119578,1770289,1087306,1079402,1455374,1112548,1252486,1259498,1263126,1257270,1265654,1183854,1142610
20254,11710610,삼전동,6080619,2803799,3276821,924054,851328,1301419,1094205,793939,1115676,1769981,1237449,648102,650809,967009,807271,861540,853302,852921,864641,861971,888521,897725
20254,11710600,석촌동,6566484,3035980,3530504,912016,939287,1455041,1182708,861106,1216326,1752587,1333471,778339,765151,1080785,856152,915816,915827,927034,943337,944640,959265,960566
20254,11710590,송파2동,3129787,1386661,1743125,718416,329754,470842,517175,416366,677235,810814,673903,381909,369537,499598,394026,448780,448120,449297,450438,452139,440593,440421
20254,11710580,송파1동,5643356,2558768,3084586,672868,1006192,1300597,938994,731483,993223,1425780,1095234,678249,696711,1018693,728688,774233,776951,795523,803553,809274,852733,831088
20254,11710570,오금동,9885963,4589467,5296496,2048594,974104,1272987,1519493,1561969,2508817,2623804,2099348,1197454,1149342,1577335,1238680,1415950,1408279,1388526,1413241,1410235,1413723,1436007
20254,11710566,오륜동,760119,355325,404795,162579,86964,97439,134893,100938,177306,178536,164572,91549,94550,132257,98655,103591,103638,104327,106060,111916,114319,116266
20254,11710562,방이2동,6391059,3043633,3347425,722249,1257441,1491937,1102950,794156,1022324,1579644,1220057,751991,772354,1190107,876904,874407,886387,908080,912335,933229,962410,914211
20254,11710561,방이1동,3168269,1473142,1695127,853065,343488,406217,518449,420897,626152,682767,581023,379869,430207,691408,402995,446929,450847,445652,454554,456745,467420,446122
20254,11710550,마천2동,4686662,2263954,2422708,673490,445183,586117,663761,799744,1518368,1349032,941653,498943,508537,757581,630916,655787,647329,649870,655897,655392,698355,724032
20254,11710540,마천1동,2732721,1322486,1410235,466965,260208,330838,394873,484039,795798,829133,576151,272111,271017,409576,374732,382965,380163,374991,382387,381538,404708,425968
20254,11710532,거여2동,3583768,1611238,1972530,636504,325295,526085,584159,548337,963388,1098016,744521,365911,354677,532110,488534,509446,505279,504657,508855,509438,518429,527666
20254,11710531,거여1동,3344482,1588317,1756164,501450,352040,467779,521086,586234,915893,913963,683884,368624,370126,553497,454388,473833,469976,474768,470965,473095,487686,494157
20254,11710520,풍납2동,5207645,2376667,2830977,908117,587712,811288,883422,833848,1183258,1507119,1133361,570861,551773,764274,680257,748485,747866,750763,751854,747525,723587,737566
20254,11710510,풍납1동,4301974,1998344,2303631,581508,509826,678241,646065,696920,1189414,1225048,888415,463049,461133,683478,580852,605588,603643,604739,607642,609092,631697,639575
20254,11680750,수서동,2221559,1045355,1176204,309456,213059,338896,376693,323485,659972,441368,516519,333875,309670,365925,254202,339301,339960,335068,333281,331667,274886,267397
20254,11680740,일원2동,1332880,663534,669346,366129,109551,182591,271468,179159,223983,383837,288549,144004,140354,193764,182374,191030,192241,193970,193122,192068,182823,187626
20254,11680730,일원1동,2550279,1229593,1320687,352919,319849,421900,464206,374791,616614,679993,538122,297444,287718,411877,335126,365231,364384,367686,364756,364452,360219,363553
20254,11680720,일원본동,2494432,1209523,1284909,711007,187069,259984,454224,343490,538658,754640,547816,260553,236117,343949,351355,362392,361900,360573,358910,358114,340566,351973
20254,11680700,세곡동,3415133,1545712,1869421,871511,317800,492484,597832,425507,709998,945988,718545,376701,372987,542469,458443,485754,481547,480778,485515,485150,491379,505010
20254,11680690,개포4동,3295325,1540595,1754729,565525,350069,526892,603706,571343,677789,940816,706783,381271,370914,485425,410115,480444,474324,465153,479009,475027,456502,464866
20254,11680670,개포2동,2151296,966435,1184860,568721,174508,261087,395583,295896,455500,536809,466068,267789,258173,348570,273886,308614,310813,313885,309317,312886,307330,288450
20254,11680660,개포1동,2116394,940640,1175754,604723,148159,219879,420682,277503,445447,637410,455089,217863,209309,303351,293372,299630,297936,300090,298805,298039,301105,320788
20254,11680656,도곡2동,3804580,1710196,2094385,973841,337883,431935,808704,591545,660673,926276,803373,510485,499639,611957,452850,551115,554067,558152,552266,553348,522115,513516
20254,11680655,도곡1동,8887262,4180870,4706393,1891602,918100,1358527,1827520,1322596,1568918,2077185,1866812,1168248,1176448,1487807,1110763,1291157,1312514,1320601,1310308,1306186,1183836,1162662
20254,11680650,역삼2동,11909485,5633916,6275570,2442306,1641753,2106737,2588039,1710184,1420466,2599336,2621795,1767291,1751199,1884085,1285780,1793418,1821850,1834558,1792714,1775533,1478977,1412436
20254,11680640,역삼1동,19879130,10130217,9748913,1186367,4489130,5488291,4189328,2437882,2088131,3204860,4043022,3450925,3443501,3776193,1960630,3033972,3134767,3144882,3079555,3079220,2345975,2060758
20254,11680630,대치4동,9932591,4914425,5018166,2599232,1318749,1562508,1932081,1463560,1056461,1879498,1922641,1474759,1524388,2010779,1120526,1424704,1461214,1465356,1453274,1465277,1387236,1275529
20254,11680610,대치2동,6276201,3318807,2957394,1806487,685812,895487,1289663,843129,755623,1101410,1273245,982666,1046793,1234229,637857,932423,942073,934555,924967,924970,836105,781107
20254,11680600,대치1동,4343954,2073656,2270297,1802346,307126,271242,858792,582310,522136,1035178,844471,523728,581917,815217,543442,613236,617047,607081,618517,626463,645112,616496
20254,11680590,삼성2동,8719348,4264887,4454463,1421447,1162333,1684336,1954425,1316694,1180113,2052767,1900711,1220239,1207194,1354344,984094,1317666,1330486,1327886,1314189,1299991,1084107,1045023
20254,11680580,삼성1동,4923443,2453142,2470301,566473,702196,1071925,1089430,758379,735040,750684,1066274,887100,883544,885277,450566,727259,745361,764904,760936,747987,612433,564563
20254,11680565,청담동,9144809,4263760,4881049,1190406,1299668,1792724,1978862,1378689,1504458,1841638,1967480,1422594,1383126,1547996,981974,1303960,1359608,1372528,1361548,1378420,1254275,1114470
20254,11680545,압구정동,7378991,3335291,4043700,1013342,1203413,1444374,1523915,1026407,1167539,1218782,1401511,1245633,1277822,1466913,768331,1030824,1081377,1090318,1092542,1131790,1046169,905970
20254,11680531,논현2동,11457248,5670179,5787069,1140153,1866031,2770562,2547018,1575698,1557786,2198385,2359422,1863671,1861883,1987496,1186389,1740183,1795055,1802431,1764149,1734056,1375747,1245626
20254,11680521,논현1동,9197399,4403347,4794053,541465,1937425,2441222,1920599,1168544,1188146,1902050,1921242,1378404,1388616,1608291,998797,1370469,1399983,1399086,1385343,1395646,1171319,1075554
20254,11680510,신사동,6388755,2982056,3406699,724522,1146111,1378073,1343638,900384,896027,984065,1211887,1094313,1145359,1313436,639696,922877,957090,965113,954530,989196,867704,732245
20254,11650660,내곡동,2082697,1013030,1069667,670941,147039,245397,355059,244975,419285,579874,467837,240296,233849,297686,263155,300113,299286,296670,302888,299079,289034,295625
20254,11650652,양재2동,5553412,2900310,2653103,689269,720413,1182523,1124877,891588,944741,1243487,1202052,784593,762281,918319,642681,828237,832318,830824,827976,820837,714981,698241
20254,11650651,양재1동,8533228,4282330,4250900,1433754,1005093,1618819,1648868,1247278,1579416,1824173,1855817,1260501,1225389,1423051,944297,1289188,1303018,1296826,1287582,1261836,1049873,1044905
20254,11650621,방배4동,6684013,2961969,3722044,1253716,813550,993345,1257821,1039610,1325971,1602391,1383008,843812,851722,1161587,841492,962419,964983,958828,961048,975799,939955,920982
20254,11650620,방배3동,3408265,1579125,1829140,642463,442442,466145,586111,533666,737439,960129,772550,399706,372095,474475,429312,492281,500152,496437,498203,491107,462648,467437
20254,11650610,방배2동,4414785,2018137,2396647,673823,631868,728521,724949,656473,999151,1032128,892921,564037,558155,812869,554674,626485,628638,632282,636229,654178,639018,597955
20254,11650600,방배1동,4382975,2031701,2351275,815532,602910,747484,761782,627224,828044,1077045,904398,565884,562929,739523,533195,638433,642613,641031,645408,635356,597059,583076
20254,11650590,방배본동,4513220,2045771,2467450,1001509,461084,559886,853632,720419,916692,1210820,936715,530128,534859,725351,575346,642125,641088,645951,650664,650051,642716,640626
20254,11650581,반포4동,5249392,2417364,2832029,1471028,431480,599916,1089127,766718,891123,1282714,1062988,660512,698860,916321,627996,757264,761475,763798,767075,771167,731773,696839
20254,11650580,반포3동,3343985,1510967,1833019,803340,356829,400414,643271,552888,587242,754732,667783,429096,459140,619166,414066,455975,463734,480385,476878,489127,499036,478848
20254,11650570,반포2동,1854981,845735,1009246,532189,175430,215940,372948,274430,284045,388565,412610,267722,267100,317411,201573,261997,266150,269019,268337,269201,263620,256656
20254,11650560,반포1동,6731830,3245367,3486463,1122591,1045484,1346697,1424808,877587,914662,1657110,1403085,856978,865154,1128101,821402,962582,972677,980174,974681,987971,955431,898314
20254,11650550,반포본동,505033,284062,220971,93722,56565,71689,101669,93868,87522,84764,140382,78744,74596,77014,49532,74210,75208,77720,74498,76465,69371,57564
20254,11650540,잠원동,7130136,3374479,3755657,1280513,933792,1217758,1501554,1077965,1118554,1695410,1504898,943312,948437,1191034,847045,1037298,1047304,1043868,1040288,1056493,986652,918234
20254,11650531,서초4동,6412189,3044813,3367376,1115581,1165390,1154412,1252073,881705,843031,1250630,1286506,980006,995548,1185776,713725,945696,957571,965025,950556,988567,861500,743273
20254,11650530,서초3동,12120750,6038789,6081960,1585396,1849771,2317880,2407621,1966600,1993481,2383966,2637960,1910965,1856279,2064564,1267015,1797939,1850039,1856614,1833784,1814900,1498921,1468551
20254,11650520,서초2동,6961783,3482233,3479550,842053,1122212,1629194,1533765,974239,860319,1255434,1511446,1139672,1112585,1237636,705010,1073293,1096351,1098702,1075256,1077578,811299,729302
20254,11650510,서초1동,7451292,3599793,3851497,1009461,1109832,1342184,1464369,1192275,1333170,1561750,1613117,1098120,1085886,1274356,818061,1109441,1124665,1133515,1117195,1122055,957057,887366
20254,11620775,난곡동,5533851,2640096,2893754,795533,700096,859364,843328,846501,1489029,1634799,1163189,580323,566289,840904,748347,787555,779507,759942,778544,769889,809487,848926
20254,11620765,미성동,5242856,2386007,2856849,795242,736998,821325,808757,811125,1269411,1558651,1113374,562728,536788,776225,695090,752044,744229,735538,739198,735412,756284,780152
20254,11620745,삼성동,6766414,3438243,3328173,599305,1315690,1004705,944397,1003163,1899154,1936093,1376906,725633,714473,1083193,930117,964544,961291,947973,963132,955367,977455,996652
20254,11620735,대학동,6255851,3593798,2662054,524727,2067031,1240184,833066,688897,901947,1674482,1299226,713718,706485,1023591,838352,884965,883214,880263,893957,888244,907020,918191
20254,11620725,조원동,7951028,4021637,3929391,522253,1603169,1915467,1431673,1125231,1353236,1945913,1616875,997112,1011719,1363902,1015508,1144798,1152427,1158643,1158078,1151052,1098597,1087433
20254,11620715,난향동,1364163,650432,713730,286158,113782,159461,249345,235823,319594,357653,276067,159307,162269,231859,177008,195437,191087,188537,194123,192341,198281,204355
20254,11620695,신림동,9705273,5085408,4619864,434627,3352586,2498261,1310316,920421,1189063,2617193,1950052,1043946,1057758,1678037,1358287,1319007,1318502,1337461,1362512,1375954,1489529,1502309
20254,11620685,신사동,7229670,3428986,3800683,513466,1837462,1471700,1005908,962806,1438327,2147077,1544805,734499,714934,1095703,992652,1010911,1001043,1000366,1019622,1018565,1070704,1108458
20254,11620665,서림동,4937272,2677015,2260258,497382,1319966,980809,674220,616358,848534,1548381,1055412,486802,459933,711728,675015,695394,687293,671278,691506,686897,733169,771733
20254,11620655,신원동,5811278,2892184,2919093,521167,1417851,1273155,820319,703660,1075125,1688881,1195903,604831,591380,921506,808776,807275,796966,808238,817669,810496,866537,904096
20254,11620645,서원동,5052650,2546048,2506601,378154,1342097,1137063,686212,607873,901251,1453685,1032399,528987,522881,812795,701902,698824,693260,698998,711951,714010,759183,776425
20254,11620630,남현동,4081838,1954580,2127259,463194,749915,754356,587198,575325,951851,1127165,848632,437845,435713,681916,550568,565987,566939,567931,573626,581304,613533,612518
20254,11620625,인헌동,5816345,2708312,3108033,664253,1348634,1169449,826055,724208,1083747,1678112,1218725,597223,586022,922465,813799,816581,810064,808046,825830,821399,853408,881018
20254,11620615,중앙동,5027349,2351271,2676079,389784,1345180,1113628,672404,601878,904472,1430331,1034445,543743,537803,813167,667858,699567,697254,698426,708429,708820,754731,760121
20254,11620605,은천동,8324370,3976046,4348325,1189298,1460128,1510905,1256602,1180488,1726951,2342323,1674585,895194,902369,1380081,1129815,1167138,1151449,1155369,1169438,1169405,1241057,1270512
20254,11620595,청룡동,10714058,5185870,5528187,972193,3183910,2187529,1392250,1225876,1752299,3129809,2234381,1112385,1089230,1680200,1468053,1496125,1487296,1490927,1516149,1514415,1583349,1625798
20254,11620585,낙성대동,5828945,2870153,2958793,603576,1954958,1207464,700079,584630,778238,1416028,1126472,673730,687737,1116039,808940,795162,804084,812365,828656,840783,883235,864658
20254,11620575,행운동,7323276,3453271,3870005,838981,1755438,1558967,972336,865932,1331621,2149282,1552163,775303,754764,1110016,981749,1028669,1020944,1015911,1037320,1036037,1079769,1104625
20254,11620565,성현동,4467630,2050848,2416783,796518,554546,683182,754936,678253,1000197,1306328,920614,455973,466756,705616,612342,630027,616678,616011,622978,626194,665620,690119
20254,11620545,청림동,3114488,1477983,1636505,572185,365958,480490,518772,455014,722067,949788,640233,303682,304364,477160,439260,437113,435443,432723,436066,435322,460867,476952
20254,11620525,보라매동,3627463,1755880,1871581,345124,728280,722380,567445,510588,753646,928716,784683,431582,427381,591336,463763,514564,512386,510376,516413,512917,523491,537316
20254,11590680,신대방2동,5128366,2378230,2750137,743020,835610,928576,866794,719169,1035200,1366404,1082772,618877,606132,804245,649937,735605,734421,731021,739421,727728,720576,739592
20254,11590670,신대방1동,3681061,1724096,1956967,492926,590671,641540,585327,586367,784231,1038850,784542,402145,391342,577337,486847,516313,514173,517965,520458,517832,537044,557278
20254,11590660,대방동,7469075,3519625,3949450,1229236,1343931,1224044,1172250,1120729,1378884,2127192,1573987,801377,782400,1160289,1023830,1062667,1057874,1057463,1064511,1059424,1075521,1091616
20254,11590651,사당5동,3163340,1470525,1692815,539184,436995,536048,522165,428808,700141,867051,679417,355139,341168,501551,419018,450508,445358,445888,449779,446077,458083,467648
20254,11590650,사당4동,3908432,1807771,2100661,503242,613476,734562,599362,553454,904335,1157582,797939,393834,402012,618612,538454,545148,537943,538816,547728,546568,584102,608125
20254,11590640,사당3동,5263167,2435943,2827225,841769,647788,847367,831233,771256,1323756,1565615,1089431,532373,530423,812220,733106,746894,734309,729906,742579,739530,775372,794578
20254,11590630,사당2동,7211700,3326052,3885649,1232048,945746,1097019,1132731,1080766,1723390,1787148,1429470,830974,878608,1316166,969336,1005191,1004648,1017844,1019193,1037348,1077294,1050184
20254,11590620,사당1동,6430891,3037506,3393384,610307,1363712,1353973,961528,845074,1296299,1695669,1294649,706601,701779,1149335,882858,896255,900774,906357,917998,944501,954800,910203
20254,11590605,흑석동,5620853,2557744,3063110,897841,1383598,707678,797783,757007,1076946,1450289,1205370,704628,676230,882748,701587,815647,820550,827160,819961,806169,775018,756349
20254,11590560,상도4동,5457795,2441044,3016751,881922,743193,906467,886711,795249,1244253,1721127,1144801,537132,510760,787793,756183,772561,763632,762604,769019,765872,798300,825806
20254,11590550,상도3동,4609530,2092191,2517339,614555,735946,787423,672993,670855,1127760,1385137,937936,458836,460072,721671,645878,647157,637488,631326,646615,639463,690580,716901
20254,11590540,상도2동,4840103,2199921,2640182,941128,703348,727834,793626,705755,968414,1293212,1016410,556684,553085,782792,637921,697025,695118,691912,695124,694344,687071,679509
20254,11590530,상도1동,7813248,3717012,4096236,1163022,2249674,1001900,976528,941663,1480463,2110445,1597649,893103,897141,1296328,1018582,1103173,1104872,1106739,1118642,1099614,1139363,1140842
20254,11590520,노량진2동,2753677,1386268,1367409,202817,635581,532545,381434,398987,602315,708922,582550,324643,324476,467938,345147,389062,390745,391841,395298,398930,401361,386442
20254,11590510,노량진1동,6164302,3174870,2989432,644325,1857233,1190079,791573,701865,979229,1577742,1292080,720145,734000,1056487,783849,864846,868128,871983,878768,882285,908957,889335
20254,11560720,대림3동,6507885,3149476,3358409,554158,801490,1120296,1119062,1228017,1684860,1594616,1319657,781016,797412,1155755,859430,918918,915585,914574,918112,919452,949248,971994
20254,11560710,대림2동,4567025,2260094,2306932,321311,538889,800854,822881,929035,1154057,1210878,908073,525277,531952,779058,611787,641763,634137,631979,632810,634610,672201,719525
20254,11560700,대림1동,4170592,1952366,2218225,412318,491889,600550,696603,800122,1169109,1154513,841615,462451,463800,683713,564500,587875,577727,582354,580513,580549,611154,650418
20254,11560690,신길7동,3671364,1691954,1979409,732007,500519,605714,604335,530090,698700,920480,770518,429873,436062,638106,476326,517088,516071,518164,521722,523384,538865,536071
20254,11560680,신길6동,5716384,2612110,3104274,953303,797260,993447,915473,832782,1224119,1578072,1194947,636369,623698,928284,755014,815864,811346,813714,810899,814653,823687,826222
20254,11560670,신길5동,2984586,1403017,1581569,435052,304292,454029,510320,507465,773429,788811,634161,342625,331330,492853,394806,420850,416708,417756,417175,421251,436964,453882
20254,11560660,신길4동,2610643,1248756,1361887,310498,305731,423877,423793,413325,733417,792939,529320,260987,262692,401503,363200,368932,362726,360974,366675,365197,385885,400255
20254,11560650,신길3동,6167849,2984532,3183315,1021493,687943,961838,934022,987149,1575405,1752543,1235071,652817,662968,1012693,851757,870688,859265,858122,867552,866073,909002,937150
20254,11560630,신길1동,5574870,2735731,2839139,647239,883554,1001219,843316,847830,1351712,1567755,1189444,613304,598172,868762,737433,792274,784967,780944,791879,791347,806654,826806
20254,11560620,양평2동,4447422,2199988,2247434,563880,655741,1097155,853573,620076,656996,1176720,999851,552512,526184,644769,547386,658613,662635,666217,656784,653489,580703,568982
20254,11560610,양평1동,4532731,2165298,2367433,594541,688387,1065011,838749,621096,724948,1129826,996570,622587,590581,672631,520537,678679,674371,671769,669229,666799,584382,587499
20254,11560605,문래동,8882689,4302889,4579801,1324186,1207743,1732074,1720187,1299465,1599033,1688881,1815723,1297578,1339869,1712603,1028036,1266382,1273426,1305689,1296131,1317103,1248491,1175471
20254,11560585,도림동,5369227,2579931,2789297,662781,702635,986326,872374,848133,1296978,1587510,1093083,542321,542418,852336,751561,746265,733345,736522,746201,745653,809976,851266
20254,11560560,당산2동,9272229,4331120,4941110,1327463,1570427,2087368,1632284,1166876,1487811,2404431,2003314,1100865,1087882,1492359,1183376,1330535,1333249,1336187,1339684,1347671,1295527,1289377
20254,11560550,당산1동,6942751,3290758,3651993,616584,1227630,1635048,1196593,1000830,1266065,1556699,1450293,982762,971353,1179677,801967,1002335,1006333,1016765,1010033,1028354,961823,917106
20254,11560540,여의동,6337211,3232475,3104735,706964,853505,1354723,1423405,988103,1010511,1072381,1437173,1095350,1083959,1075193,573155,974000,1001727,1008745,986546,970099,711913,684182
20254,11560535,영등포동,11148410,5450780,5697631,849575,2319892,2729896,1890667,1498380,1860001,2185910,2207516,1657908,1742397,2105493,1249186,1537882,1565748,1596099,1606546,1649912,1657672,1534553
20254,11560515,영등포본동,6579464,3247744,3331720,862570,947295,1123065,1034169,1022675,1589689,1830596,1379192,723988,715543,1045481,884664,933461,923167,918024,928614,929976,964205,982018
20254,11545710,시흥5동,3363888,1595979,1767909,500506,368753,467114,516723,608630,902160,935492,667498,359919,369686,565441,465854,478393,472034,470132,476500,474710,491498,500624
20254,11545700,시흥4동,2078385,1001236,1077150,326719,202310,287482,324194,357465,580216,653957,434037,206381,201661,299609,282738,295237,290436,283442,291254,286786,306371,324859
20254,11545690,시흥3동,1264712,632283,632429,171319,125561,183901,205856,212420,365654,380729,278552,130310,122951,181099,171071,185141,182048,179974,179681,177763,177686,182419
20254,11545680,시흥2동,1431625,646188,785438,327312,114096,163662,219948,220376,386232,415018,293670,145958,150397,228013,198570,203389,200637,198015,200058,198804,210549,220172
20254,11545670,시흥1동,5294857,2566981,2727877,682404,648411,883232,837710,909050,1334050,1365483,1050600,628348,633497,917206,699724,752457,747780,748649,754156,757620,767764,766431
20254,11545640,독산4동,3697507,1794372,1903133,385396,448156,596329,585927,661051,1020645,1089295,746643,376560,374434,589563,521011,522838,513828,511842,520563,516090,544420,567923
20254,11545630,독산3동,4480108,2180267,2299840,483846,580166,789510,743602,735560,1147423,1224319,918860,500777,505180,734786,596185,634110,628751,623295,633733,630010,654341,675870
20254,11545620,독산2동,3059371,1469969,1589401,317660,368790,517877,479143,546483,829418,917594,620623,313037,313637,475229,419252,429677,423757,418477,427082,423195,455184,481997
20254,11545610,독산1동,5228155,2677114,2551040,623760,903383,1138993,842916,748606,970496,1388909,1118845,605945,599291,836552,678614,749270,744855,745820,750349,747991,739303,750567
20254,11545510,가산동,4748262,2596900,2151362,224940,1072185,1270820,860780,661169,658368,1110543,1044284,669200,647162,736378,540695,724194,724121,725047,717437,702481,572082,582899
20254,11530800,항동,970623,469466,501157,269772,70025,161886,197141,114139,157661,292452,200830,100956,98917,143789,133678,137717,138791,140276,139992,138760,137397,137689
20254,11530790,수궁동,1658436,758485,899951,296906,182874,205757,272587,272001,428311,449938,350385,180203,180252,273795,223862,235607,233613,233296,230177,230742,233888,261113
20254,11530780,오류2동,4889147,2251965,2637182,1005165,557075,712401,781995,693387,1139125,1453631,1017460,501528,497659,753030,665842,691059,687408,685223,695336,686892,709880,733351
20254,11530770,오류1동,4142141,1909725,2232418,566552,682097,727466,616109,598558,951362,1128990,817498,443083,462045,710340,580184,578440,572919,575232,583961,580913,619767,630908
20254,11530760,개봉3동,4465832,2118447,2347384,789228,439311,664660,797792,708687,1066156,1116129,837449,509394,550073,829035,623753,626561,623389,629955,631795,631716,654426,667989
20254,11530750,개봉2동,3645289,1633685,2011603,500482,446915,597146,577712,556739,966293,1043485,731483,362416,375440,615215,517250,509832,502157,503937,506732,507724,549915,564990
20254,11530740,개봉1동,7562772,3563246,3999526,1136564,822634,1159922,1158380,1241546,2043728,2182168,1542552,808116,801678,1203841,1024415,1068609,1056978,1046619,1061117,1054598,1121048,1153801
20254,11530730,고척2동,5097723,2353737,2743987,1019377,482855,657813,774170,840348,1323159,1527625,1062117,537046,519370,764422,687144,725603,715508,704039,715429,717380,747160,772606
20254,11530720,고척1동,4574346,2152887,2421458,781859,607901,703967,705377,710691,1064551,1248513,936111,529259,522194,740928,597338,641011,637741,641947,647526,645216,676584,684322
20254,11530595,가리봉동,3116192,1723958,1392234,109206,583705,713794,603890,537263,568334,771139,663284,405489,392870,507852,375558,457397,457376,452179,452548,447018,413920,435752
20254,11530560,구로5동,6771834,3262006,3509829,846013,1016458,1277315,1121286,1069003,1441759,1604199,1405267,861839,862117,1192554,845858,955793,950372,963484,962287,969328,984843,985728
20254,11530550,구로4동,7046680,3490390,3556289,616487,761063,1127105,1304781,1356370,1880873,1764794,1418563,844149,889035,1233390,896748,1017209,1009106,1004932,1007941,1005597,991157,1010738
20254,11530540,구로3동,7666393,3891092,3775301,773632,1117995,1529463,1478526,1233285,1533493,1730643,1669528,1019712,1010626,1314736,921148,1152385,1147895,1142104,1137701,1128750,978640,978921
20254,11530530,구로2동,8902548,4329740,4572808,778426,992234,1455765,1554334,1778140,2343648,2344636,1881246,1066143,1057579,1420335,1132609,1283832,1271325,1267321,1267008,1260058,1249887,1303113
20254,11530520,구로1동,1932876,932088,1000787,454434,190254,326684,338394,271125,351984,524594,431268,225212,214781,293303,243718,281091,279162,279155,281744,277345,263968,270410
20254,11530510,신도림동,6336361,2878702,3457659,1489784,672346,1039527,1148910,841560,1144234,1607289,1299257,760700,770473,1074120,824522,882148,882470,888217,892792,898300,941563,950870
20254,11500641,방화3동,2348911,1110014,1238895,376542,216983,371325,396579,353436,634046,715441,489025,241178,236819,346050,320398,333043,330669,326972,331750,332248,340861,353368
20254,11500640,방화2동,3895935,1883085,2012851,445373,524868,736701,644098,583083,961814,1029632,813978,468098,462650,627355,494221,547811,547557,549528,553569,548872,566309,582292
20254,11500630,방화1동,7065046,3344060,3720986,1283963,696161,1118604,1221674,1018994,1725650,1945874,1454847,799023,795649,1135316,934337,1001668,995596,994673,1001745,1005153,1024550,1041663
20254,11500620,공항동,5445697,2714365,2731332,1275022,618300,835947,972368,699854,1044209,1649409,1149479,585433,556661,785428,719287,782482,780769,782865,783513,779848,764763,771457
20254,11500615,우장산동,7217707,3280160,3937547,1493406,983431,1072188,1256587,1012991,1399105,1958791,1513221,806699,801874,1179256,957864,1020741,1017715,1018844,1023821,1032291,1051488,1052807
20254,11500611,발산1동,5403377,2397713,3005662,1508626,588103,638828,894238,788266,985317,1503786,1194651,635375,597633,790520,681411,787600,788596,772887,784389,778793,744954,746161
20254,11500605,가양3동,1522364,729910,792455,126197,159528,360967,271700,208368,395606,421364,324600,179949,177034,229607,189809,221080,219070,224676,223518,214811,211065,208144
20254,11500604,가양2동,1917285,864664,1052622,192214,192863,347104,280781,241177,663145,472662,411973,230811,235110,322714,244016,276725,274820,273478,273190,273568,271705,273799
20254,11500603,가양1동,3038875,1494134,1544741,360526,473955,725353,551374,414272,513398,631022,667973,456598,445518,503919,333845,457438,460774,461171,456712,450997,383636,368147
20254,11500593,화곡8동,10456932,4928319,5528614,1855496,1395210,1772693,1905157,1492239,2036137,2788122,2120397,1200081,1223002,1746142,1379189,1479510,1483680,1484739,1501040,1485252,1512104,1510608
20254,11500591,화곡6동,5592162,2577193,3014970,599537,928772,1184248,967517,754959,1157130,1512931,1162114,631056,621655,910071,754335,782236,776675,787135,784526,794205,824701,842684
20254,11500590,화곡본동,8121496,3784467,4337028,1306914,1195177,1454635,1321125,1102481,1741164,2478513,1686972,814133,800074,1224061,1117743,1137278,1127538,1124324,1143581,1135849,1200179,1252746
20254,11500570,화곡4동,3685160,1684767,2000394,718868,443228,522148,585012,558737,857168,1092535,770764,394845,376025,553458,497534,524810,521843,514555,522290,519074,535270,547317
20254,11500560,화곡3동,3450347,1577965,1872383,546396,476361,558427,560134,472747,836282,896131,679638,392444,403432,609514,469188,483687,480796,484010,484614,488693,513697,514851
20254,11500550,화곡2동,3762504,1719274,2043230,637004,460618,563745,635169,577604,888368,1094874,757686,391406,400797,603307,514437,528627,522981,522942,527772,526218,557809,576156
20254,11500540,화곡1동,15716871,7392221,8324650,1752924,2623209,3130291,2610244,2190589,3409614,4171549,3174172,1773701,1796672,2661318,2139457,2209064,2194610,2200515,2225901,2212618,2310803,2363362
20254,11500535,등촌3동,7159372,3313900,3845471,1027062,913229,1295858,1176214,959455,1787554,1923204,1502433,870619,836643,1115875,910598,1026081,1023227,1031625,1024641,1034176,1003671,1015952
20254,11500530,등촌2동,3851931,1764209,2087721,618200,503480,766626,631588,519944,812091,1147064,824169,407068,395056,562574,515999,548625,542918,539974,546124,542778,557718,573795
20254,11500520,등촌1동,4377382,2024959,2352422,484221,643892,1107355,757293,556761,827858,1303829,932977,480774,452229,634340,573233,627671,624855,621484,627773,627668,617466,630463
20254,11500510,염창동,8055365,3740077,4315289,1789078,815035,1564829,1537363,1015484,1333578,2346114,1684846,829263,821640,1245877,1127626,1147351,1141876,1147177,1153077,1151638,1147072,1167176
20254,11470680,신정7동,2843638,1294424,1549214,750130,238202,293371,487945,418310,655679,848867,576049,285858,291823,446663,394377,401323,399162,396910,402918,403779,416251,423295
20254,11470670,신정6동,1921925,864428,1057496,563359,153075,192947,377966,269981,364597,511036,397976,218443,225122,323706,245644,272999,272975,273164,274835,274617,274817,278519
20254,11470650,신정4동,10315271,4871981,5443291,1779008,1411819,1538177,1746067,1572424,2267777,2926618,2147632,1133846,1124684,1622533,1359960,1463418,1456088,1459249,1466802,1466397,1499001,1504316
20254,11470640,신정3동,7113018,3260729,3852290,1541093,722133,923477,1141856,1120901,1663561,2214762,1542275,725060,660553,981239,989128,1021195,1013674,1006066,1014232,1014213,999093,1044543
20254,11470630,신정2동,4161072,1929281,2231791,1192962,388510,415463,750279,632968,780890,1127935,838770,471679,476450,699291,546948,582997,584640,584299,589596,592548,611548,615444
20254,11470620,신정1동,3000200,1405719,1594481,751985,296328,333556,567143,455573,595613,756635,594275,352560,365164,537438,394128,420675,419985,423502,424668,426095,441245,444030
20254,11470611,신월7동,2048951,981368,1067583,312195,196678,277219,298036,335143,629681,530917,413098,230263,231161,357800,285713,289197,286976,284480,288196,286473,302626,311002
20254,11470610,신월6동,810274,391700,418575,131545,74585,121419,139991,133663,209071,178645,166631,104066,109052,148373,103509,115418,115094,113730,115516,115440,116463,118612
20254,11470600,신월5동,2898280,1366913,1531368,548877,318824,440807,456800,405689,727285,747131,622968,364999,342449,459503,361232,417304,413763,410465,418307,410844,406975,420624
20254,11470590,신월4동,3219494,1508596,1710898,724935,284827,393198,536543,475701,804287,968080,653451,327811,327191,498532,444428,456944,451948,447158,455124,456277,469672,482370
20254,11470580,신월3동,2588710,1290227,1298484,400525,268836,353796,418016,436509,711030,724303,553288,296385,287144,391755,335836,373303,368422,362406,365885,364200,371332,383160
20254,11470570,신월2동,3850761,1803971,2046788,770371,377276,553878,656176,560143,932916,1096507,795550,414155,415070,606687,522792,543154,535767,536453,548532,545585,562548,578723
20254,11470560,신월1동,3944208,1923111,2021098,526059,427703,596968,650825,617098,1125557,1137300,804954,426471,426250,618929,530304,554356,548215,543803,553924,555510,584175,604223
20254,11470550,목5동,4744998,2190069,2554929,1594892,395259,390191,916635,655195,792827,1251128,947779,521303,552433,830584,641770,661806,661468,669135,668851,673148,703374,707217
20254,11470540,목4동,5641166,2675000,2966167,1335549,694701,657119,912555,957249,1083994,1708936,1169064,573479,565169,846143,778375,799681,790310,786132,800442,799658,823713,841230
20254,11470530,목3동,5064708,2305986,2758722,845328,584422,848076,802264,749394,1235223,1403988,1018886,546340,542622,835081,717791,714949,706694,713368,716292,715701,739146,758558
20254,11470520,목2동,5998419,2754511,3243909,995790,771961,1083739,953357,880644,1312929,1826929,1257986,590712,577441,910630,834722,841345,831684,833709,843014,840808,891186,916673
20254,11470510,목1동,4399803,2019792,2380010,1244253,453217,499228,877358,644242,681505,870849,856670,607069,643496,885782,535934,613084,620925,631552,630714,644253,651783,607493
20254,11440740,상암동,5255543,2526499,2729044,812445,785886,1043987,1063331,777297,772598,1143482,1145158,760483,729617,876397,600407,791564,805143,803154,792959,779632,658678,624413
20254,11440730,성산2동,6315492,2786931,3528561,964853,999646,1160296,1074209,936569,1179919,1895024,1335161,645134,632148,946520,861505,887910,887322,892821,889236,891356,922337,944512
20254,11440720,성산1동,5996631,2675146,3321484,818794,955106,1169900,1155051,891447,1006333,1598110,1268762,705080,694978,960295,769405,850905,844973,852311,854229,853349,860649,880214
20254,11440710,연남동,6472654,2814236,3658417,639732,1663705,1401794,1085453,746886,935084,1594013,1228261,785094,845649,1194628,825009,875899,879975,907994,914328,924583,1000755,969121
20254,11440700,망원2동,5436766,2441089,2995678,737211,763696,988436,960351,863367,1123705,1579597,1110834,570724,577706,860931,736974,755088,749812,748460,758196,759198,822697,843314
20254,11440690,망원1동,6675902,2960312,3715590,653570,1258419,1481489,1155469,881332,1245622,1909973,1305703,718962,744530,1087056,909676,900022,901831,915481,932222,943220,1040769,1042356
20254,11440680,합정동,4345602,1999129,2346472,426930,958162,1054491,752062,533632,620323,948789,846211,592942,595246,826325,536090,599170,608985,614088,623693,638322,643413,617931
20254,11440660,서교동,17215576,7642879,9572697,1876640,5790726,3528849,2598745,1705927,1714688,2873455,2806267,2561187,2976878,3931425,2066364,2254724,2318081,2415597,2453816,2573969,2754134,2445255
20254,11440655,서강동,6251903,2999919,3251984,973797,1537950,1050310,955589,756517,977739,1566736,1264912,766473,791075,1077154,785552,867735,875737,892908,902610,905365,911605,895942
20254,11440630,신수동,4801286,2323841,2477444,873105,831480,718008,787756,702179,888758,1236682,1004366,582951,579462,798117,599708,681622,680522,683014,688801,684849,689421,693056
20254,11440610,염리동,5676830,2519827,3157002,1145017,720599,952874,1163656,799411,895272,1583012,1174634,639266,624495,895839,759584,813498,816857,824532,824537,816907,790144,790355
20254,11440600,대흥동,7461423,3319264,4142160,1040123,2316311,1172624,1085469,846502,1000397,1678009,1540771,977555,1003144,1357336,904608,1060022,1072005,1087451,1085308,1076751,1063509,1016378
20254,11440590,용강동,5648742,2628175,3020567,1142396,588656,938343,1133326,853960,992063,1441469,1159291,692906,694470,963160,697445,814477,818890,817713,823008,821707,787950,764996
20254,11440585,도화동,3919091,1803579,2115511,454701,542470,799992,698545,607045,816335,827207,772711,518141,532567,773913,494551,555950,554676,560324,558914,567292,569403,552531
20254,11440565,공덕동,12052148,5556062,6496087,1759326,1708613,2237241,2058137,1843976,2444855,3289529,2557481,1383801,1333759,1901395,1586181,1720314,1717064,1747336,1731955,1725155,1694957,1715365
20254,11440555,아현동,7711312,3315270,4396043,1564927,911277,1408876,1427130,1096704,1302398,1984756,1673174,945276,929605,1237421,941081,1116126,1120611,1135089,1122248,1121977,1047847,1047416
20254,11410720,북가좌2동,9198516,4121730,5076786,1476238,1273959,1342414,1482236,1434900,2188768,2571077,1847812,979967,1002838,1529476,1267345,1294169,1284838,1285652,1292017,1292589,1352485,1396765
20254,11410710,북가좌1동,2716782,1234626,1482156,595810,251840,364433,474628,439117,590955,793190,551761,276114,277821,434584,383312,383236,379119,383985,381886,381884,397498,409172
20254,11410700,남가좌2동,6194336,2783166,3411170,1084205,1395842,807634,910792,799888,1195974,1619199,1294501,749562,730089,1008378,792607,882337,888235,896283,896181,862682,883624,884995
20254,11410690,남가좌1동,1265629,558004,707624,334095,121201,169765,228808,179104,232653,302501,255230,145999,164472,235379,162048,174776,173266,172924,175824,179759,197595,191483
20254,11410685,홍은2동,4623700,2080063,2543637,767667,783253,587801,689292,707975,1087711,1296621,1006960,528525,510180,689213,592201,661350,662038,664401,665936,650070,650523,669382
20254,11410660,홍은1동,4064357,1836861,2227496,546144,479498,605763,634401,682923,1115626,1188563,839123,411918,413675,646181,564898,566971,558143,561465,560728,560046,614220,642783
20254,11410655,홍제2동,2338935,1019953,1318983,331260,270320,347358,360176,395254,634567,631895,451250,243542,262909,417199,332140,327283,323024,321220,322212,330645,354565,359986
20254,11410640,홍제3동,3589686,1616139,1973548,495503,448271,494817,525760,603759,1021577,905107,731302,419503,428837,622746,482194,505886,503713,512275,508134,505974,522628,531077
20254,11410620,홍제1동,5384895,2361571,3023324,830272,663323,737415,778452,884947,1490487,1492800,1131378,599053,594695,855911,711059,760568,752887,752520,758582,762721,794975,802641
20254,11410615,연희동,8843908,3974150,4869758,1112292,2047020,1398926,1377046,1242559,1666066,2378264,1909224,1054999,1029843,1370676,1100902,1245127,1246540,1255942,1264793,1259133,1282211,1290163
20254,11410585,신촌동,10581648,4233195,6348454,999876,5093878,1665998,1023535,869429,928932,2255152,1989532,1431848,1467746,2095979,1341391,1451247,1488023,1515523,1534064,1553687,1570854,1468252
20254,11410565,충현동,10746254,4904663,5841591,1180803,1774648,2108471,2117600,1737043,1827688,2200319,2353830,1656366,1670786,1757989,1106965,1626187,1663231,1663305,1640022,1595226,1296498,1261786
20254,11410555,북아현동,26535149,12299161,14235988,3118008,4446050,5527968,5641553,4135114,3666454,5417592,5741720,4175730,4313064,4230568,2656476,4007767,4136169,4179721,4102933,4012614,3137019,2958925
20254,11410520,천연동,3212534,1464752,1747784,540841,401856,425133,524233,558806,761664,862069,677451,377008,358489,515754,421765,457217,462976,465374,465678,459663,454756,446871
20254,11380690,진관동,6697611,3007486,3690126,1752090,679210,718954,1110224,1031226,1405906,1954227,1403300,710482,699900,1028102,901603,945829,939049,935429,942375,942273,982934,1009723
20254,11380650,수색동,2454828,1148277,1306549,311166,303299,479601,452970,419580,488212,709907,510849,257493,259539,385705,331334,345935,345879,346710,346125,345007,359094,366078
20254,11380640,증산동,2834083,1306066,1528015,407400,340973,442660,457809,473842,711399,820266,597950,297411,291225,442436,384794,401041,396884,400248,401951,400090,411925,421943
20254,11380632,신사2동,2622674,1228901,1393771,463752,286484,379535,404437,398957,689507,733305,565204,290897,281232,407734,344303,374987,370572,369188,372226,367386,377197,391115
20254,11380631,신사1동,5737884,2573660,3164222,904012,702720,868055,946473,920039,1396586,1719351,1163640,574134,579049,901316,800392,805564,794858,800161,802302,801645,852522,880831
20254,11380625,역촌동,11321196,5053808,6267387,1779561,1430665,1642462,1856768,1833926,2777812,3217830,2280510,1197496,1211877,1853789,1559693,1586287,1566965,1586368,1590262,1586756,1683805,1720753
20254,11380600,응암3동,7463607,3436471,4027137,916132,986912,1106102,1252103,1199358,2003000,2110969,1498092,807581,798745,1201849,1046372,1056249,1049308,1058225,1053055,1058583,1085650,1102535
20254,11380590,응암2동,3960622,1818820,2141803,953072,321658,560951,796957,529312,798671,1113075,815873,431076,429526,641480,529590,554822,550698,555804,556477,553579,585156,604088
20254,11380580,응암1동,5195466,2266741,2928725,820603,718010,847667,951766,753408,1104013,1502421,1065044,547586,543429,831742,705246,730594,722957,727491,731989,737236,771964,773234
20254,11380570,대조동,12420998,5522205,6898790,1790369,1720511,2208804,2054585,1887132,2759596,3504243,2516401,1333199,1345401,2015021,1706731,1745629,1746116,1771071,1769677,1767427,1817836,1803242
20254,11380560,구산동,5247816,2288170,2959645,1013350,607093,675220,795407,847650,1309096,1568081,1109838,560967,532321,774301,702308,750083,745146,747524,744671,739134,748243,773016
20254,11380552,갈현2동,5913963,2666660,3247302,1052757,787521,800703,935076,932625,1405282,1653402,1234998,636643,629383,948292,811244,838960,833007,832029,837377,836699,861487,874404
20254,11380551,갈현1동,5255649,2426815,2828835,736380,765816,817986,809277,823564,1302628,1261868,1100837,637324,638612,935608,681399,742503,738396,746653,745133,756552,768197,758214
20254,11380530,불광2동,5143179,2376742,2766436,703532,669540,744822,725138,842028,1458117,1518633,1079813,549963,521198,773725,699847,731659,722462,723961,727133,722000,742618,773345
20254,11380520,불광1동,5025915,2262417,2763498,736197,609816,740414,736306,794555,1408628,1441127,1019108,539661,546559,804846,674615,708334,699933,692428,704493,704749,747486,768492
20254,11380510,녹번동,6326802,2768769,3558032,882948,788111,1023977,1017464,1022814,1591490,1923163,1323382,641315,628484,943902,866555,897865,890725,893181,898142,897065,917622,932202
20254,11350720,상계10동,1997677,881692,1115985,335853,290467,312819,288213,309575,460751,477015,385133,243670,261045,370497,260318,275340,277647,277757,277637,285797,303904,299593
20254,11350710,상계9동,1764587,788790,975796,381491,178522,241783,252626,261787,448379,506816,370918,190830,182159,271111,242753,254460,250595,250715,251592,251737,249309,256179
20254,11350700,상계8동,999826,446274,553552,227226,97112,171347,154495,135163,214484,294921,203741,99415,97174,156768,147809,141926,140500,142412,141558,142273,143927,147231
20254,11350695,상계6?7동,6079845,2634533,3445312,994046,793581,896287,963292,1017280,1415358,1392583,1234007,826606,839460,1060347,726842,865237,867964,878984,876117,884313,870147,837081
20254,11350670,상계5동,5306644,2419854,2886789,742483,598792,614475,755341,958428,1637124,1444524,1057029,578804,596888,903182,726218,748436,740552,744958,742734,743133,781655,805176
20254,11350665,상계3?4동,7979814,3752887,4226927,1220122,824487,872306,1210676,1433810,2418414,2179862,1626602,870385,890097,1344394,1068473,1117619,1102037,1100938,1110533,1104578,1206587,1237525
20254,11350640,상계2동,10163366,4744992,5418375,1579775,1560464,1349474,1421297,1683308,2569050,2355373,1936067,1270087,1338458,1944024,1319360,1392339,1403308,1428894,1431417,1454356,1534396,1518656
20254,11350630,상계1동,6566475,2992911,3573565,1039689,670319,794500,936614,1095616,2029735,1731277,1323762,760370,761764,1125081,864222,919364,908554,909611,916888,916595,982641,1012821
20254,11350625,중계2?3동,4456423,1958871,2497553,874993,473343,569842,727459,736294,1074491,1278804,936263,495581,475929,674324,595524,633037,630440,630686,632285,631702,641521,656752
20254,11350624,중계4동,2874350,1354283,1520069,543182,311190,280092,427876,511320,800692,776989,568794,320799,329831,486277,391662,407206,407355,404378,406773,409057,419433,420151
20254,11350621,중계1동,3727229,1725255,2001973,1171830,354674,285090,657807,596155,661674,1007368,741889,412829,437800,642651,484691,523019,524060,525963,529920,530199,550435,543631
20254,11350619,중계본동,3682707,1668617,2014090,1194694,348895,259065,667808,607094,605151,891219,704833,430154,477172,712139,467191,509045,508119,500167,506970,510432,575260,572714
20254,11350612,하계2동,2564244,1149413,1414831,423038,302892,348256,433895,437145,619018,721127,535514,271901,275573,410242,349889,359375,356507,363847,359130,358654,379753,386980
20254,11350611,하계1동,3642081,1725595,1916486,658065,559032,386987,493551,605043,939402,933283,788787,461037,437951,574103,446920,518068,523078,527256,523274,515633,507942,526828
20254,11350600,공릉2동,8198449,3846287,4352160,1581042,1680959,1046261,1210921,1073115,1606151,2257863,1726503,928820,904367,1297181,1083714,1159405,1160372,1167788,1173232,1168796,1175721,1193136
20254,11350595,공릉1동,10139716,4707112,5432604,1421977,1948873,1392643,1454362,1443970,2477889,2718117,2071670,1151066,1154894,1700627,1343341,1424878,1415974,1431086,1436218,1446629,1491810,1493121
20254,11350580,월계3동,2300869,1064921,1235947,381416,263367,335561,358040,349084,613404,645562,482491,247015,250200,366376,309225,325075,320497,318505,320751,323058,345840,347143
20254,11350570,월계2동,3670360,1644846,2025514,706859,414787,416952,576056,553302,1002401,1215435,798809,354416,317123,471964,512614,536052,532400,528340,528761,516230,504325,524251
20254,11350560,월계1동,4573146,2419599,2153547,789142,1119615,540563,582730,600442,940653,1176667,956441,565461,548966,750810,574801,662070,659949,669342,661994,643832,637511,638448
20254,11320710,방학3동,3052402,1431068,1621334,657801,251909,313328,453854,452316,923194,940186,637814,310879,292296,450764,420462,431515,424403,423397,431186,425486,449205,467209
20254,11320700,방학2동,2671617,1278127,1393490,315607,260103,309292,378768,473126,934721,722560,530863,298796,306935,450149,362313,379108,371099,371971,374164,371429,396205,407638
20254,11320690,방학1동,6491419,3031600,3459820,870059,754248,807370,1001041,1152735,1905967,1581574,1293512,787353,823281,1166960,838739,911607,903702,909775,909789,910794,965675,980077
20254,11320681,쌍문4동,2580736,1205783,1374952,627007,220504,290758,381963,378236,682269,702780,548671,285087,288761,414043,341394,374068,369083,360476,363248,363994,367991,381875
20254,11320680,쌍문3동,5550556,2496639,3053917,825855,753950,777322,823363,862142,1507925,1477210,1168420,640664,624202,906767,733294,793372,786811,787940,780394,785510,798876,817652
20254,11320670,쌍문2동,4395357,2003168,2392190,661849,508990,597598,648653,722204,1256061,1216021,901514,495120,489379,704938,588384,628597,625258,620102,625035,624666,626552,645147
20254,11320660,쌍문1동,4759692,2092089,2667603,794063,780965,552050,635089,727362,1270162,1363744,990188,527996,514934,731950,630879,682859,680064,680209,676892,652841,676922,709904
20254,11320522,도봉2동,3037470,1431152,1606318,424670,294283,386326,463167,510753,958273,850526,631806,329947,329190,484205,411797,433063,429124,433620,429185,427034,436730,448713
20254,11320521,도봉1동,3678050,1781218,1896833,448634,357375,423404,498518,660997,1289122,998833,769704,422824,429422,586930,470339,518478,513714,512453,516970,513609,537443,565381
20254,11320515,창5동,3752012,1705189,2046823,576231,468923,547874,551921,601229,1005833,861908,750576,466872,485931,708083,478643,529900,526957,532557,532383,534464,552264,543484
20254,11320514,창4동,3460963,1626380,1834582,563315,400137,463850,530019,589522,914117,961502,740497,398299,388578,524375,447710,488054,485616,491382,488451,496534,502994,507930
20254,11320513,창3동,3370605,1554894,1815712,511067,359724,372195,529605,605153,992862,950357,685952,367794,362785,543175,460544,477021,471768,478752,476140,468285,487449,511191
20254,11320512,창2동,10233578,4771939,5461639,1473341,1434302,1494384,1588991,1569263,2673296,3103208,2077559,1017967,1028268,1567492,1439086,1448162,1425985,1428640,1434209,1425997,1509240,1561347
20254,11320511,창1동,3357329,1568318,1789010,511683,423773,476199,496793,548266,900613,874514,698143,395836,394161,558280,436397,475402,473550,477156,475084,477206,484904,494028
20254,11305660,인수동,8010678,3675087,4335590,1251911,946838,943545,1183981,1299779,2384622,2360248,1666626,847379,836502,1223960,1075963,1141883,1127615,1132552,1128819,1124801,1159541,1195468
20254,11305645,우이동,3832585,1677455,2155130,554945,555302,457475,578743,628201,1057918,1087785,789549,435971,427381,589891,502008,538592,536132,538847,540095,528518,564589,585812
20254,11305635,수유3동,9345749,4341472,5004277,857436,2015580,1401723,1408692,1480446,2181870,2346994,1805577,1090964,1131780,1698553,1271879,1297564,1291727,1325477,1322728,1344715,1395011,1368527
20254,11305625,수유2동,5136332,2303017,2833314,625790,721162,598390,783379,893874,1513737,1305055,1008622,598145,613750,919645,691113,726207,715468,722164,718219,713800,755187,785287
20254,11305615,수유1동,5950980,2758415,3192564,822095,878293,765045,845239,949758,1690550,1699077,1277405,680432,648379,877962,767724,855158,846215,839360,841848,841769,845854,880776
20254,11305608,번3동,2930090,1328867,1601221,428081,287727,322227,426024,516280,949752,873791,602177,301152,298181,449922,404867,420221,416755,412617,412826,413740,420033,433897
20254,11305603,번2동,2708048,1279435,1428613,358745,332219,346125,371545,463102,836312,845236,574945,278696,260302,386800,362069,385490,380968,375399,382828,378939,393461,410962
20254,11305595,번1동,6453446,2999736,3453710,684259,1222377,944796,969383,1056799,1575829,1695844,1326063,763863,765729,1068031,833916,917407,913813,907659,913295,923695,932028,945548
20254,11305575,삼각산동,2962903,1345956,1616948,753581,279047,316869,498887,476205,638314,762801,609671,343346,367269,506177,373640,415241,411343,416501,413848,411523,438691,455759
20254,11305555,송천동,10147588,4599785,5547803,1648324,1098885,1194254,1458820,1760168,2987138,2675876,2159863,1220886,1176197,1624026,1290743,1459139,1440357,1435878,1432312,1444773,1454678,1480452
20254,11305545,송중동,11297871,5081790,6216079,1632675,1539939,1491133,1711347,1913756,3009021,3034034,2266000,1295104,1314799,1884725,1503209,1594515,1590780,1608129,1601644,1600918,1654643,1647242
20254,11305535,미아동,7847140,3514577,4332564,781951,1423714,1054246,1093162,1312276,2181792,2090523,1656537,930535,911281,1250209,1008058,1117387,1108608,1124460,1115590,1120708,1128543,1131846
20254,11305534,삼양동,10749171,5067411,5681761,1677349,1273501,1344529,1723945,1763146,2966704,3048221,2196385,1156012,1156729,1745102,1446722,1507850,1490335,1500387,1500965,1496304,1599719,1653610
20254,11290810,석관동,10318531,4789187,5529344,1471655,1663219,1457821,1468699,1656581,2600556,2909212,2117411,1123277,1119154,1661106,1388371,1461937,1450714,1460698,1461622,1462857,1492338,1528364
20254,11290780,장위3동,3971878,1889220,2082657,631860,553251,604546,643784,619858,918577,1089448,825823,435533,436470,648410,536194,560686,558166,565096,561876,559206,575678,591169
20254,11290770,장위2동,6084675,2723457,3361218,794676,827920,984208,917405,978517,1581949,1726155,1263298,643950,644848,978395,828029,860242,854180,878251,865679,863944,866286,896093
20254,11290760,장위1동,6547080,3028238,3518841,1134255,758569,877571,965818,1112941,1697924,2032504,1394306,666234,630268,933244,890525,933950,918838,925068,924534,916826,945793,982072
20254,11290725,월곡2동,6476470,2895177,3581291,974560,1185933,896614,896507,981654,1541202,1653992,1341405,776175,771078,1096270,837549,919842,915884,932133,923636,913112,926207,945655
20254,11290715,월곡1동,7990456,3688485,4301971,1701137,1029710,1002268,1268611,1252742,1735988,1948030,1612667,1015096,1032589,1379690,1002384,1153533,1145811,1145859,1138642,1131061,1131079,1144470
20254,11290705,종암동,11055108,5111806,5943301,1973587,1940758,1431140,1616438,1658470,2434714,3041551,2281112,1234813,1253359,1788673,1455601,1567851,1560644,1564327,1569504,1557758,1603575,1631447
20254,11290685,길음2동,4857812,2151226,2706584,940625,570339,659594,875442,773828,1037983,1278420,956338,548273,586468,854829,633483,664889,662771,684378,674930,678465,745950,746428
20254,11290660,길음1동,6201426,2752264,3449161,1812571,615286,652449,1154792,904122,1062205,1682252,1239073,646525,692241,1088131,853205,864742,863324,881668,869940,873234,919653,928862
20254,11290650,정릉4동,3202152,1447934,1754218,545518,536198,378744,470944,488262,782486,989398,668611,320169,314013,468935,441026,453491,454778,457536,459263,444627,458910,473544
20254,11290640,정릉3동,2842694,1393926,1448768,393040,866740,309797,305408,367403,600307,765936,590141,328087,327067,461910,369552,401511,399347,402838,406346,399522,412805,420324
20254,11290630,정릉2동,5618968,2586812,3032158,1037381,765833,756873,889057,885194,1284629,1708357,1164834,551647,541298,857600,795235,784943,786311,795355,794871,786741,823066,847684
20254,11290620,정릉1동,4389356,1989520,2399838,947651,491230,528264,744109,678420,999681,1230567,879568,460545,474010,739756,604911,614557,608546,611499,612947,613342,655752,672714
20254,11290610,보문동,5095415,2337596,2757820,676788,916565,807034,758401,801125,1135502,1413429,1086895,564083,557725,801838,671446,724069,720509,716180,721809,722327,736720,753804
20254,11290600,안암동,7935075,3838593,4096483,944920,3254816,1021016,781989,827085,1105251,1846626,1658260,1103601,1055217,1311942,959429,1187871,1198841,1204859,1202878,1129136,1013509,997985
20254,11290590,돈암2동,2881941,1289317,1592623,649823,297743,353176,512681,464100,604418,861430,587233,281153,295124,460386,396615,397153,392857,403289,398534,398298,435903,455908
20254,11290580,돈암1동,2268425,1004868,1263556,424587,279825,282663,320266,369520,591564,649817,480538,245198,243489,350369,299014,322836,320962,324774,322882,320848,328635,327487
20254,11290575,동선동,7752129,3081402,4670726,1220732,2393624,1115147,953768,927461,1141396,1815287,1534661,975858,1008344,1438527,979452,1082876,1095399,1121062,1114970,1118933,1118987,1099902
20254,11290555,삼선동,10201987,4582056,5619933,1398313,2343073,1488847,1503339,1570826,1897587,2352644,2010076,1261423,1327887,1916848,1333111,1443397,1452269,1478818,1466029,1475092,1461473,1424908
20254,11290525,성북동,4206870,1892579,2314291,681776,673367,622378,637521,650972,940853,1064509,897547,523868,509932,694818,516197,596437,600053,606274,603783,602932,600572,596818
20254,11260690,신내2동,1718239,790492,927747,299870,162671,254729,276317,271960,452694,480473,358286,192496,188954,273961,224069,247174,243074,247415,245246,246131,243881,245316
20254,11260680,신내1동,4878033,2256401,2621632,954693,460969,684037,741006,750122,1287205,1355571,971486,520559,534395,824181,671841,692632,682134,684314,685884,694443,710861,727765
20254,11260660,망우3동,3877776,1821283,2056492,476497,475073,560605,574249,689217,1102133,1234741,829874,395444,364196,537752,515769,556208,544984,537261,546812,541843,561696,588972
20254,11260655,망우본동,11290836,5221314,6069521,1814464,1336773,1723702,1818853,1748535,2848511,2911758,2306006,1350636,1329962,1897862,1494614,1600685,1588112,1601166,1600868,1585970,1634435,1679601
20254,11260630,묵2동,5112908,2350179,2762729,638964,763307,788699,795130,850928,1275881,1378564,1019406,572047,585552,873488,683852,713123,710525,725478,718741,717551,758416,769071
20254,11260620,묵1동,6861147,3177835,3683312,1132649,900595,979358,1035322,1057133,1756089,1900440,1438927,749570,745125,1106840,920245,963726,957754,965582,964503,964620,1007427,1037535
20254,11260610,중화2동,7807056,3824791,3982264,906713,1013158,1224220,1163231,1276503,2223230,2094103,1569985,843631,876939,1355336,1067062,1093564,1083119,1093421,1090228,1093461,1160353,1192912
20254,11260600,중화1동,4782186,2244522,2537665,802848,581154,763733,675975,719040,1239436,1410961,1013131,521834,487050,708941,640269,692105,683667,677675,675071,675132,677960,700577
20254,11260590,상봉2동,6224381,2876630,3347751,490090,1214782,1358393,918313,941955,1300847,1632047,1204149,709368,734149,1098782,845887,857126,856695,867396,873130,886909,954732,928392
20254,11260580,상봉1동,5188135,2413331,2774803,867363,611748,867520,781486,771664,1288355,1424540,1092832,585304,574716,829647,681097,738809,730011,728373,733576,733813,751285,772266
20254,11260575,면목3?8동,6471946,3028699,3443247,724141,1018680,992665,986605,1069236,1680617,1708937,1293947,753018,756127,1089041,870877,925382,919967,923249,922980,912872,926799,940695
20254,11260570,면목7동,6074034,2890650,3183384,768979,706004,925253,946368,1009055,1718376,1727664,1230618,641133,657298,993437,823884,853752,842932,852391,848625,846003,900929,929402
20254,11260565,면목본동,9954963,4624994,5329969,1061348,1466978,1709181,1467787,1739886,2509782,2983255,2035556,1022843,1014645,1535899,1362764,1405916,1385572,1385510,1405491,1400562,1468538,1503374
20254,11260550,면목5동,2362972,1114550,1248422,338841,250830,376483,388850,399361,608605,691079,496247,247284,247693,366265,314404,331692,327322,326189,330865,328291,351807,366806
20254,11260540,면목4동,4493472,2182771,2310702,669484,515006,656697,758930,726393,1166962,1250670,931309,496693,497163,711380,606256,639848,632991,637177,632339,627409,651969,671739
20254,11260520,면목2동,5699307,2713211,2986097,762786,727752,905174,875527,984898,1443169,1663007,1166878,607847,603337,885825,772415,801048,793558,801392,805879,803765,835169,858496
20254,11230750,이문2동,3394045,1593470,1800575,510132,580504,421395,531975,510621,839418,1030460,709058,330815,331909,518896,472906,484201,476455,471901,474588,479345,497265,510291
20254,11230740,이문1동,11235621,5021881,6213738,1437708,4122159,1562554,1267600,1287387,1558214,3090715,2372168,1308285,1262954,1744257,1457240,1596024,1606876,1621510,1620169,1581673,1593358,1616011
20254,11230730,휘경2동,4420776,2135850,2284927,570800,1441850,550801,539632,508563,809130,1266537,964199,486635,463233,654983,585190,634038,633238,635752,636234,619879,620367,641268
20254,11230720,휘경1동,6298818,2756276,3542542,678781,1882424,1059950,767193,776736,1133731,1757092,1352659,673170,669439,1010722,835735,877670,877437,878858,888001,884175,936546,956131
20254,11230710,회기동,4730769,2055241,2675529,600946,2094358,515917,450152,416634,652762,1124528,991182,624028,587532,802430,601072,683153,692375,699821,696917,686834,642810,628860
20254,11230705,청량리동,6002827,2762912,3239915,562045,921294,782810,830408,958353,1947917,1417056,1236268,794221,796022,1028069,731190,837982,837580,847325,845345,850400,887073,897122
20254,11230660,장안2동,8058972,3796971,4262000,1632352,897551,1216730,1470622,1190115,1651603,2161729,1620779,913776,927281,1374173,1061234,1135652,1125952,1137893,1140138,1140575,1182154,1196610
20254,11230650,장안1동,8685517,4136144,4549372,1120836,1156293,1552177,1656760,1293782,1905668,2281745,1799349,1036346,1018217,1421863,1127995,1238648,1233592,1259486,1248731,1250375,1228657,1226029
20254,11230610,답십리2동,5711539,2669548,3041991,813882,618866,974617,979057,880081,1445036,1548580,1143041,631978,659622,968356,759963,800912,789805,797607,799096,801380,855416,867324
20254,11230600,답십리1동,6767873,3107281,3660592,1114409,891828,1182556,1200010,970441,1408629,1859275,1430692,762907,752466,1077874,884658,958530,951041,963565,962395,966638,979609,986092
20254,11230570,전농2동,2307719,1039855,1267864,450084,272343,296301,361005,353904,574082,580635,477910,281337,283332,393715,290791,326022,324587,328950,327125,325081,332635,343318
20254,11230560,전농1동,11037456,5254659,5782797,1753654,2185113,1562803,1692983,1527676,2315226,2872173,2299915,1311367,1297578,1819438,1436984,1567755,1572277,1575504,1573326,1567700,1578109,1602785
20254,11230545,제기동,11953847,5683831,6270015,1193975,3010517,1485361,1477158,1707021,3079812,2833691,2557740,1665893,1627436,1890744,1378340,1717447,1721705,1736809,1734612,1720294,1686009,1636967
20254,11230536,용신동,13908963,6708067,7200896,1363728,2591464,2410908,2205022,2160128,3177712,3370147,2974724,1840610,1803534,2262153,1657795,1992863,1995615,2040154,2006132,2012171,1935949,1926081
20254,11215870,구의3동,6128436,2780647,3347788,1244280,786432,933119,1051897,960099,1152607,1598905,1221749,694176,734939,1079106,799560,861801,857280,863685,863676,878537,909436,894018
20254,11215860,구의2동,4877442,2160595,2716847,886951,608805,708060,803639,750232,1119756,1412261,1010444,516510,512588,760647,664992,685744,681502,686010,690873,685465,713942,733904
20254,11215850,구의1동,6680759,3103062,3577695,851164,1287815,1319834,1060485,934745,1226716,1919308,1379429,720564,705810,1050019,905631,945427,947019,945722,953905,952289,968146,968249
20254,11215847,자양4동,8810461,4173663,4636799,886205,1909048,1606100,1331419,1294020,1783670,2221120,1772311,1008059,1047764,1600975,1160231,1224765,1224624,1248946,1252074,1263763,1311301,1284989
20254,11215840,자양3동,6560805,2975192,3585613,1231349,931100,964960,1113851,937288,1382254,1813814,1341720,723746,714315,1081418,885793,927419,919783,923358,930292,932875,962207,964870
20254,11215830,자양2동,5100964,2408356,2692608,908686,615123,877056,853590,745196,1101313,1512345,1072372,532080,527148,770888,686130,720123,715808,718666,727983,721388,742420,754576
20254,11215820,자양1동,7523250,3491975,4031275,982455,1437671,1325264,1179887,1047335,1550636,2016240,1546806,865271,861238,1235030,998665,1068498,1063754,1060536,1070370,1072147,1091949,1095997
20254,11215810,광장동,6141905,2799701,3342203,1864277,598425,633379,1148760,895960,1001105,1671752,1304286,708597,678658,967156,811454,876396,876037,892430,886000,888384,863634,859022
20254,11215780,능동,2012058,913607,1098452,273251,399677,409466,317108,247558,364998,524445,417590,230024,233728,336228,270042,279924,283271,289236,290786,289178,291962,287702
20254,11215770,중곡4동,6389649,2889523,3500127,878703,797896,968901,940452,1044563,1759134,1896773,1325330,662983,647697,989472,867395,903641,893692,894206,898546,892679,929668,977216
20254,11215760,중곡3동,4252517,1981706,2270811,523148,576562,769391,646055,669376,1067984,1228968,871153,443891,445984,684989,577533,594404,589862,605248,596093,595923,618741,652248
20254,11215750,중곡2동,4707238,2177365,2529874,694496,704502,847979,718681,724083,1017495,1457621,966848,480679,466676,689473,645940,668867,661699,662601,667653,666985,681948,697484
20254,11215740,중곡1동,3450358,1638362,1811996,363749,648938,710958,541394,495060,690258,941620,698639,379020,383158,582618,465302,481907,478135,487451,488477,490464,510219,513707
20254,11215730,군자동,6843014,3273188,3569825,808085,2176262,1161387,935862,748948,1012469,1800454,1435876,833403,811521,1093427,868332,990312,991606,1001014,1004368,980643,936619,938451
20254,11215710,화양동,8980586,4123285,4857302,728358,4049940,1571886,940233,771194,918976,2373261,1752934,998732,1014461,1589446,1251751,1234240,1241708,1267847,1285106,1298806,1350513,1302367
20254,11200790,용답동,2756340,1358411,1397929,223717,553034,507619,413839,458858,599271,782783,583347,307297,298433,426670,357811,387410,387471,394625,390078,390055,397518,409183
20254,11200720,송정동,3275272,1663866,1611406,304911,726607,633879,518750,450310,640815,946239,725842,365360,352640,468682,416509,470220,471274,470033,471225,466800,459014,466707
20254,11200690,성수2가3동,6050654,2873511,3177143,643667,1417947,1370728,1042759,798992,776562,1006672,1221089,1041189,1109681,1118317,553706,898545,915534,928605,932369,922849,752042,700708
20254,11200670,성수2가1동,4875184,2410361,2464822,475937,800160,980934,771924,817041,1029188,1111761,988402,655889,692435,852958,573737,694967,695877,703792,706145,706804,690372,677226
20254,11200660,성수1가2동,5517614,2649747,2867868,517028,1135732,1371872,1009704,702781,780497,869389,1100411,954091,995126,1077004,521594,813521,832189,842546,835831,838621,701234,653673
20254,11200650,성수1가1동,2972249,1453520,1518728,293787,499796,698340,490042,444249,546034,639913,613725,429228,446075,511674,331633,430001,436550,443603,441239,438683,397729,384446
20254,11200645,옥수동,2805400,1294949,1510451,551548,245070,484775,511231,401040,611734,676718,587189,333405,351775,503755,352556,393926,397226,401792,397419,401428,411043,402567
20254,11200620,금호4가동,2565751,1197189,1368562,399465,243551,460684,454652,404785,602613,651034,528845,288698,304715,450398,342059,360377,358955,362067,362091,362512,379270,380479
20254,11200615,금호2?3가동,5454810,2514863,2939947,861123,534491,929636,970882,853372,1305307,1538805,1103531,568427,579248,912317,752483,764493,756677,763100,763483,764660,816266,826132
20254,11200590,금호1가동,3089717,1357138,1732579,548943,255323,537607,629485,448481,669879,825103,635980,327867,352239,536041,412488,428195,424417,427372,430395,431001,469589,478747
20254,11200580,응봉동,2747744,1214733,1533011,548019,251261,424430,504259,444503,575272,874463,585297,261720,248507,388342,389412,389219,388075,387374,389940,385443,398082,409612
20254,11200570,행당2동,4292517,1901314,2391204,785264,507271,686208,799194,633344,881238,1228123,896384,446685,440256,681023,600048,608973,605896,602312,606442,607133,622849,638913
20254,11200560,행당1동,6771746,3121039,3650707,1016152,1424255,1116047,1100177,957714,1157402,1476199,1357825,884898,916954,1289289,846579,950549,960499,985369,983965,986670,969635,935059
20254,11200550,사근동,4595770,2154959,2440809,649305,2024018,563711,399199,403311,556226,1288746,982015,541331,492858,687728,603093,660388,668529,670759,672702,671844,635955,615591
20254,11200540,마장동,4952140,2410336,2541806,604828,811195,823239,773610,804457,1134813,1260995,1103144,610836,586161,788529,602478,701044,704518,715709,712879,711291,703978,702723
20254,11200535,왕십리도선동,5511049,2547805,2963244,767961,943052,1008738,907400,812791,1071109,1345137,1136989,691848,697311,960174,679589,778532,780245,787140,787771,798082,795507,783774
20254,11200520,왕십리2동,4634683,2040582,2594101,622058,698013,892741,756393,674659,990821,1372017,944396,464749,467433,738694,647396,643980,641338,651874,648729,648392,691919,708452
20254,11170700,보광동,2142286,1079248,1063038,257489,246238,344151,428477,364441,501489,609880,461297,237936,232104,322178,278892,308283,305816,301853,303795,304013,309097,309430
20254,11170690,서빙고동,1728945,850037,878906,309081,203779,243575,345333,293420,333757,488945,383140,201519,196830,247760,210753,241984,243838,241547,246619,244460,252613,257885
20254,11170685,한남동,4379717,2062352,2317366,370438,719246,1005524,936151,653860,694497,846253,884763,642070,672098,832146,502388,599954,613321,641852,641060,656445,640499,586586
20254,11170660,이태원2동,3024770,1446842,1577929,328230,464358,667011,656852,408208,500112,817237,623215,352773,350486,488721,392340,418731,419423,424702,429806,434292,453171,444647
20254,11170650,이태원1동,2476459,1338491,1137969,153098,628349,607346,444966,294237,348463,613404,417037,308188,324048,460527,353254,311042,299479,320705,332744,370503,441500,400486
20254,11170640,이촌2동,1458631,709389,749243,165360,190663,258370,257874,234841,351524,374521,303290,164864,178999,248556,188402,204197,203319,206374,205710,206144,216834,216053
20254,11170630,이촌1동,4374672,2012016,2362656,944997,367670,548370,828616,707689,977331,1069995,934902,531437,535471,743876,558990,612408,619195,628153,624703,627701,630628,631885
20254,11170625,한강로동,5774895,2913149,2861746,491449,1172313,1393499,1111697,801313,804625,1100186,1141497,885015,901069,1111787,635339,810082,835523,847292,846453,859904,814754,760889
20254,11170590,용문동,2377218,1101103,1276115,283648,318286,451632,381742,380326,561584,650810,469940,267235,275406,397223,316607,330992,330842,333949,337147,337957,355513,350819
20254,11170580,효창동,3740869,1645769,2095099,567084,556816,708739,636351,534846,737034,933834,813193,461468,452593,600709,479071,537812,531416,539580,539900,532420,524950,534791
20254,11170570,원효로2동,3522802,1646581,1876221,468058,445376,663633,604823,553954,786959,1011959,772945,394692,379443,511385,452379,505071,501676,500732,502722,500692,499454,512456
20254,11170560,원효로1동,4702896,2243992,2458904,540033,738906,1158235,899148,665855,700718,1113352,1017419,621577,610095,777933,562520,672749,675547,688230,679466,687570,652414,646921
20254,11170555,청파동,7206085,3204224,4001863,780673,1667533,1381715,1102178,1003715,1270269,1829609,1517341,916653,879890,1164078,898513,1031820,1034138,1037698,1041314,1032523,996261,1032332
20254,11170530,남영동,1871643,953885,917759,144380,328285,390181,322372,301088,385337,329059,408427,296715,300054,342451,194939,273673,279248,281801,279146,281944,242633,233197
20254,11170520,용산2가동,4761506,2244219,2517288,727931,758301,950896,769261,569508,985612,1244573,998157,561279,559277,787875,610346,666785,657306,666520,673257,673827,704590,719219
20254,11170510,후암동,3909430,1867826,2041604,591414,493752,731368,664528,551882,876486,1162021,836488,431195,412128,559946,507650,555410,552701,554501,559496,554028,559234,574061
20254,11140680,중림동,1945691,909648,1036046,164718,239668,389488,391288,328427,432106,417686,420398,286416,281227,324230,215735,289506,289783,291387,288870,289946,250588,245614
20254,11140670,황학동,5321500,2457658,2863842,580799,821524,1105355,874707,731173,1207942,1396947,1098450,640692,646157,874627,664629,737102,737672,747785,754634,764498,798137,781672
20254,11140665,동화동,3558358,1657099,1901259,398450,439366,563010,529556,630674,997301,848051,712302,454812,471743,636031,435417,503259,504001,518315,511909,513155,507562,500159
20254,11140650,신당5동,3133863,1426388,1707476,323008,479881,558141,477704,503879,791250,704698,612558,394352,410461,610881,400914,431785,432012,445726,440558,448852,473720,461212
20254,11140645,청구동,2760517,1245738,1514779,430864,316159,506474,417561,423375,666084,779161,583205,322586,301725,416005,357835,397649,396321,395576,398232,395869,383679,393189
20254,11140635,약수동,1923163,880291,1042871,229057,224132,332027,303862,305208,528879,458914,388081,235387,240339,347865,252575,269927,268808,272405,270276,273696,281713,286339
20254,11140625,다산동,4052419,1904586,2147833,473966,627332,737715,705993,626942,880470,955211,863724,539962,531056,682297,480169,590773,596885,602009,595078,596876,541790,529007
20254,11140615,신당동,5268914,2544664,2724251,314822,889366,1055012,935802,876074,1197839,1249649,1065508,697328,682956,898159,675314,775188,792768,809166,798399,776619,660252,656519
20254,11140605,을지로동,4848076,2701422,2146654,184041,780623,995369,999419,900661,987963,441559,1049309,1002800,999910,972113,382386,753265,790850,819126,791468,813575,509656,370137
20254,11140590,광희동,6670949,3313559,3357389,439291,1478190,1372439,1222362,1011977,1146690,945161,1380029,1159628,1185227,1321865,679038,991993,1027999,1064715,1041940,1033237,804194,706872
20254,11140580,장충동,2090605,1029334,1061271,150453,628775,363018,324952,287575,335834,417610,462840,338142,320321,344056,207636,309303,313565,316363,314951,308328,263765,264328
20254,11140570,필동,2729614,1427724,1301888,207648,601044,503019,480285,456519,481099,376996,570887,509305,500503,524376,247547,415266,435877,447412,434937,431908,301681,262532
20254,11140550,명동,5774872,2792282,2982589,420391,1166567,1292787,1310075,882276,702773,391275,1222984,1293930,1312402,1195796,358486,885205,922397,954196,934898,915992,621639,540543
20254,11140540,회현동,4347793,2032727,2315066,170541,538485,920960,988928,795045,933833,317588,923004,1096186,1064944,724437,221634,674033,704418,727287,703920,697438,485945,354754
20254,11140520,소공동,2542035,1267583,1274452,179445,409995,623546,603589,420103,305356,173010,569564,595289,589648,478244,136280,407706,428657,435175,419631,416380,238734,195752
20254,11110710,숭인2동,5183066,2528230,2654836,386000,1029602,875614,730199,864980,1296672,1253118,1111528,713892,699827,792894,611807,721504,719869,738635,737125,732026,755206,778701
20254,11110700,숭인1동,2309254,1112113,1197139,239875,331557,351209,339586,396929,650097,571436,478139,281544,286859,402526,288751,325832,323882,331482,328495,325394,335341,338826
20254,11110690,창신3동,815624,383038,432586,99354,112092,112969,124934,141699,224576,239976,174126,84476,82014,124071,110961,116353,113812,113433,116048,113780,118205,123992
20254,11110680,창신2동,4552384,2220702,2331683,302780,748799,527667,547734,917398,1508004,1292685,946872,497770,498194,724787,592077,643301,642673,644449,643581,641196,663477,673705
20254,11110670,창신1동,2847894,1402032,1445862,163203,443723,416546,469937,535956,818529,694559,582891,391767,390816,451610,336252,414274,414445,423058,419551,409404,381408,385754
20254,11110650,혜화동,9250213,4021213,5229000,1379950,3481400,1095444,1040362,1027116,1225942,2185872,1834807,1193391,1205427,1691056,1139661,1268248,1297286,1328092,1338476,1326113,1359597,1332401
20254,11110640,이화동,4456453,1985333,2471119,484126,1048618,833691,743324,654659,692031,730720,856082,732132,803692,881412,452414,618330,659621,693769,677240,667290,595768,544434
20254,11110630,종로5?6가동,5436250,2714317,2721932,333369,896711,875071,907576,989135,1434389,939413,1172762,968680,945198,914925,495269,806450,830339,849971,832630,829184,687277,600401
20254,11110615,종로1?2?3?4가동,13824388,7362487,6461901,698370,2598027,2863039,2742220,2291502,2631230,1409830,2630240,2826511,2916793,2913716,1127297,2041163,2134820,2237177,2177888,2177893,1739131,1316316
20254,11110600,가회동,1171993,545064,626930,177943,169078,204826,227783,187729,204636,175324,256730,227385,232694,187106,92754,170109,175275,180117,177494,174669,152944,141386
20254,11110580,교남동,3950238,1791216,2159022,813323,460475,506074,678221,639381,852764,1118966,864690,454013,427771,578826,505973,568754,564647,566641,571632,567075,552521,558967
20254,11110570,무악동,2015725,890343,1125382,374529,239674,242671,314879,318229,525743,439092,437784,261052,267567,358015,252216,278388,289305,291905,291267,290586,291033,283240
20254,11110560,평창동,911272,387031,524241,171858,87974,95786,139181,158305,258165,262165,193087,97850,98005,138937,121229,129417,128028,128708,128312,127713,133556,135537
20254,11110550,부암동,844176,362813,481365,160444,110168,96819,132541,137800,206406,214615,182453,108637,104207,128004,106262,121170,121584,122887,122730,121021,118147,116637
20254,11110540,삼청동,974927,447501,527426,111809,152954,169365,185237,157744,197820,153418,195183,193601,194670,158833,79221,133512,138551,144729,143227,142348,142387,130173
20254,11110530,사직동,3910218,1769732,2140486,352115,615607,783058,807614,657669,694155,457655,801435,762708,771296,794376,322746,562278,581507,614446,598449,603215,492597,457725
20254,11110515,청운효자동,3348036,1404710,1943326,612759,460079,531517,585928,511788,645961,745942,675001,492973,494985,561519,377616,468362,474176,486222,481946,483860,484687,468780
20253,11740700,둔촌2동,6677641,3098637,3579004,1281325,759362,997949,1050346,968127,1620531,1856009,1416164,759007,734474,1030669,881319,961900,954018,954472,951764,941417,938569,975503
20253,11740690,둔촌1동,30002,13846,16156,6659,2516,4352,5649,3846,6980,8401,6401,3331,3256,4665,3948,4200,4206,4238,4229,4237,4360,4532
20253,11740685,길동,18306303,8294964,10011339,2507243,2213064,2922263,2976562,2867254,4819916,4915275,3679956,2103548,2110430,3039907,2457186,2582521,2589839,2594920,2582295,2599532,2660693,2696503
20253,11740660,성내3동,6680704,3100063,3580641,941998,886276,1087042,1167095,1021545,1576746,1862006,1357223,758727,747308,1070199,885242,944868,945197,948454,938577,946974,963368,993264
20253,11740650,성내2동,8182706,3812368,4370337,1106351,1132456,1469108,1282904,1181197,2010690,2280834,1647752,898226,917727,1347781,1090384,1148652,1138541,1148856,1140149,1148255,1215969,1242282
20253,11740640,성내1동,5482732,2462032,3020701,961989,618285,860693,948826,851068,1241872,1402180,1149227,687177,675024,890061,679064,801177,802713,801149,798152,789252,738369,751920
20253,11740620,천호3동,7537537,3530166,4007371,937108,1165388,1414126,1148688,1092142,1780085,2154741,1537012,812599,809704,1194365,1029117,1061146,1051314,1054741,1050348,1059941,1113916,1146129
20253,11740610,천호2동,10909991,5166234,5743758,1392467,1381274,1896277,1770285,1710179,2759511,2841789,2216303,1279662,1306657,1838493,1427089,1538949,1532440,1534512,1534188,1546661,1603355,1619884
20253,11740600,천호1동,10199559,4751410,5448149,1724565,1117406,1493965,1686809,1569986,2606827,2943532,2090918,1117087,1121719,1571549,1354755,1454791,1442215,1452020,1443626,1434669,1466908,1505327
20253,11740590,암사3동,1651297,772694,878602,385191,163455,223780,276615,237552,364704,461603,373012,182340,171781,244484,218076,237555,238271,239159,241516,236669,228086,230040
20253,11740580,암사2동,2273718,1065194,1208525,322555,270236,400525,397489,364411,518504,618718,455720,251096,257368,385081,305736,320598,315964,315776,315391,321392,341667,342932
20253,11740570,암사1동,8363335,3907681,4455653,1366060,906831,1244850,1427262,1335077,2083253,2415871,1686172,876543,881171,1348842,1154736,1173526,1163806,1166484,1158609,1162737,1243582,1294591
20253,11740560,고덕2동,2166822,1011781,1155041,495782,189891,317436,423646,268935,471132,557124,472966,259941,251502,348143,277148,310460,309723,309910,309320,308731,308285,310394
20253,11740550,고덕1동,3548896,1733558,1815338,1284756,247371,332195,663181,402287,619104,1022249,755878,387192,384418,531067,468091,507273,507228,507728,505778,501825,504913,514151
20253,11740540,명일2동,2187076,1028052,1159023,675787,204508,201959,351555,280145,473123,557411,447407,265042,268541,378046,270630,315472,317509,318750,315966,313802,307133,298447
20253,11740530,명일1동,4605872,2048506,2557365,902423,438559,572026,802217,663444,1227200,1108655,935416,561236,558221,843642,598703,633623,637762,649751,637048,644057,679028,724603
20253,11740520,상일동,3432533,1576845,1855690,753238,296026,477966,703585,463299,738420,916518,709583,390175,390841,568152,457266,492178,491117,494442,492599,489632,484058,488508
20253,11740515,강일동,3514014,1649684,1864330,837072,312863,458637,642246,492363,770832,1034502,757694,370124,354470,515998,481229,505853,503748,501171,500289,494474,494933,513548
20253,11710720,잠실7동,703375,309662,393713,113014,93380,111000,124277,106527,155178,186202,157636,85769,81841,106674,85251,99197,102305,101997,102357,100130,97309,100080
20253,11710710,잠실6동,2368425,1110308,1258117,347620,346621,436541,490054,333745,413844,406367,501341,376696,395081,447018,241922,351085,359450,358600,356455,346686,308461,287687
20253,11710690,잠실4동,2116808,983315,1133493,483463,249019,311470,410504,286278,376074,640157,470823,224561,221434,291077,268756,303981,305082,303212,303567,300982,302759,297226
20253,11710680,잠실3동,3597594,1573928,2023666,913410,408274,498030,678401,469629,629846,832859,729350,464274,482284,649859,438968,501403,505060,506152,512521,513181,536249,523029
20253,11710670,잠실2동,2245535,1015880,1229655,683613,226580,237696,455875,306448,335325,692741,463066,223134,226592,336245,303756,313164,314974,314542,315651,321931,332557,332715
20253,11710650,잠실본동,8130053,3837286,4292766,1236059,1295510,1603546,1473298,1113488,1408150,2082820,1592460,936533,974146,1446080,1098014,1135944,1136708,1138495,1139573,1161735,1220467,1197134
20253,11710647,위례동,3340138,1495492,1844645,1085993,268978,482453,652305,399895,450515,912689,658377,363159,380457,570229,455227,468068,466348,466484,465089,471016,498455,504677
20253,11710646,장지동,7646751,3544383,4102369,1454634,882176,1317174,1303707,1094271,1594790,2161115,1626588,830011,820346,1189412,1019280,1086937,1082678,1088393,1081935,1075257,1097566,1133989
20253,11710642,문정2동,2893688,1443182,1450505,281975,391182,633300,573503,452982,560747,635939,617995,422474,419959,475417,321904,437840,439586,440564,437390,426994,365029,346287
20253,11710641,문정1동,4305386,2045557,2259829,615267,617728,860872,753127,605286,853104,1163500,909002,519041,497878,670113,545854,629184,626489,626015,626871,618239,585595,592993
20253,11710632,가락2동,5751748,2650994,3100756,1030444,682845,869234,913845,873863,1381517,1548759,1194176,659001,662373,934154,753286,823534,818231,824102,815758,813682,821657,834785
20253,11710631,가락1동,751209,364614,386595,132622,67246,135716,148132,109350,158143,192889,155989,89008,89219,126112,97993,107973,107495,107412,107386,108131,107780,105031
20253,11710620,가락본동,8767193,4266994,4500198,1213849,1055156,1629572,1641290,1413203,1814121,2145474,1795303,1108957,1103196,1478859,1135405,1279246,1286877,1284075,1281861,1274557,1195774,1164803
20253,11710610,삼전동,6228098,2857458,3370641,941774,902816,1340910,1110816,801258,1130525,1820391,1266606,665665,666221,983101,826115,888498,881046,881518,877854,874852,902367,921961
20253,11710600,석촌동,6641013,3068286,3572726,872374,983855,1486456,1188242,879357,1230728,1792585,1349511,770736,759260,1093841,875077,936947,940468,940746,943418,943175,959848,976411
20253,11710590,송파2동,2908636,1282914,1625722,656813,318820,437063,475445,395017,625477,758945,622909,354780,343934,462837,365232,417767,416810,417962,417380,416906,408378,413431
20253,11710580,송파1동,5637207,2552744,3084463,704084,1009098,1284477,931004,724606,983938,1449349,1109995,672207,679581,996857,729217,789162,790474,792198,792549,805145,842769,824909
20253,11710570,오금동,9692539,4502400,5190139,2016236,1002863,1221686,1500113,1518797,2432846,2540311,2051249,1183657,1143654,1560548,1213121,1389399,1381327,1379663,1384760,1376670,1374053,1406665
20253,11710566,오륜동,740151,347025,393126,161834,88952,93108,127280,97081,171896,174067,162547,89642,91153,128506,94236,102569,102631,102302,103270,106532,109342,113504
20253,11710562,방이2동,6231598,2965578,3266019,725829,1229464,1444809,1066562,775595,989338,1539319,1206825,742904,755692,1145234,841623,877135,883667,888896,886840,901353,918896,874812
20253,11710561,방이1동,3288095,1541460,1746634,946518,355375,416952,528501,423686,617060,682001,587786,407461,462788,735977,412082,469101,477222,466742,477411,470733,472919,453965
20253,11710550,마천2동,4745569,2294385,2451185,668198,466911,581343,668402,816718,1543997,1354097,951560,509132,518164,774221,638396,664529,658549,662436,657567,663333,705234,733920
20253,11710540,마천1동,2651578,1292577,1359001,447156,266472,314135,375933,475753,772131,805259,555592,264138,264009,397274,365306,371545,369726,369743,366959,368482,391540,413583
20253,11710532,거여2동,3649798,1637527,2012271,636077,338953,542665,594457,560808,976837,1121034,750902,372011,362689,543041,500120,521328,518102,518301,515021,515723,524132,537191
20253,11710531,거여1동,3418112,1624814,1793298,510858,374190,473156,523036,609294,927578,933739,693151,376832,380467,568374,465548,484855,481919,481426,481437,483512,498217,506746
20253,11710520,풍납2동,5130542,2320767,2809774,901102,592998,798093,871403,812935,1154010,1449624,1118663,579954,557530,761156,663615,739596,744395,745897,740492,731936,705518,722709
20253,11710510,풍납1동,4343516,2012686,2330830,567902,535523,690837,645148,711686,1192420,1246268,897423,463791,460359,685338,590335,614762,613313,613651,610820,612745,634258,643966
20253,11680750,수서동,2232614,1059639,1172976,299622,222613,343111,384536,330846,651884,436555,518446,338065,314526,370389,254631,339704,342348,343067,340988,330808,273788,261912
20253,11680740,일원2동,1360721,676547,684172,366224,120390,185660,278098,181878,228468,394059,294487,146757,143295,196424,185696,196180,196640,197909,197333,195306,186294,191056
20253,11680730,일원1동,2493544,1199692,1293852,332642,323500,418393,462030,368897,588082,647844,529575,294953,287623,406568,326982,359746,359462,357512,356323,354809,349400,356293
20253,11680720,일원본동,2422166,1163863,1258302,679244,186376,252062,438735,334017,531732,744510,534480,251011,226397,325458,340309,351791,353386,353015,350942,344693,328557,339779
20253,11680700,세곡동,3382325,1543964,1838361,884129,323208,482919,577353,417999,696717,947807,711730,371107,365562,530039,456080,482926,480930,483113,477707,476680,483789,497183
20253,11680690,개포4동,3410027,1608282,1801746,594322,377409,551330,627914,579047,680004,961089,730237,401093,389862,506302,421446,500361,496357,497707,496053,487574,463998,467979
20253,11680670,개포2동,2144568,958558,1186010,554461,183015,261021,396506,295610,453955,531593,464211,265606,258754,350977,273428,310366,309188,311456,310628,309908,300913,292111
20253,11680660,개포1동,2143956,957480,1186474,604306,153795,231251,422113,279059,453432,652054,460317,217962,209096,305245,299282,301551,300965,301558,299547,301163,308129,331044
20253,11680656,도곡2동,4089946,1857644,2232304,1007714,392925,486072,864654,634402,704180,967579,865995,561141,546346,666568,482317,598226,598709,602770,599490,592859,554413,543477
20253,11680655,도곡1동,8695467,4073713,4621755,1829806,923494,1344797,1794052,1277316,1526002,2044651,1828866,1152773,1162894,1433230,1073053,1270284,1295350,1297828,1283514,1261164,1149033,1138292
20253,11680650,역삼2동,12482409,5943534,6538877,2538513,1824585,2246631,2681202,1741069,1450409,2635537,2769448,1896136,1878107,1981469,1321712,1904222,1939360,1941446,1919853,1841815,1499044,1436669
20253,11680640,역삼1동,20900630,10667096,10233536,1375068,4856762,5738500,4339129,2500730,2090439,3297784,4299833,3681560,3672760,3936783,2011909,3250689,3346118,3336910,3331577,3181686,2361804,2091847
20253,11680630,대치4동,10740014,5341700,5398313,3132481,1435423,1613186,1982158,1483749,1093018,1953878,2083263,1637031,1694981,2184453,1186410,1555959,1580835,1579520,1590792,1559721,1491947,1381239
20253,11680610,대치2동,6783054,3629545,3153509,2114503,777306,953404,1336461,853657,747722,1099950,1401501,1104775,1170807,1339241,666779,1022879,1028864,1015281,1025273,989321,879906,821530
20253,11680600,대치1동,4501935,2162882,2339056,1949297,334180,281156,860342,568416,508544,1030727,874912,563684,617299,858062,557250,643090,644798,630323,644254,641568,663322,634580
20253,11680590,삼성2동,8923470,4372146,4551323,1417584,1250596,1759895,1994782,1322430,1178182,2080818,1948971,1264933,1257302,1378525,992922,1361846,1382451,1370846,1366618,1309302,1081603,1050803
20253,11680580,삼성1동,4991598,2508263,2483336,563008,734519,1095155,1114697,761507,722712,749233,1099023,908437,897818,890249,446838,741265,768772,770917,783594,754308,614179,558562
20253,11680565,청담동,9185850,4278345,4907505,1183071,1346814,1824935,1981873,1363751,1485407,1828718,1985202,1443839,1403820,1547161,977112,1317549,1380471,1390897,1392783,1382128,1229162,1092860
20253,11680545,압구정동,7593147,3432602,4160545,1080702,1287407,1494096,1553399,1023301,1154242,1217435,1443120,1301792,1333648,1513411,783740,1081866,1131660,1128390,1144280,1159691,1045169,902089
20253,11680531,논현2동,11920183,5918761,6001422,1158704,2025729,2895638,2628053,1627371,1584687,2259687,2466428,1967185,1961877,2056119,1208887,1830003,1884822,1894306,1880437,1785655,1384772,1260187
20253,11680521,논현1동,9474796,4526438,4948358,578043,2063196,2512905,1954327,1172797,1193529,1937626,1988758,1436034,1448214,1650708,1013456,1429875,1455899,1456892,1454343,1417959,1173714,1086114
20253,11680510,신사동,6653298,3076687,3576610,803157,1207942,1428698,1383319,912746,917437,1031414,1271915,1141648,1186832,1358962,662526,973335,1011186,1004253,1008428,1015784,884512,755800
20253,11650660,내곡동,1843178,908350,934827,580495,147190,219228,317065,218725,360475,515325,407744,213058,204583,264793,237674,266172,270272,268175,268230,264772,249772,255785
20253,11650652,양재2동,5698690,2973970,2724719,687708,782408,1227555,1153399,906405,941215,1262851,1245539,817430,793210,931420,648241,854154,859033,860167,858435,838426,721502,706973
20253,11650651,양재1동,8747732,4388835,4358897,1439337,1073030,1687826,1703576,1262496,1581465,1863740,1910533,1301900,1264872,1444585,962102,1334615,1344672,1344365,1340969,1276016,1053425,1053669
20253,11650621,방배4동,6246541,2769734,3476806,1149765,784082,940983,1176774,973396,1221540,1521253,1300728,782746,788016,1070838,782960,906032,907943,905702,905131,906858,864707,850167
20253,11650620,방배3동,3438475,1593283,1845193,632670,443189,483255,592618,540225,746518,965066,782066,404890,378033,475034,433387,497786,504905,507205,505648,492888,461734,468310
20253,11650610,방배2동,4440915,2038352,2402563,675016,658996,739789,718866,660680,987570,1046016,904245,564023,562658,807117,556857,638082,639142,643346,644549,652336,626916,596543
20253,11650600,방배1동,4397988,2036463,2361525,816040,607270,764402,766349,625185,818740,1105385,911207,558231,557676,728587,536903,642277,647680,647560,645313,627890,597580,589687
20253,11650590,방배본동,4759818,2141069,2618749,1040006,496246,595747,914701,749919,963202,1264576,987593,566705,568779,766451,605715,681513,683122,686258,682767,679131,672901,674127
20253,11650581,반포4동,5279474,2422285,2857189,1470833,449444,613914,1085083,758998,901202,1287012,1056829,669045,710797,924206,631586,771754,775497,768553,773128,767230,727967,695343
20253,11650580,반포3동,3302145,1493070,1809075,802248,366002,395371,632505,534674,571345,714676,659826,433312,460667,627548,406115,459248,463069,467677,470591,479752,490710,471099
20253,11650570,반포2동,1939613,884401,1055213,548853,193798,230510,387506,281728,297219,418472,436063,269240,266433,330266,219139,276006,279469,281409,283487,283850,271479,263913
20253,11650560,반포1동,6697039,3220363,3476676,1101409,1070555,1356896,1408013,862272,897894,1636937,1399435,862463,870656,1118098,809451,969854,975808,975025,978845,975428,936639,885441
20253,11650550,반포본동,515061,288039,227022,92596,59197,75472,103725,94608,89465,86249,143164,78274,74535,81291,51547,76018,77794,76745,78129,78218,69704,58453
20253,11650540,잠원동,6977070,3312425,3664644,1218773,963030,1219439,1462766,1042179,1070884,1615004,1483472,952327,956501,1161902,807866,1025993,1036791,1029976,1037352,1027232,941967,877758
20253,11650531,서초4동,6597918,3122302,3475615,1134630,1276381,1199142,1276417,874913,836437,1248661,1335791,1035254,1042000,1220247,715966,990890,1006146,995208,1004412,1002950,860866,737446
20253,11650530,서초3동,12272542,6113004,6159538,1625716,1920322,2389677,2445494,1947035,1944297,2359845,2676367,1962358,1919732,2091884,1262354,1843308,1891714,1892018,1886634,1808831,1478439,1471600
20253,11650520,서초2동,7092897,3537020,3555877,843671,1183836,1681960,1566527,972265,844640,1236063,1557977,1189791,1159638,1250890,698538,1110243,1136434,1132272,1126790,1078850,793011,715297
20253,11650510,서초1동,7737320,3750707,3986613,1073330,1179048,1394666,1519901,1215518,1354856,1600287,1691497,1159666,1142464,1306499,836907,1172552,1179470,1182294,1177635,1151497,967079,906794
20253,11620775,난곡동,5557997,2630645,2927352,811020,680298,861127,862147,837851,1505553,1649639,1159403,579202,570535,844935,754283,784881,778471,778393,776758,772715,813819,852957
20253,11620765,미성동,5216546,2357492,2859054,797878,749177,814763,794670,802176,1257883,1561918,1096275,554155,532942,775420,695834,744094,739007,738518,730921,730466,753267,780275
20253,11620745,삼성동,6866480,3466796,3399685,618857,1340678,1030067,954533,1012433,1909913,1954001,1392171,740532,728638,1104126,947015,979069,976823,978824,973192,968171,982784,1007616
20253,11620735,대학동,6344568,3649995,2694574,514135,2090713,1285938,839112,700022,914651,1711603,1310378,722484,712711,1034076,853316,901140,902598,903448,899021,901330,913586,923443
20253,11620725,조원동,7930493,4008248,3922244,518824,1615001,1906207,1417832,1119597,1353030,1921741,1611011,1000864,1012368,1372504,1012003,1149858,1158096,1160801,1154486,1141363,1086482,1079405
20253,11620715,난향동,1380825,649230,731596,283515,119319,161152,253936,235651,327252,364875,277375,159773,164295,235227,179281,194714,192259,194375,192983,192916,204245,209333
20253,11620695,신림동,9702845,5077313,4625532,435808,3404727,2478291,1303747,914766,1165507,2608430,1948007,1044800,1058542,1689068,1353999,1339566,1331387,1341833,1332148,1362670,1487406,1507835
20253,11620685,신사동,7263303,3473620,3789682,552593,1865647,1454840,991884,962061,1436277,2171062,1547844,726675,707639,1106780,1003304,1019844,1013531,1016226,1011474,1013495,1068844,1119888
20253,11620665,서림동,4925507,2661361,2264146,477374,1322656,987189,679578,614473,844238,1546293,1041902,484123,462509,712968,677713,688909,680878,683085,683683,684100,730732,774120
20253,11620655,신원동,5957732,2973695,2984038,524461,1473315,1321130,822831,720676,1095320,1743761,1230500,616314,599079,934301,833776,830687,820136,834239,827493,829653,887217,928307
20253,11620645,서원동,5254418,2637918,2616501,392689,1442609,1173431,708617,615562,921511,1549139,1074642,541208,532272,826844,730313,732143,723026,730224,725634,739405,791109,812879
20253,11620630,남현동,4133633,1982832,2150801,476357,766167,776471,581131,579650,953855,1141166,856011,442172,442890,690372,561022,576324,578339,580915,580672,585784,614065,617534
20253,11620625,인헌동,5897444,2735776,3161670,662229,1401805,1187454,843029,720878,1082049,1719259,1226878,598264,585663,935422,831958,833319,828881,832564,825466,826589,856442,894185
20253,11620615,중앙동,5124150,2374083,2750068,419170,1347001,1121105,699972,604783,932118,1425752,1037904,553634,560351,847656,698854,719135,719422,718755,713759,714336,762797,775944
20253,11620605,은천동,8464236,4018808,4445428,1205470,1513153,1519496,1279643,1176043,1770433,2362359,1705661,917995,926243,1406531,1145447,1188593,1176096,1182193,1177543,1181709,1265411,1292692
20253,11620595,청룡동,10872281,5248769,5623512,970348,3263160,2218146,1407062,1235219,1778344,3172654,2258166,1133073,1106465,1708767,1493155,1526602,1524888,1530369,1520837,1525050,1598274,1646261
20253,11620585,낙성대동,5832003,2878426,2953576,607487,1955353,1216969,707619,574572,770001,1415397,1123697,672976,686863,1120418,812651,806826,814411,815090,815429,832461,878808,868978
20253,11620575,행운동,6894554,3249182,3645371,799431,1699994,1453912,904156,799358,1237703,2055714,1464154,724729,695903,1034770,919284,971200,965896,965651,962993,971663,1013327,1043825
20253,11620565,성현동,4627906,2117030,2510876,826722,582022,716635,786271,689756,1026498,1364013,947481,470754,480813,726581,638264,654322,641145,643226,637472,644296,689921,717525
20253,11620545,청림동,2964442,1383244,1581198,527547,350318,466777,490112,437105,692582,924439,602729,279874,285887,448928,422586,414223,416463,418879,413805,410307,435760,455006
20253,11620525,보라매동,3455004,1680683,1774322,334807,703419,696326,542598,469392,708463,894980,742791,410293,405714,557141,444085,494979,495342,494521,492190,486557,491419,499997
20253,11590680,신대방2동,5171957,2382097,2789860,735742,853253,941942,873052,726336,1041631,1368570,1093036,627611,615028,814984,652729,745377,744306,744553,744558,726274,721150,745739
20253,11590670,신대방1동,3659771,1711084,1948687,477958,591315,642629,571996,583037,792837,1032557,777452,400167,389628,574961,485006,516699,514334,518062,512980,511941,530237,555517
20253,11590660,대방동,7363230,3472686,3890545,1222661,1326320,1209893,1157637,1099305,1347415,2088123,1547387,792991,775014,1147417,1012300,1051201,1048454,1048285,1045789,1041661,1056902,1070937
20253,11590651,사당5동,3281095,1515713,1765381,564007,451869,557277,538528,441488,727925,902453,701750,369811,353580,519682,433819,465113,462933,463834,464033,457610,475692,491879
20253,11590650,사당4동,3902655,1797784,2104871,500101,625802,717320,587233,554228,917972,1147461,791481,396238,405779,622448,539246,545232,539311,540844,539376,542859,582696,612338
20253,11590640,사당3동,5303378,2439566,2863814,871452,657181,838659,830551,762064,1343473,1607629,1092839,527324,524452,805634,745501,750606,745211,748405,739153,740489,778287,801229
20253,11590630,사당2동,7340358,3347409,3992948,1250569,988808,1136593,1142657,1096242,1725489,1812149,1444143,844805,888769,1353690,996803,1032402,1035541,1035985,1031684,1052337,1085855,1066554
20253,11590620,사당1동,6423468,3022155,3401312,619709,1369603,1348683,949166,842743,1293565,1757925,1296444,692183,685233,1112402,879279,904751,907133,910922,913104,929114,941629,916816
20253,11590605,흑석동,5578171,2532959,3045211,899671,1319709,728973,799554,759193,1071072,1423469,1198536,699083,679076,881443,696563,809917,818826,818592,823607,803509,762580,741140
20253,11590560,상도4동,5420016,2410194,3009821,873583,765477,901623,857000,783098,1239237,1720360,1122344,527478,510600,785522,753711,766545,758123,758937,753575,757445,798235,827155
20253,11590550,상도3동,4641678,2096303,2545375,629752,749311,793034,677117,664135,1128330,1411250,940545,458613,458554,720210,652506,652245,645205,644811,642511,643773,690539,722595
20253,11590540,상도2동,4830381,2198083,2632299,917659,719423,723851,793120,701753,974576,1284634,1013496,556155,553590,783210,639296,695859,695595,692859,690591,685740,686503,683236
20253,11590530,상도1동,7858301,3704141,4154163,1158531,2115638,1036934,1022605,975573,1549022,2142927,1604081,887285,892501,1297887,1033621,1106615,1107772,1115797,1108404,1103723,1149806,1166185
20253,11590520,노량진2동,2807850,1405984,1401866,252359,627818,535324,380855,398483,613011,712698,598772,340214,339556,470842,345766,401218,401489,402378,401939,404452,407068,389306
20253,11590510,노량진1동,6079001,3122949,2956053,642536,1825975,1174256,784846,693054,958333,1535273,1280287,715093,729502,1050391,768457,858755,860785,859087,858889,865146,903364,872975
20253,11560720,대림3동,6627927,3205243,3422683,563164,848024,1154412,1119159,1231139,1712028,1632491,1351383,786358,802247,1177157,878291,941079,936548,940345,935293,937694,956789,980179
20253,11560710,대림2동,4616194,2278681,2337515,308432,559912,827056,836933,924546,1159315,1227250,920114,525522,537007,787191,619112,649957,643521,644707,642772,641403,675275,718558
20253,11560700,대림1동,4155361,1937425,2217937,405394,504942,594416,687504,801581,1161527,1143647,838504,465307,467190,679066,561646,582693,578895,585428,577493,577505,604517,648831
20253,11560690,신길7동,3662659,1689078,1973582,711361,510082,613477,601140,525614,700985,921693,769306,427165,430799,634023,479673,520886,520742,522272,521001,518476,529309,529972
20253,11560680,신길6동,5973799,2737744,3236054,970637,850987,1048996,966328,866806,1270046,1648209,1252351,661924,649803,972359,789152,854635,851146,854560,851339,847064,855038,860018
20253,11560670,신길5동,2915361,1348686,1566677,428582,309055,439627,498576,486522,752999,771842,616211,335509,323422,481390,386987,412424,407482,408684,403819,409824,430915,442212
20253,11560660,신길4동,2503634,1193777,1309857,295669,290064,395718,408783,397333,716068,759223,506183,252149,252455,385146,348479,354766,352255,350113,347294,350168,363547,385493
20253,11560650,신길3동,6230816,2997088,3233728,1032060,720344,971317,937708,983374,1586014,1773262,1243942,659863,671446,1023330,858975,879370,871377,870182,863848,873061,923455,949522
20253,11560630,신길1동,5547237,2713414,2833823,604443,894134,1011636,845758,837817,1353449,1563935,1173946,602413,593825,870447,742672,788199,787885,785472,782413,783206,800088,819974
20253,11560620,양평2동,4830869,2387612,2443257,574865,747645,1212053,928435,667231,700640,1264590,1082200,601640,577652,712690,592097,719900,723732,724301,719877,706898,619506,616655
20253,11560610,양평1동,4966688,2381351,2585338,598706,795125,1177405,927332,682727,785391,1200331,1083033,694810,664256,754267,569989,747347,745844,747851,744026,723076,623784,634761
20253,11560605,문래동,9426403,4558152,4868253,1272917,1332426,1901548,1849572,1382318,1687622,1775667,1940489,1400687,1434867,1805847,1068845,1360408,1370532,1382662,1387963,1400918,1302001,1221921
20253,11560585,도림동,5405206,2570004,2835202,677953,733565,993195,865660,844463,1290369,1608510,1093320,541943,545794,854757,760883,749384,744183,748525,747211,749054,810793,856058
20253,11560560,당산2동,8836363,4118965,4717398,1253298,1549426,2008061,1534396,1092236,1398947,2275923,1901394,1051968,1039713,1438933,1128432,1276065,1277613,1282576,1280969,1271844,1222758,1224538
20253,11560550,당산1동,7187765,3410381,3777384,634100,1284034,1692680,1239806,1040529,1296615,1615382,1508969,1020379,1008982,1208747,825308,1052993,1055213,1058370,1051128,1050420,976983,942656
20253,11560540,여의동,6602277,3358897,3243380,741702,931009,1441047,1473959,1008058,1006502,1100101,1502741,1146336,1136818,1123775,592505,1017579,1047566,1042385,1045328,991203,759195,699021
20253,11560535,영등포동,10726612,5251519,5475093,795271,2331658,2617500,1767504,1424836,1789841,2171517,2145785,1578950,1646801,1973901,1209657,1493992,1517306,1522723,1527273,1569095,1589400,1506821
20253,11560515,영등포본동,6486570,3178694,3307876,842268,950099,1127996,1018674,1000624,1546908,1817889,1360240,709702,699860,1025730,873148,911498,913196,911814,904771,916510,952998,975783
20253,11545710,시흥5동,3354825,1587103,1767722,511151,366653,462860,506895,602210,905055,934612,662112,358495,368839,564168,466597,472622,470919,473042,471532,473947,489752,503010
20253,11545700,시흥4동,2096861,1005533,1091328,341044,201240,288151,320447,357642,588337,666774,437350,207237,201746,298627,285127,295087,291737,292433,291362,289474,308204,328564
20253,11545690,시흥3동,1286567,642348,644220,174891,131219,185993,206826,219068,368570,392269,282057,130869,124441,182566,174365,186289,183819,184862,182976,182758,180062,185801
20253,11545680,시흥2동,1417429,637167,780262,327075,117334,157851,220016,213468,381684,402156,289545,147280,153960,229793,194693,200659,198745,199664,198102,195764,208042,216453
20253,11545670,시흥1동,5236760,2549447,2687313,699297,657919,883456,819172,894041,1282876,1383029,1033546,611338,615291,895261,698294,748985,748926,746806,743574,745191,752147,751131
20253,11545640,독산4동,3767043,1821983,1945061,392075,463695,602732,593114,682654,1032772,1100339,758304,388082,386845,603823,529650,530626,527286,529575,524526,525545,551998,577490
20253,11545630,독산3동,4658919,2264651,2394267,490662,646881,824412,766140,761423,1169400,1276328,949373,518494,524363,767197,623163,658601,653119,657344,654376,653111,677752,704613
20253,11545620,독산2동,3124018,1501589,1622429,327382,379061,524789,486055,564146,842586,928499,635408,321852,323856,487584,426819,439196,432971,435608,431841,431893,461944,490568
20253,11545610,독산1동,5150224,2635026,2515198,599417,902302,1124436,822680,738828,962563,1375434,1101954,595592,589606,820776,666861,739654,738530,740495,739215,730980,723690,737662
20253,11545510,가산동,5021514,2742845,2278669,243274,1155689,1342462,899065,696921,684105,1165261,1106620,713193,693724,776830,565887,771578,773588,771232,766713,735540,595305,607558
20253,11530800,항동,952480,459472,493009,259964,68419,158105,192000,112249,161745,278516,196542,98334,97964,148320,132804,135444,136832,137203,137536,135904,133681,135880
20253,11530790,수궁동,1662721,758444,904278,302277,183172,209027,269555,267942,430746,454455,349494,179484,180812,273537,224940,233228,231469,235599,230892,233294,233288,264951
20253,11530780,오류2동,4858100,2217718,2640384,997104,568576,700937,765226,683370,1142890,1453435,1010171,496208,491924,745040,661321,688782,683926,685894,684691,681493,701389,731927
20253,11530770,오류1동,4204366,1931794,2272572,567090,687441,740761,621687,609914,977473,1139069,828240,450518,470493,724431,591615,587319,583841,585746,585192,587574,631496,643199
20253,11530760,개봉3동,4520278,2128524,2391754,779802,457348,666787,809177,711026,1096138,1142684,850003,510743,550868,831843,634138,634953,633009,637799,634111,639211,662602,678591
20253,11530750,개봉2동,3655060,1642897,2012164,511633,445062,590414,579682,559747,968523,1054529,727432,362477,376064,613900,520657,510700,504480,506010,502953,506712,552919,571288
20253,11530740,개봉1동,7428185,3496435,3931749,1127310,827066,1144219,1125924,1207809,1995854,2135402,1506379,794668,788919,1188921,1013895,1045828,1041386,1040045,1037212,1040907,1090980,1131827
20253,11530730,고척2동,5132492,2361530,2770962,1022705,494323,668286,779188,834562,1333431,1549860,1063446,534639,518102,771877,694570,727065,721837,719896,718450,720679,746048,778518
20253,11530720,고척1동,4618066,2153092,2464974,806433,604023,703719,705629,726485,1071776,1273620,934000,523048,518999,761263,607135,642288,649242,647740,646502,653218,686142,692934
20253,11530595,가리봉동,3061308,1691295,1370013,107573,581260,698017,595894,518160,560403,751139,655186,401298,391595,497476,364612,447134,447139,453691,449483,435747,404842,423273
20253,11530560,구로5동,6782552,3250395,3532157,830768,1047297,1289406,1111589,1064151,1439341,1609869,1405337,865122,864523,1191017,846683,959506,958964,964819,960854,967584,982841,987984
20253,11530550,구로4동,7382627,3648326,3734301,658133,814102,1205588,1350575,1396339,1957891,1826338,1490897,889772,937945,1302390,935287,1068726,1058203,1068958,1065006,1050499,1030928,1040308
20253,11530540,구로3동,7335700,3738560,3597139,718573,1120836,1529666,1421246,1146574,1398804,1658137,1593255,981323,979487,1256222,867277,1105472,1102067,1107593,1101711,1078416,919503,920937
20253,11530530,구로2동,8823115,4263832,4559284,791557,1002335,1434685,1528971,1759036,2306534,2311195,1869681,1066481,1058965,1401572,1115222,1272968,1264854,1271790,1260917,1243236,1230891,1278459
20253,11530520,구로1동,1912035,920331,991704,445198,193587,325255,330252,267699,350047,532154,421874,216170,208211,289163,244466,275983,275816,278034,277073,271801,261367,271963
20253,11530510,신도림동,6482714,2969764,3512948,1496000,713927,1065260,1181421,865877,1160228,1656846,1328670,776781,782733,1092340,845347,912999,908356,910007,912361,916713,952135,970143
20253,11500641,방화3동,2377548,1117770,1259777,370803,226933,383459,405491,353229,637634,721802,493712,244276,239999,352708,325050,336516,335007,335864,332503,333668,345953,358037
20253,11500640,방화2동,3926083,1901394,2024689,423300,551456,752934,641562,582038,974793,1044544,820503,470052,462853,627810,500322,549045,554735,553976,553034,555384,572194,587716
20253,11500630,방화1동,7236902,3395322,3841579,1317111,747326,1153329,1227754,1027434,1763949,2011228,1487867,812159,806770,1157580,961299,1028985,1022518,1029470,1022609,1027883,1041763,1063675
20253,11500620,공항동,5412543,2690045,2722498,1239560,642113,843259,966017,689187,1032406,1631350,1130776,587240,561913,784578,716686,779335,780134,782334,778532,770504,755963,765738
20253,11500615,우장산동,7200082,3258542,3941541,1547701,970016,1023216,1242945,999435,1416770,1935615,1516100,811908,808510,1179678,948273,1028982,1020554,1029991,1022764,1017259,1041435,1039096
20253,11500611,발산1동,5485939,2424038,3061901,1512530,615697,646219,922935,793221,995337,1526490,1203291,648317,613901,803575,690363,801247,799399,800062,798094,788931,745962,752243
20253,11500605,가양3동,1497068,715774,781294,119548,163911,362037,269004,203955,378614,415392,320627,175612,171773,224622,189043,220968,219442,217974,217577,213136,203333,204640
20253,11500604,가양2동,1911901,861051,1050850,180384,193639,347473,279458,247679,663270,462581,411431,232072,236264,326124,243430,274019,273556,272965,273029,271772,271111,275450
20253,11500603,가양1동,3140169,1542512,1597657,362418,504774,751868,567482,427641,525985,655076,693227,473921,461174,515823,340949,476701,477478,478200,477575,464599,389483,376132
20253,11500593,화곡8동,9879214,4641253,5237961,1830295,1334446,1641928,1779423,1384176,1908950,2627134,1980345,1134083,1162184,1667514,1307953,1402098,1402631,1404155,1400891,1398409,1433220,1437811
20253,11500591,화곡6동,5220479,2402683,2817796,553737,870662,1120660,894502,701378,1079539,1435428,1083754,579439,572750,838500,710607,734129,733341,731852,728019,736104,768317,788718
20253,11500590,화곡본동,8214328,3830085,4384242,1312248,1243569,1462359,1320780,1090530,1784842,2519767,1700771,819673,809660,1232513,1131942,1156384,1141796,1145917,1136398,1139286,1216190,1278357
20253,11500570,화곡4동,3855517,1761950,2093567,750352,475243,556798,602508,575613,895001,1144166,800314,412448,394474,581487,522628,548017,543792,547256,543456,542392,557970,572632
20253,11500560,화곡3동,3495630,1588274,1907356,561211,487595,569983,558605,472019,846218,903909,690876,399915,408162,616976,475791,492262,490882,497860,489470,491115,512585,521458
20253,11500550,화곡2동,3786468,1728955,2057513,638940,471929,572707,624357,585865,892669,1116218,761399,391386,399500,599747,518219,532617,527029,528400,529205,529051,560399,579766
20253,11500540,화곡1동,16469502,7762384,8707118,1795137,2851429,3279638,2719946,2280652,3542702,4371379,3326948,1862178,1887485,2780247,2241266,2331033,2308661,2314275,2307079,2311554,2414816,2482083
20253,11500535,등촌3동,6951747,3212640,3739107,992120,900875,1262551,1122398,931667,1742136,1854607,1452625,857820,826458,1085941,874297,997563,1004124,1002840,1000745,998407,969108,978960
20253,11500530,등촌2동,3894385,1790784,2103603,624994,517775,788402,630398,514512,818305,1166982,829865,410809,400320,564007,522404,558022,551198,554174,550545,547359,558432,574657
20253,11500520,등촌1동,4454462,2049648,2404814,474751,694084,1137708,764007,562054,821858,1321153,947171,490414,463711,648062,583950,641310,640485,644125,638755,630711,620685,638392
20253,11500510,염창동,8160827,3795626,4365201,1828456,857184,1577320,1536438,1020828,1340602,2375470,1701319,843249,833664,1263579,1143546,1168246,1164188,1164945,1163318,1157370,1154322,1188439
20253,11470680,신정7동,2919926,1320641,1599286,779128,253101,298112,491315,428993,669277,860297,587455,297561,306005,466389,402218,414709,411937,410496,411305,410210,425494,435774
20253,11470670,신정6동,1972479,883348,1089131,579751,163659,202906,382221,275738,368202,520132,406904,226348,233741,334285,251070,281257,282843,282322,281990,278175,282067,283823
20253,11470650,신정4동,10637526,5014982,5622544,1895998,1509321,1579981,1772964,1589326,2289934,2973304,2210815,1187651,1181151,1689468,1395138,1516004,1510431,1518647,1507973,1508522,1535962,1539989
20253,11470640,신정3동,7225369,3331180,3894190,1561712,737017,947217,1155216,1129588,1694620,2279263,1564336,726827,658553,986752,1009638,1038162,1032180,1030310,1026634,1025802,1010291,1061989
20253,11470630,신정2동,4421396,2033459,2387937,1236729,440757,446610,791240,672535,833524,1208927,888606,498810,505951,736036,583066,621175,622250,624163,623001,623455,647643,659708
20253,11470620,신정1동,3113363,1462181,1651184,777949,320441,354261,565405,468172,627135,754958,613448,376110,388852,569243,410752,443848,440789,442298,441086,441628,454042,449670
20253,11470611,신월7동,2005525,959286,1046239,311443,197582,272164,285736,328086,610515,519718,405134,224811,226295,349701,279866,283095,281757,280583,279675,280936,295046,304431
20253,11470610,신월6동,827832,397924,429908,135865,78119,125418,141314,133811,213304,185398,171520,104568,108847,150957,106540,118094,117461,117938,116745,116486,119141,121966
20253,11470600,신월5동,2705193,1283328,1421864,487973,305478,407812,426743,393221,683967,728926,576483,328195,307486,420754,343351,388716,385477,384498,386547,386527,377930,395501
20253,11470590,신월4동,3274435,1533730,1740704,761837,289436,396069,538267,474766,814059,986863,662526,333493,332023,506179,453350,466191,463159,466079,461879,462697,469305,485125
20253,11470580,신월3동,2644888,1309029,1335858,401142,273538,373424,423307,438217,735258,745144,562382,301538,292637,399573,343614,375896,374937,375762,375833,373413,377161,391887
20253,11470570,신월2동,3476219,1618159,1858061,721758,342179,487740,581009,486921,856611,1018932,709720,363543,363187,540188,480650,493440,487737,489594,487142,484931,505493,527882
20253,11470560,신월1동,3869878,1888100,1981779,505667,417947,575132,639478,614261,1117397,1123856,787160,412494,411758,608806,525807,545508,541689,538907,538834,541645,574627,588669
20253,11470550,목5동,4780698,2212301,2568396,1613960,403394,396258,921625,654582,790880,1244004,951803,535518,564811,841464,643097,673332,671164,672567,671639,674303,707820,709875
20253,11470540,목4동,5479844,2600703,2879142,1284247,677122,636818,884757,937300,1059598,1681809,1130220,555851,546068,809789,756105,778193,772903,772243,771127,774233,793290,817857
20253,11470530,목3동,4937827,2235005,2702821,815765,578618,828837,779525,729232,1205846,1379522,984126,531828,527733,813177,701440,700833,692454,694702,692197,693970,720826,742844
20253,11470520,목2동,6463142,2970834,3492308,1095081,850537,1129724,1031399,943987,1412415,1961808,1353193,634857,629615,983036,900633,912608,901301,909751,896816,897937,954624,990105
20253,11470510,목1동,4584331,2108183,2476149,1364835,495361,507703,888153,647006,681272,859866,891060,651377,689235,944820,547972,650573,650785,649041,651378,664287,684236,634034
20253,11440740,상암동,5380944,2592992,2787952,778334,865893,1102125,1097928,771577,765085,1155665,1182312,783570,759543,893033,606821,822397,836854,827351,834297,790815,645055,624174
20253,11440730,성산2동,6388091,2828902,3559189,1017230,1028092,1151857,1084089,932521,1174302,1919051,1336191,649899,640863,966514,875572,903885,899141,897524,899297,894894,926870,966480
20253,11440720,성산1동,5959723,2662419,3297304,825809,956772,1156483,1171522,859930,989208,1596395,1252408,699013,692908,950601,768399,848718,846642,848199,841878,841926,856486,875874
20253,11440710,연남동,6346996,2809917,3537079,639974,1585055,1398943,1068902,735118,919004,1569807,1213575,775975,825989,1156913,804737,873972,873701,880895,887782,908179,971999,950468
20253,11440700,망원2동,5588947,2503464,3085485,764640,793079,1016013,999202,869791,1146223,1617288,1132230,586240,593957,897082,762150,775194,773919,775671,774772,782656,835442,871292
20253,11440690,망원1동,6696623,2947179,3749444,650806,1278870,1481901,1163908,863872,1257266,1919431,1307853,712275,738229,1100142,918693,911285,914602,920129,926648,940902,1036544,1046511
20253,11440680,합정동,4484725,2076841,2407883,422285,1023134,1097313,775464,533745,632780,970416,870585,613492,618155,859938,552140,626232,633174,634591,643668,653151,659551,634359
20253,11440660,서교동,17334585,7644816,9689769,1916037,5815367,3585342,2628416,1693868,1695555,2845169,2849896,2617836,3032377,3953605,2035702,2350603,2376401,2393902,2448112,2565400,2736725,2463443
20253,11440655,서강동,6153635,2890718,3262917,963245,1480516,1057102,958076,739087,955607,1564443,1246467,748827,772972,1048773,772154,862344,869945,878139,877745,879452,895729,890280
20253,11440630,신수동,4825816,2312140,2513676,871861,835045,731347,796558,700463,890543,1243489,1011436,583795,582266,800061,604769,688025,689738,685904,690434,685463,690428,695824
20253,11440610,염리동,5747906,2559894,3188011,1140517,729324,978357,1175959,821210,902541,1542608,1181109,675493,666616,922594,759485,834077,834755,837864,833724,819968,792407,795112
20253,11440600,대흥동,7037790,3146941,3890848,998446,2121986,1129721,1025678,803039,958919,1571040,1459946,926672,944147,1279422,856565,1007398,1020366,1025350,1021038,1013246,998648,951745
20253,11440590,용강동,5714271,2634682,3079589,1178111,600458,930211,1145623,857543,1002322,1444351,1171351,705171,709274,980647,703477,828444,833273,829011,832041,824800,794967,771735
20253,11440585,도화동,3908046,1807054,2100993,439156,552890,800107,706052,605773,804069,828326,772769,521929,531259,762786,490976,560429,558416,560349,559347,561439,562370,545698
20253,11440565,공덕동,12192896,5630805,6562090,1753092,1744864,2277200,2064654,1883574,2469511,3378112,2574313,1392771,1347618,1892251,1607829,1765065,1748867,1758123,1753301,1734653,1698560,1734327
20253,11440555,아현동,7686071,3317339,4368731,1527182,931885,1421131,1429712,1088374,1287786,1958080,1672483,955270,943306,1228099,928833,1124238,1127927,1131264,1121727,1108075,1035095,1037745
20253,11410720,북가좌2동,9419773,4198843,5220929,1503641,1278541,1386720,1503519,1471642,2275710,2658688,1869184,994114,1029983,1560756,1307048,1327011,1317997,1318501,1313631,1316502,1390676,1435455
20253,11410710,북가좌1동,2569931,1176309,1393622,559547,253555,341313,449488,408055,557972,754606,525519,261207,260934,405022,362641,363725,362307,360850,359484,360589,375292,387683
20253,11410700,남가좌2동,5931753,2645947,3285805,1029077,1246802,804737,877034,789064,1185038,1567328,1234356,694558,687063,973875,774572,843979,843951,848234,842490,827914,854515,870668
20253,11410690,남가좌1동,1318629,580426,738203,343276,129725,180153,236820,187405,241251,308557,269299,154362,172015,247514,166881,184404,182919,181405,182451,185158,202991,199300
20253,11410685,홍은2동,4450700,2002191,2448509,739406,742957,565011,662030,690917,1050382,1272527,966999,495905,477632,658815,578823,635995,634486,631665,632623,625436,633784,656713
20253,11410660,홍은1동,3870494,1745309,2125185,544757,454615,559569,591861,657430,1062262,1110027,794819,400727,402797,624354,537770,539100,534780,536904,532030,533458,581041,613179
20253,11410655,홍제2동,2336838,1031375,1305462,330332,271386,345108,357735,396311,635968,632342,451087,242641,260791,415279,334698,330457,324497,325478,324113,326164,347920,358209
20253,11410640,홍제3동,3609155,1619606,1989549,500633,450664,494588,515508,611729,1036033,922722,728667,415520,427735,626659,487854,510173,508970,510541,509356,511999,523251,534865
20253,11410620,홍제1동,5368989,2360797,3008193,827335,656001,730271,777999,881608,1495776,1496788,1121610,592177,592201,856564,709649,757192,749005,750421,753975,758293,793570,806532
20253,11410615,연희동,8695357,3953762,4741594,1048051,1974376,1401917,1354821,1242742,1673448,2326178,1867155,1036268,1014580,1363076,1088097,1227883,1237945,1232282,1231638,1224989,1259752,1280867
20253,11410585,신촌동,10227328,4246328,5981000,1048051,4696266,1645598,1030421,878779,928211,2115409,1928730,1408486,1450821,2044216,1279665,1422670,1451898,1452772,1468953,1499721,1519498,1411815
20253,11410565,충현동,11135942,5163428,5972515,1148622,1756293,2253474,2266268,1827985,1883301,2208679,2455654,1766785,1782304,1803533,1118989,1704931,1741823,1749694,1732399,1638936,1294571,1273587
20253,11410555,북아현동,22328990,10565233,11763757,2484106,3436386,4702753,4939497,3643093,3123157,4906520,5069296,3427958,3367984,3212663,2344571,3498296,3605708,3576831,3533079,3422392,2412962,2279723
20253,11410520,천연동,3250105,1471287,1778819,555570,392265,436164,530675,556606,778825,883821,683567,378531,362441,515089,426657,468511,473516,471155,471002,464206,450077,451637
20253,11380690,진관동,6752114,3021839,3730276,1772036,693641,732832,1126924,1013209,1413470,1964758,1417383,721148,705253,1033550,910023,957040,951678,947660,943541,947483,989096,1015618
20253,11380650,수색동,2441888,1145275,1296611,309262,305141,476902,444809,418167,487607,701814,508142,257356,259735,383486,331355,345056,345960,345750,343233,342835,355471,363580
20253,11380640,증산동,2920051,1335994,1584057,427450,360656,448719,473765,482643,726821,854859,614596,302708,295623,450897,401367,413735,410141,413476,410504,411861,424437,435895
20253,11380632,신사2동,2643646,1243147,1400499,458662,295133,378560,411978,394825,704487,733385,568809,294371,286033,414739,346310,375095,372872,373594,372262,370756,381489,397577
20253,11380631,신사1동,5909243,2650905,3258337,930117,734841,885004,976171,941448,1441663,1738944,1201060,601312,602008,939944,825976,827222,817892,823645,819378,821534,881967,917607
20253,11380625,역촌동,11281016,5036221,6244796,1764988,1453129,1634363,1853559,1809615,2765361,3242969,2259646,1185983,1197077,1836668,1558675,1587520,1572327,1575921,1564502,1575921,1681165,1723661
20253,11380600,응암3동,7547967,3466432,4081535,957851,993443,1118650,1260129,1197179,2020714,2134674,1517272,812601,799007,1219301,1065111,1068716,1067384,1065006,1063448,1071345,1095572,1116497
20253,11380590,응암2동,3764228,1727630,2036598,861405,305332,547663,769875,510067,769887,1054024,765880,403085,410425,616414,514400,527891,523100,527188,526116,523996,557125,578812
20253,11380580,응암1동,5150408,2230452,2919955,818540,717647,834044,936233,749538,1094405,1539484,1045312,528865,528911,809585,698251,730890,722981,721802,717608,728464,762916,765745
20253,11380570,대조동,12550609,5567269,6983340,1763420,1801603,2257294,2037579,1895034,2795679,3511765,2516268,1358451,1372173,2053172,1738779,1785132,1784422,1786870,1776312,1780894,1822969,1814010
20253,11380560,구산동,5379444,2328274,3051171,1022021,641972,681088,811500,862553,1360312,1589385,1129424,572192,556644,806166,725633,765239,761917,762712,758414,755234,773232,802695
20253,11380552,갈현2동,5745221,2579270,3165953,1048236,779266,754688,910382,900387,1352260,1618284,1191645,613796,608572,918294,794631,817840,810945,811497,810280,814292,831946,848424
20253,11380551,갈현1동,5242205,2399524,2842681,732408,775816,804731,811831,818142,1299274,1259645,1090146,636065,640358,934631,681358,745983,741288,742960,743312,750059,759916,758688
20253,11380530,불광2동,5257874,2410802,2847072,706920,696260,754390,740345,874345,1485614,1539384,1094702,561861,536561,803285,722082,747408,739260,740737,733041,738269,764649,794507
20253,11380520,불광1동,5345478,2384408,2961069,775620,666183,782997,777874,846811,1495992,1542755,1083240,567466,574434,853953,723628,753213,746243,748866,745288,746029,789337,816500
20253,11380510,녹번동,6404838,2799111,3605727,846574,821712,1046455,1034110,1036408,1619578,1931198,1337495,650963,639082,963131,882968,910428,906761,909555,904912,902567,926205,944409
20253,11350720,상계10동,1912468,840534,1071934,324885,258096,296628,281997,299250,451611,472283,382153,229471,240567,340840,247155,266845,266815,266553,265164,270951,287762,288377
20253,11350710,상계9동,1739696,776289,963407,376015,175514,239863,248721,252021,447565,501391,365321,187270,179838,267044,238833,250612,247776,248157,245883,246518,246711,254039
20253,11350700,상계8동,1003660,446698,556962,225245,97972,170819,155081,136017,218528,304952,206840,96607,93687,152850,148726,143448,142742,142733,141388,141170,143904,148276
20253,11350695,상계6?7동,6244177,2713443,3530735,1034946,850792,919572,968697,1036624,1433546,1430544,1256056,844916,856756,1100347,755558,895956,894393,900450,897700,904881,890391,860406
20253,11350670,상계5동,5397199,2445445,2951754,768171,611810,614953,748768,971145,1682350,1488987,1075553,584955,601150,907790,738765,761699,753118,757031,753057,755378,797786,819131
20253,11350665,상계3?4동,8200705,3821232,4379474,1248404,836733,919316,1207548,1451954,2536750,2244602,1670276,892815,915189,1379304,1098520,1142599,1132134,1138943,1133879,1137367,1240068,1275715
20253,11350640,상계2동,10000093,4638755,5361338,1536201,1518548,1322464,1409466,1671717,2541698,2344583,1933041,1253114,1305838,1874669,1288848,1387718,1393303,1395245,1395758,1426950,1499813,1501305
20253,11350630,상계1동,6698194,3038557,3659638,1039169,699602,806646,953425,1129047,2070306,1762271,1339197,776670,784739,1150615,884701,938635,926075,932188,928774,929815,1004742,1037964
20253,11350625,중계2?3동,4417808,1936454,2481354,868549,470211,559049,714847,723868,1081287,1265726,926630,490568,472183,669131,593571,627906,626442,630552,625257,622960,632969,651721
20253,11350624,중계4동,2841905,1333615,1508291,534188,315650,276647,416560,495948,802912,760856,556930,319382,327757,486838,390141,403516,401473,400908,400228,402374,416084,417323
20253,11350621,중계1동,3748601,1729253,2019348,1211325,367450,271128,654899,585542,658258,1012093,744022,417442,439192,648119,487733,532171,534214,532632,531616,530255,544884,542828
20253,11350619,중계본동,3816380,1722341,2094040,1291697,371323,246183,680448,609941,616787,909666,734608,456476,512318,731429,471884,528861,527979,531232,532611,525472,586257,583969
20253,11350612,하계2동,2472693,1102926,1369767,413032,290215,325276,419196,418196,606778,698238,514253,261308,264001,394525,340369,348258,344591,348708,344910,346020,366344,373862
20253,11350611,하계1동,3573109,1681859,1891251,641221,532841,385227,490904,593958,928957,908287,772876,456659,435434,560737,439118,509910,512614,515938,511779,505437,499076,518354
20253,11350600,공릉2동,8165486,3839210,4326275,1612612,1626353,1047898,1202935,1071975,1603714,2249739,1710826,917904,895114,1300820,1091080,1158039,1156459,1160833,1157216,1158829,1177313,1196799
20253,11350595,공릉1동,10101742,4695822,5405919,1410772,1944035,1374051,1443631,1466487,2462764,2714022,2058430,1142925,1143867,1694846,1347651,1428136,1421646,1423525,1424006,1431544,1482911,1489976
20253,11350580,월계3동,2351729,1080845,1270885,388748,264371,337601,368594,354939,637476,669106,493018,248737,250201,372238,318430,330474,327635,328590,327860,328608,352493,356069
20253,11350570,월계2동,3666434,1630772,2035662,701504,393121,426400,573792,550563,1021053,1239096,791884,340890,306751,471831,515981,528661,526359,526858,525777,514572,511339,532869
20253,11350560,월계1동,4504796,2372189,2132607,768581,1043538,535943,581251,604852,970632,1148424,939829,550684,538917,749772,577171,646771,651344,650395,646643,644131,633091,632425
20253,11320710,방학3동,3146058,1468330,1677729,679734,264954,323664,463555,469895,944257,975217,654582,320989,303061,461053,431155,447095,440426,441424,440308,437490,458476,480840
20253,11320700,방학2동,2690533,1281707,1408826,325792,267694,300884,373813,481573,940778,730701,535833,300094,307588,450900,365417,380186,376121,376720,374185,373868,399505,409949
20253,11320690,방학1동,6456625,3012894,3443731,852382,746548,793531,999803,1139785,1924578,1573632,1288122,782490,813000,1162122,837261,907371,899880,903811,900412,905654,963106,976391
20253,11320681,쌍문4동,2495297,1158847,1336450,599230,217603,276691,365856,373333,662586,690613,525032,273589,278958,397840,329265,354796,355052,353124,353712,349503,356321,372788
20253,11320680,쌍문3동,5366654,2397127,2969527,794964,744031,755614,798838,826195,1447011,1424668,1128167,617074,605586,879180,711980,763853,760510,761152,760526,761020,770914,788679
20253,11320670,쌍문2동,4296230,1957039,2339189,636935,505321,586984,632657,701513,1232820,1182922,879231,488172,482575,690240,573090,614447,614328,614026,608927,609490,609756,625253
20253,11320660,쌍문1동,4582214,2042029,2540185,754514,693722,527855,630612,714579,1260932,1322833,946084,497491,488613,708326,618866,650741,649703,647968,645721,634982,659368,693730
20253,11320522,도봉2동,3043150,1435062,1608089,421643,295657,388450,450931,518047,968421,843318,630707,333687,332326,487295,415817,431944,433297,432319,428637,429912,437745,449298
20253,11320521,도봉1동,3636265,1775331,1860936,443308,348908,415979,480920,658126,1289026,994578,755990,415431,422187,581071,467010,510385,508750,509346,505633,509646,533234,559272
20253,11320515,창5동,3786705,1713931,2072776,572491,482424,546826,552600,607939,1024427,862366,754365,471676,492573,718822,486903,538192,534403,532738,532427,539601,557297,552048
20253,11320514,창4동,3504270,1639099,1865171,571224,414014,458435,534054,595972,930572,971808,746162,403203,397335,532746,453016,492834,494198,493651,493277,500392,510837,519081
20253,11320513,창3동,3520444,1621723,1898720,528244,377784,381052,550375,648083,1034906,1001162,714501,380635,374909,562174,487064,497044,491750,495538,495875,490388,514084,535766
20253,11320512,창2동,10383795,4811762,5572032,1481326,1461875,1507836,1605361,1601996,2725402,3145739,2093602,1039157,1048575,1593491,1463231,1465294,1450838,1458844,1449271,1448493,1529290,1581767
20253,11320511,창1동,3461569,1611968,1849600,513154,450125,497667,511046,566447,923129,906045,717855,406387,404929,573775,452577,490329,487960,493205,487724,493118,499387,509846
20253,11305660,인수동,7957410,3653963,4303447,1234406,944822,934804,1158472,1293681,2391225,2342827,1648260,839713,834866,1215675,1076069,1131607,1122185,1119573,1115463,1116789,1156165,1195629
20253,11305645,우이동,3769261,1653433,2115828,522441,529927,455898,571989,621397,1067612,1068010,779107,426316,413970,584900,496958,525243,525669,525006,522021,523915,567487,579922
20253,11305635,수유3동,9309172,4349574,4959598,850263,1966356,1395188,1421048,1485555,2190761,2297725,1811846,1101075,1131298,1698840,1268388,1302111,1302545,1309332,1309335,1341406,1384017,1360425
20253,11305625,수유2동,5091036,2285510,2805526,631216,682830,597279,772310,887227,1520172,1299106,994330,589802,606962,912053,688783,721076,712537,707103,708049,711419,750342,780508
20253,11305615,수유1동,5777265,2707476,3069790,788059,840231,736736,825072,930469,1656698,1660308,1234633,656041,624331,851587,750363,821948,817824,817480,817940,813127,830299,858647
20253,11305608,번3동,3043622,1376103,1667518,439298,297922,331852,444846,525315,1004389,894309,622436,316829,316392,475314,418343,435234,434450,434163,430234,429400,432910,447231
20253,11305603,번2동,2691903,1264317,1427586,345146,322129,340460,370923,467784,845459,844535,568321,273295,257297,385639,362815,381555,379657,377589,375447,376082,392725,408847
20253,11305595,번1동,6598159,3049728,3548430,680815,1246161,979802,974383,1088481,1628516,1768277,1349492,768413,770052,1086212,855713,939246,933209,937087,934345,937738,951133,965399
20253,11305575,삼각산동,2871529,1310482,1561047,739759,265851,298010,485837,461642,620430,734139,587601,333693,357870,492840,365385,401288,401993,403709,399043,397633,427197,440665
20253,11305555,송천동,10161334,4603342,5557992,1678046,1097662,1195019,1462381,1758360,2969868,2707728,2156281,1217248,1172554,1613070,1294454,1455731,1443119,1449883,1447368,1442192,1445854,1477186
20253,11305545,송중동,11508882,5168593,6340289,1673263,1542384,1511399,1747749,1949852,3084237,3062897,2291181,1320888,1346739,1945606,1541572,1627581,1625901,1631728,1619844,1635174,1685116,1683540
20253,11305535,미아동,7696091,3467211,4228880,745206,1355719,1050642,1081617,1293838,2169070,2083933,1630068,888097,872798,1218618,1002578,1099100,1096411,1094880,1095836,1091330,1108108,1110425
20253,11305534,삼양동,10865484,5124142,5741344,1617889,1341352,1351496,1727334,1789917,3037497,3071079,2208462,1167830,1176386,1774444,1467283,1530642,1510952,1517497,1504110,1511982,1613523,1676780
20253,11290810,석관동,10002674,4655450,5347223,1411143,1585896,1405310,1427227,1634884,2538212,2872761,2057001,1072670,1065114,1581143,1353986,1418040,1421009,1420501,1419883,1411128,1430648,1481465
20253,11290780,장위3동,4000943,1918577,2082366,627363,543511,607276,651045,630905,940844,1088642,826536,439730,441805,658670,545558,567583,565670,564716,561117,562627,582028,597202
20253,11290770,장위2동,6048296,2705934,3342363,801648,837888,956438,892601,979902,1579817,1733146,1252739,651302,641844,954225,815041,861919,854401,861405,850346,854076,859261,906886
20253,11290760,장위1동,6350144,2908356,3441787,1087030,746103,848113,926789,1081726,1660381,1956183,1343672,648713,614550,916959,870067,901712,895635,896570,893645,888854,915805,957923
20253,11290725,월곡2동,6255479,2856194,3399285,932782,1140457,881938,863837,954857,1481609,1584753,1299182,747360,745352,1068978,809854,889101,889940,892653,897761,881052,887507,917463
20253,11290715,월곡1동,8029834,3725339,4304495,1674373,1002130,1027784,1297409,1258212,1769927,1972716,1610831,1009317,1032978,1389498,1014496,1151000,1152697,1156561,1146947,1135068,1134937,1152626
20253,11290705,종암동,10879682,5035799,5843882,1957554,1798908,1383040,1628461,1659645,2452077,2988904,2224137,1214452,1241511,1771171,1439510,1545530,1542243,1546014,1541666,1527975,1570993,1605261
20253,11290685,길음2동,4881851,2189838,2692012,928766,579660,654857,883898,781031,1053639,1247891,966648,568745,602915,864298,631351,679195,679116,682697,677291,683897,736385,743271
20253,11290660,길음1동,6156653,2723126,3433526,1814172,606999,635980,1151403,892178,1055922,1668980,1227867,649156,689524,1070005,851121,870033,866783,866707,868194,862624,903411,918899
20253,11290650,정릉4동,3132996,1430580,1702416,539608,479202,372501,462999,488280,790405,974516,648866,306317,303497,462004,437795,443161,442294,444199,443387,438434,452627,468892
20253,11290640,정릉3동,2597406,1271606,1325801,369380,719503,288714,294465,349276,576070,709476,533655,293029,295518,421984,343746,364277,365851,367442,367557,364362,378787,389130
20253,11290630,정릉2동,5562389,2553993,3008395,1014069,749122,744892,894930,876220,1283156,1682766,1137785,546557,542370,861108,791802,782615,782246,781537,776884,776985,817097,845025
20253,11290620,정릉1동,4378461,1980873,2397588,935651,494910,518606,743237,679237,1006822,1224565,872002,457922,474982,742742,606247,616642,609372,609995,608687,606427,652119,675220
20253,11290610,보문동,5037344,2313676,2723667,647128,899785,797435,763378,796637,1132980,1413382,1072649,552179,545210,790337,663585,716129,711581,715070,713175,712155,722971,746262
20253,11290600,안암동,7457637,3647605,3810033,870779,2910974,1015803,747703,815252,1097128,1739297,1565872,1028292,986240,1231575,906361,1117737,1125427,1123182,1120455,1058775,957254,954808
20253,11290590,돈암2동,2805193,1260768,1544424,646532,292629,339601,497059,446930,582441,830215,564174,277912,291152,449154,392585,388219,386248,389070,385817,385896,424392,445550
20253,11290580,돈암1동,2217732,986992,1230741,406853,271332,271240,314463,362307,591540,643882,463167,233021,236707,344167,296789,315431,315342,316484,314676,315576,319958,320265
20253,11290575,동선동,7485579,3045648,4439932,1226563,2167186,1110127,941227,916297,1124182,1778668,1485057,936205,966748,1377672,941231,1050806,1062281,1065162,1066743,1073542,1089484,1077563
20253,11290555,삼선동,10204260,4588991,5615269,1446803,2263870,1508579,1507485,1568628,1908894,2366105,2022642,1256743,1313616,1907177,1337979,1460597,1462942,1469666,1470931,1468959,1451205,1419959
20253,11290525,성북동,4114766,1848990,2265776,671576,658943,605250,624674,631161,923162,1052693,877652,504820,493682,678858,507063,585843,592084,593209,591456,586971,583936,581268
20253,11260690,신내2동,1748536,797364,951172,300848,170723,254747,278125,276102,467993,488534,362319,196513,193408,279217,228547,251779,248676,252340,248616,249510,247259,250356
20253,11260680,신내1동,4970366,2287510,2682855,983249,481173,683222,748385,761801,1312535,1370225,989701,536309,549781,843539,680812,707455,700853,703494,699320,704326,718410,736507
20253,11260660,망우3동,3927142,1856594,2070548,464638,491889,573994,573679,705763,1117181,1233311,827967,403723,380137,556476,525530,560398,554772,552397,550278,548124,566549,594624
20253,11260655,망우본동,11159345,5141929,6017417,1796708,1307370,1716408,1787756,1738155,2812949,2903552,2261726,1328845,1307868,1872324,1485030,1583620,1578379,1579459,1569112,1565559,1612465,1670750
20253,11260630,묵2동,5008571,2319476,2689095,614508,743000,776232,787879,828465,1258488,1357633,1003210,555953,565064,850095,676616,702829,698329,701253,697846,704757,748173,755382
20253,11260620,묵1동,6971518,3192165,3779355,1158448,930093,987304,1040418,1060872,1794384,1910461,1450932,767537,766046,1138955,937588,983597,979218,979443,976183,974631,1022468,1055980
20253,11260610,중화2동,7791929,3826831,3965098,899242,1007304,1210376,1134103,1296091,2244815,2072554,1567767,856076,884875,1351679,1058977,1095828,1088708,1090797,1085708,1093927,1153482,1183480
20253,11260600,중화1동,4679419,2189126,2490293,795606,574131,731527,670208,700390,1207558,1392934,983472,503793,473181,691215,634825,672283,666010,665447,663313,661832,662879,687654
20253,11260590,상봉2동,6971886,3199964,3771920,541490,1363996,1522229,1027167,1052874,1464128,1866764,1351898,789360,808396,1208160,947311,973200,967283,974492,972625,989018,1060849,1034418
20253,11260580,상봉1동,4764936,2197428,2567508,768097,573583,788341,722522,718818,1193573,1310988,997273,537375,526158,764034,629108,673980,670748,672248,674058,670738,692761,710402
20253,11260575,면목3?8동,6174122,2889951,3284171,685862,928250,967785,946731,1025397,1620096,1663857,1228087,698456,705394,1035858,842469,880790,875911,876023,874342,872596,889468,904994
20253,11260570,면목7동,6057792,2875763,3182029,762524,702222,935034,936051,1010820,1711141,1726068,1226097,634413,651819,991446,827949,852543,843120,848017,845009,843791,894409,930902
20253,11260565,면목본동,9817307,4546702,5270603,1070549,1410021,1632864,1444038,1743105,2516728,2971381,1998857,1001422,995916,1505009,1344719,1389409,1377456,1377513,1375509,1375133,1440774,1481511
20253,11260550,면목5동,2326028,1093416,1232612,323107,251642,369668,380032,391765,609813,674306,484554,245516,246364,365041,310247,326571,322537,323498,323394,322822,345459,361749
20253,11260540,면목4동,4726699,2279979,2446718,670550,544337,693012,794570,770130,1254100,1308439,977743,520459,521930,754201,643927,670138,661361,665584,669848,662305,685052,712407
20253,11260520,면목2동,5351414,2547923,2803492,721483,662828,811064,833827,941985,1380226,1553592,1092925,575821,573911,833487,721679,756113,750497,750964,750379,750752,782693,810018
20253,11230750,이문2동,3197431,1491877,1705555,481500,533769,398042,500395,489133,794592,965122,669162,314810,316008,487793,444537,454135,449345,452993,446320,446991,468671,478978
20253,11230740,이문1동,9909044,4507034,5402012,1305461,3380418,1444797,1150120,1181601,1446646,2770324,2113196,1129701,1077110,1518943,1299772,1412888,1424848,1418449,1417100,1398761,1404832,1432168
20253,11230730,휘경2동,4231999,2039987,2192012,554345,1302346,533375,526150,511113,804670,1232065,922036,458379,438817,619676,561027,603932,607351,608584,605686,591293,594989,620165
20253,11230720,휘경1동,6030394,2697883,3332512,657374,1768107,984692,734656,771078,1114488,1628283,1305424,668279,659014,978017,791377,847844,844463,847541,848525,845056,888301,908665
20253,11230710,회기동,4146732,1846016,2300715,544995,1695311,479752,422175,387461,617038,981365,869602,543382,514728,703938,533717,597268,608716,607436,607390,601037,564913,559972
20253,11230705,청량리동,6077809,2795538,3282272,578223,910189,804634,840350,961780,1982632,1433216,1259027,804409,798268,1036482,746406,852870,854987,858883,859117,860837,889655,901459
20253,11230660,장안2동,7626376,3608190,4018186,1536441,873155,1148666,1355078,1143713,1569323,2033503,1527716,866999,877836,1304842,1015481,1082508,1077559,1077470,1079166,1079323,1108978,1121372
20253,11230650,장안1동,8812915,4215508,4597408,1090584,1187593,1580070,1669861,1339703,1945104,2319999,1822795,1053324,1039122,1437136,1140539,1272090,1264306,1272601,1267220,1261726,1232713,1242260
20253,11230610,답십리2동,5822235,2720435,3101798,803168,635632,982819,1000166,915299,1485151,1594688,1164914,645141,668554,975753,773186,821547,811556,817769,813703,811630,865295,880735
20253,11230600,답십리1동,6803473,3111348,3692125,1092223,910363,1159914,1218280,986343,1436351,1841945,1441467,777818,767302,1089917,885022,973508,967403,973619,969566,964465,971994,982919
20253,11230570,전농2동,2252252,1015797,1236456,444538,252994,289005,355078,345801,564836,569392,463216,272560,274963,386134,285990,319126,318983,318402,318203,317751,323602,336188
20253,11230560,전농1동,10765099,5116194,5648906,1716574,2084555,1520313,1655138,1500545,2287974,2815601,2235902,1267591,1252502,1773135,1420368,1532508,1536295,1536288,1530406,1528766,1537575,1563263
20253,11230545,제기동,11686991,5641292,6045699,1152484,2684869,1526729,1475937,1722339,3124635,2769276,2517331,1598700,1567973,1867508,1366203,1690519,1698410,1683877,1692516,1678531,1642946,1600192
20253,11230536,용신동,13912687,6728193,7184493,1337998,2563554,2422790,2229286,2175512,3183547,3319851,2992245,1853572,1820079,2277398,1649542,2015117,2017446,2021696,2015137,1997566,1918347,1927377
20253,11215870,구의3동,6410788,2904551,3506238,1315403,835372,978324,1091426,1001902,1188365,1673342,1274045,735530,775424,1121318,831129,911935,902458,902861,902396,913257,947120,930762
20253,11215860,구의2동,4931695,2177155,2754540,898397,616443,705900,806163,766011,1138781,1438057,1023169,517743,513980,764851,673895,694352,693947,696950,694555,690399,720271,741222
20253,11215850,구의1동,6742288,3135296,3606991,873260,1315607,1339327,1053427,938938,1221730,1928287,1391185,736717,718681,1058267,909151,958473,962514,963173,958330,954871,970587,974338
20253,11215847,자양4동,8506534,4018436,4488098,859934,1765018,1559436,1302292,1263817,1756039,2182912,1719717,964205,994665,1518255,1126780,1181997,1187459,1190919,1195169,1219127,1272997,1258868
20253,11215840,자양3동,6440637,2943008,3497628,1246732,896809,958699,1088528,909057,1340812,1766495,1312099,715519,708680,1067771,870071,913208,906952,911777,904295,911746,940218,952442
20253,11215830,자양2동,5145529,2417474,2728055,923065,634244,869570,871457,740115,1107078,1540115,1077123,534344,529344,770354,694249,726031,725453,726679,724491,728259,748965,765654
20253,11215820,자양1동,7524673,3502928,4021745,977363,1407510,1333749,1176883,1078593,1550577,2019045,1536188,863607,866078,1236783,1002973,1076222,1069541,1069495,1064831,1066140,1082259,1096186
20253,11215810,광장동,6187082,2802862,3384220,1843438,612738,658964,1152336,915906,1003702,1700553,1316052,706004,679588,964909,819976,891436,890921,889614,889535,888764,866509,870303
20253,11215780,능동,2027360,914345,1113015,268100,386283,420706,319012,255864,377395,532747,420540,228280,231442,340810,273541,287505,290255,288811,291137,290770,288856,290026
20253,11215770,중곡4동,6338023,2878538,3459485,874392,799024,956337,926709,1035890,1745670,1894245,1313264,655487,640218,972550,862258,897119,886864,887025,888163,885238,924222,969392
20253,11215760,중곡3동,4455390,2064026,2391363,551432,612184,793744,657098,718067,1122863,1341218,908022,447075,445410,695728,617937,624808,622288,627811,621094,622623,650761,686005
20253,11215750,중곡2동,4550884,2092396,2458489,674008,689324,817449,705686,695691,968725,1416236,926573,460664,449532,666320,631557,649869,645092,644105,640638,639738,655957,675483
20253,11215740,중곡1동,3588377,1715881,1872496,385682,671377,741018,556437,518219,715644,980447,728785,393143,395924,602178,487899,505883,504261,509628,505570,508158,524804,530074
20253,11215730,군자동,6473678,3110965,3362713,742087,1924379,1151346,918183,738684,998999,1711545,1361419,781437,759853,1031771,827654,937198,937666,943745,937179,925731,889037,903120
20253,11215710,화양동,8724209,4043593,4680616,749268,3788761,1551438,940395,775082,919267,2314215,1708418,966297,983244,1536876,1215162,1215835,1223279,1224539,1228423,1255037,1304533,1272563
20253,11200790,용답동,2968374,1455203,1513171,243538,605620,537826,440165,495169,646054,863456,630307,328716,315917,445439,384539,420996,422646,423261,418631,418503,426431,437906
20253,11200720,송정동,3198294,1622510,1575784,283784,706247,617828,510916,445241,634277,930298,708270,357871,343683,451948,406224,462106,460593,460633,457968,454041,445749,457203
20253,11200690,성수2가3동,5852391,2821565,3030826,564604,1371372,1347891,1017318,787446,763760,961322,1199475,1013714,1064595,1080234,533052,890228,907110,902496,912547,887194,698654,654160
20253,11200670,성수2가1동,4888288,2421552,2466737,481015,789978,974785,776059,824593,1041859,1117272,995873,655615,687991,852815,578723,703039,702847,704548,708542,706928,685905,676480
20253,11200660,성수1가2동,5517355,2670816,2846539,489277,1158225,1397685,1013017,703631,755519,855694,1121539,959334,995677,1076154,508959,836678,855088,853626,855774,835825,662044,618322
20253,11200650,성수1가1동,3079021,1499141,1579881,302197,540076,735235,505729,444138,551646,648370,630509,447624,465140,544306,343073,450032,457911,458682,459895,451655,405074,395771
20253,11200645,옥수동,2833808,1296470,1537338,523413,261451,500219,517873,403674,627178,680455,590762,337172,354797,513638,356984,399748,401647,403742,403753,405189,413951,405777
20253,11200620,금호4가동,2533037,1180147,1352892,384832,246735,460235,454250,393470,593517,651047,519644,281609,298212,441390,341136,358257,357564,356599,357324,359060,371356,372877
20253,11200615,금호2?3가동,5496786,2527275,2969511,872934,550560,920512,974041,855564,1323178,1540623,1108111,578078,592216,920018,757741,767402,768789,770638,767229,771168,821432,830131
20253,11200590,금호1가동,3116849,1356426,1760423,566648,266049,530638,623998,452885,676631,840795,637663,330200,354361,535927,417902,435566,431164,433351,431056,433349,468294,484068
20253,11200580,응봉동,2701479,1196566,1504914,524561,255411,416734,497492,442684,564596,867208,572902,250856,239213,382924,388374,377862,381307,379790,381262,381300,393976,405979
20253,11200570,행당2동,4447454,1945642,2501812,846082,515822,699696,807063,648353,930437,1272868,925917,463730,458043,704698,622198,636671,628789,631220,625779,625166,639751,660078
20253,11200560,행당1동,5910746,2752703,3158044,914013,1195809,971815,975581,844960,1008570,1320264,1162117,770641,798243,1113820,745663,838941,849882,854290,853709,853915,842867,817143
20253,11200550,사근동,4259258,2015800,2243457,616640,1779746,546710,387311,396953,531900,1171793,910129,498155,461210,652369,565603,607326,613649,618504,624342,619736,597523,578177
20253,11200540,마장동,4914374,2384191,2530183,583899,823343,794337,755583,817753,1139460,1248136,1098521,609970,585845,776336,595566,699832,705854,713948,709396,703154,689888,692303
20253,11200535,왕십리도선동,5463437,2529429,2934009,735380,954158,1020207,902662,802438,1048592,1345126,1130121,685215,686918,942914,673145,774465,775704,779552,779943,787220,786400,780153
20253,11200520,왕십리2동,4598694,2025732,2572961,624584,695112,883152,737069,664997,993781,1333341,931528,470698,480018,744491,638620,642669,638811,643854,640909,644172,683764,704515
20253,11170700,보광동,2373289,1210861,1162428,265133,290976,391794,486378,388416,550592,668138,505468,263140,259709,364686,312150,335583,335142,334849,335933,340523,345448,345812
20253,11170690,서빙고동,1705732,836371,869361,292834,203654,245194,345694,283156,335196,482418,377745,199041,192978,244483,209065,239691,241617,240194,240915,241998,248757,252557
20253,11170685,한남동,4308963,2036906,2272057,370701,715994,993419,923266,629806,675778,823594,876447,635296,664288,817721,491618,595937,619381,619771,627981,648460,628418,569015
20253,11170660,이태원2동,2873280,1369265,1504014,303000,446501,652140,613472,377516,480653,780773,592199,330178,330871,464532,374727,402418,399832,399219,401710,409502,432541,428056
20253,11170650,이태원1동,2480004,1328653,1151349,153058,630379,607201,440273,296467,352626,613497,426115,312315,325998,453526,348551,320485,308436,312301,323710,368023,441691,405359
20253,11170640,이촌2동,1480734,721058,759676,169203,204149,271569,257641,230143,348029,373038,302748,165987,180908,266941,191109,203367,205697,206905,208534,206773,232519,216941
20253,11170630,이촌1동,4444366,2030855,2413511,948045,400044,557514,828425,719612,990726,1095462,941868,530409,538102,764222,574303,625110,634826,634400,631513,635860,646606,636049
20253,11170625,한강로동,5890768,2992069,2898699,522746,1214742,1427498,1119099,807560,799123,1109306,1167432,912669,930115,1128317,642930,839914,861226,864048,864979,866936,825718,767948
20253,11170590,용문동,2279673,1067868,1211805,281590,305118,421828,367363,367079,536694,629712,448041,254306,262145,381167,304301,316958,321065,325182,322343,323726,338263,332135
20253,11170580,효창동,3692963,1636636,2056327,547646,548672,703827,626136,532349,734332,945771,794652,440236,433560,595625,483121,531759,527612,530421,528722,523102,517013,534335
20253,11170570,원효로2동,3655614,1729144,1926470,494320,464759,693669,630415,560094,812356,1042366,793252,412564,398899,538505,470028,525436,522397,523308,520807,516827,520334,526507
20253,11170560,원효로1동,4921052,2337534,2583517,549389,787470,1232176,926037,693376,732601,1144715,1070797,659059,650887,812145,583450,714589,714156,719582,719095,711469,672586,669574
20253,11170555,청파동,7178793,3240346,3938448,780131,1614378,1385819,1105957,1017673,1274835,1830702,1516468,905577,874990,1153801,897253,1032289,1034769,1037844,1034072,1026168,984162,1029488
20253,11170530,남영동,2070145,1057854,1012291,157441,376845,430953,358751,331788,414369,368750,453768,327112,328347,375729,216440,306334,310466,312990,314161,308702,261243,256248
20253,11170520,용산2가동,4668908,2185436,2483472,697525,763694,925980,751647,555376,974685,1225844,979929,547047,538414,775734,601940,651502,646828,648855,658649,662942,693738,706392
20253,11170510,후암동,3906574,1882505,2024069,587691,515116,732952,655172,549148,866496,1157356,833728,427973,411948,566617,508951,560054,557569,557225,555784,551833,553206,570906
20253,11140680,중림동,2045404,961378,1084027,169214,262563,415503,410574,345965,441586,436426,442255,298436,296966,342163,229159,306982,307480,308468,305867,300054,259156,257398
20253,11140670,황학동,5612706,2588454,3024251,585440,873402,1178837,931371,772536,1271118,1543084,1173262,657566,651063,884741,702989,786647,790397,795439,794682,802571,826625,816345
20253,11140665,동화동,3529605,1644391,1885214,388976,445805,558225,529797,632778,974027,838854,708430,453971,471828,628233,428290,502449,503820,508804,511370,507400,499913,495851
20253,11140650,신당5동,3244555,1483348,1761207,328304,499325,576050,493161,533637,814076,733513,641174,407925,421493,625729,414722,456729,454759,455465,455161,464110,483595,474737
20253,11140645,청구동,2673802,1197309,1476494,406030,315563,493207,408687,416323,633993,768699,559786,306265,288769,401460,348825,386078,382484,383122,385007,381484,371420,384206
20253,11140635,약수동,1966538,893372,1073167,229488,232481,340481,314606,308306,541175,461917,395440,244159,249747,359213,256063,278346,274979,277179,276431,279323,286963,293316
20253,11140625,다산동,4070228,1903748,2166479,467024,632746,756253,716143,619430,878630,950755,869507,543590,535577,687219,483580,597698,605940,603600,603293,597327,535829,526542
20253,11140615,신당동,5211498,2485739,2725759,300949,885900,1058557,914999,887284,1163808,1217116,1058573,691301,678688,901225,664598,769249,789576,788700,791672,764436,655795,652070
20253,11140605,을지로동,4906918,2745155,2161763,160963,792508,1012313,1016685,920945,1003503,432617,1085026,1026046,1017682,968447,377101,790384,818513,819683,826695,810238,483137,358268
20253,11140590,광희동,6685028,3319995,3365033,446549,1426870,1404749,1235748,1025956,1145154,970757,1382591,1162956,1175943,1313363,679418,1012887,1036908,1046806,1068292,1024716,791585,703831
20253,11140580,장충동,1994239,985438,1008801,143002,564566,369550,321513,278414,317197,402214,445718,318916,305903,322990,198500,294863,301139,300417,302428,292045,254126,249222
20253,11140570,필동,2537265,1325738,1211525,165606,554080,490405,463680,428519,434976,331585,545344,478867,469882,488420,223165,393796,413071,415565,417367,400481,265327,231655
20253,11140550,명동,5712576,2802965,2909612,345734,1167399,1342212,1320718,872327,664186,383291,1284148,1298230,1288165,1116928,341813,915369,945060,940573,944785,903203,566494,497091
20253,11140540,회현동,4307622,2032534,2275088,145374,547498,939995,985718,792790,896248,309997,966906,1091774,1038059,688332,212556,693348,725392,713098,718247,686403,446490,324645
20253,11140520,소공동,2650504,1325694,1324811,170283,437042,676365,635809,431900,299103,180786,620633,626847,609140,477276,135821,432535,456893,454151,453538,427654,230343,195388
20253,11110710,숭인2동,5096664,2497280,2599383,369380,971985,854628,736443,870713,1293513,1225814,1094731,690244,678161,801341,606372,718775,719547,716587,720658,724356,736265,760475
20253,11110700,숭인1동,2211402,1064055,1147349,218279,319999,340014,331389,383570,618152,544157,454270,269650,275750,390157,277420,313295,311654,314072,312636,312078,320835,326830
20253,11110690,창신3동,840194,394207,445987,103129,112277,118609,129651,146446,230083,247562,177595,86636,84851,128244,115309,118001,120473,117698,119979,116576,120391,127077
20253,11110680,창신2동,4474470,2164649,2309821,284790,698564,546541,539572,921989,1483013,1280399,930441,488615,486181,705900,582933,633429,633397,634291,633853,631963,647614,659921
20253,11110670,창신1동,2841547,1392699,1448848,152544,431977,423362,475978,536086,821601,682401,597167,390241,381785,454253,335699,419670,419813,415725,418267,409470,377807,380793
20253,11110650,혜화동,8332584,3701051,4631534,1245830,2884068,1045229,993825,977835,1185798,2002750,1665896,1055689,1070324,1503666,1034258,1155241,1184109,1198611,1183173,1186970,1224195,1200286
20253,11110640,이화동,4694830,2084340,2610491,461949,1095687,908632,791509,700126,736927,750734,916853,769921,845966,938625,472732,660385,696708,724156,711699,699616,626694,575572
20253,11110630,종로5?6가동,5186670,2597795,2588875,306125,829054,847206,874674,960734,1368877,867388,1130976,938278,908465,868818,472746,780179,801675,803334,813030,791972,641115,555365
20253,11110615,종로1?2?3?4가동,13813280,7372834,6440447,638859,2705069,2881135,2756532,2258854,2572832,1413917,2748965,2850197,2880791,2816691,1102719,2115128,2189528,2193035,2241649,2175540,1638972,1259428
20253,11110600,가회동,1175173,549930,625243,177726,170099,210771,225256,187901,203421,180121,262271,224023,224091,190544,94122,172032,177442,177361,180168,178524,151379,138267
20253,11110580,교남동,3995664,1821439,2174224,816846,474573,526556,682509,642025,853151,1160580,871499,441618,419082,584677,518207,573217,576135,578580,575267,569865,555351,567249
20253,11110570,무악동,1974280,867071,1107209,347166,244564,242457,301408,319403,519282,436872,424974,252288,260040,350441,249665,276419,282583,282741,280744,287165,285473,279155
20253,11110560,평창동,932114,395635,536479,178137,89845,96679,139192,163197,265064,270309,196395,98726,98701,142472,125512,132505,131369,131471,131401,131087,135681,138597
20253,11110550,부암동,814204,355152,459051,158005,94495,91932,128204,138134,203433,212345,176344,99371,96645,124351,105148,116328,117506,119228,117333,116562,113713,113534
20253,11110540,삼청동,936140,429395,506744,106257,148120,164953,174663,152276,189872,150772,194529,178987,174433,158151,79266,131224,134010,136789,140488,139172,133873,120584
20253,11110530,사직동,3904600,1779380,2125221,343749,611113,800694,823966,660308,664770,470608,830218,754143,749154,774842,325635,580562,597231,609096,610824,598938,471632,436316
20253,11110515,청운효자동,3274798,1391259,1883538,606134,427700,513320,582675,507456,637514,747368,672987,462512,459119,551434,381377,466149,466962,475533,477821,476017,461033,451283
20252,11740700,둔촌2동,6769971,3148453,3621518,1316284,752753,998415,1084876,985271,1632371,1879199,1436787,772226,745882,1042784,893093,968945,968315,965114,961125,964502,956391,985578
20252,11740690,둔촌1동,28752,13411,15341,6339,2356,4196,5480,3730,6652,8057,6103,3198,3142,4459,3793,4048,4086,4037,4027,4060,4188,4308
20252,11740685,길동,18157612,8247252,9910362,2462565,2185324,2946947,2939109,2853139,4770530,4929172,3676468,2071684,2068734,2984452,2427105,2566122,2581679,2557648,2564030,2575570,2650457,2662105
20252,11740660,성내3동,6661360,3104728,3556633,913730,885590,1091994,1178479,1033846,1557719,1854876,1357278,750409,736185,1073973,888639,937670,940911,937308,937087,946373,970317,991692
20252,11740650,성내2동,8217747,3836832,4380915,1063667,1145641,1484728,1294797,1191954,2036959,2286705,1656439,898446,917948,1359218,1098991,1153254,1155166,1141676,1139009,1155518,1232725,1240397
20252,11740640,성내1동,5569252,2506370,3062882,967101,637239,888569,970994,856729,1248624,1434959,1159961,690562,686975,905458,691336,808921,811127,810928,811885,804758,754364,767270
20252,11740620,천호3동,7468447,3493158,3975290,897724,1148162,1402003,1145997,1080140,1794419,2135822,1519694,797825,799377,1192701,1023029,1048055,1047940,1038454,1038304,1049611,1111947,1134136
20252,11740610,천호2동,10723675,5097217,5626460,1384122,1335808,1838461,1763265,1671827,2730192,2808560,2188712,1255702,1279365,1792952,1398386,1507773,1515286,1506221,1510550,1524778,1573987,1585082
20252,11740600,천호1동,10425401,4830203,5595198,1748953,1119105,1551728,1720037,1621960,2663620,3027637,2149211,1132489,1133498,1597169,1385398,1486679,1484665,1471168,1474447,1472936,1504661,1530844
20252,11740590,암사3동,1543807,725072,818735,376551,146734,207637,261914,221904,329066,436499,352916,171787,161294,221779,199532,223160,223920,223238,222807,223880,213785,213018
20252,11740580,암사2동,2278522,1062269,1216253,324566,263282,405063,400327,367152,518131,620976,455003,249945,259074,387465,306058,318631,318005,315158,316278,321987,344799,343664
20252,11740570,암사1동,8652934,4045610,4607325,1383833,927845,1302263,1482983,1389382,2166629,2497353,1745075,900672,904884,1406092,1198857,1211140,1214372,1190720,1199551,1205488,1295481,1336184
20252,11740560,고덕2동,2054784,961670,1093112,474885,172095,303337,401122,256639,446708,520988,449262,245714,239873,335703,263242,292406,294930,293839,294232,294598,292122,292659
20252,11740550,고덕1동,3648757,1795691,1853065,1329251,250789,341583,680453,405535,641143,1045967,779340,395304,395590,550002,482555,520119,524199,520895,519559,515368,522372,526243
20252,11740540,명일2동,2217381,1048981,1168401,694188,200876,205778,356330,284000,476208,549359,450469,268320,275646,398132,275456,314606,316942,321615,320159,320854,317095,306109
20252,11740530,명일1동,4583303,2035602,2547701,887090,429729,569017,799336,666540,1231592,1095606,936727,558028,554892,842545,595505,630688,634821,642768,631989,645119,678466,719453
20252,11740520,상일동,3417677,1573095,1844581,737227,290361,488595,704195,463480,733818,913227,707734,387203,387890,566770,454851,488626,490326,489340,488936,488006,485661,486781
20252,11740515,강일동,3505372,1632990,1872382,826238,307215,462650,643141,487324,778804,1042218,753506,364841,348767,513056,482984,501249,500575,497592,500321,496710,498629,510296
20252,11710720,잠실7동,702046,308461,393585,122734,90238,108402,121260,104441,154971,183215,156538,89024,84749,105078,83441,98661,100520,102122,101024,101325,97271,101124
20252,11710710,잠실6동,2333467,1092410,1241059,336762,337496,432656,478430,329456,418668,403552,498666,370504,386416,436686,237643,343558,344696,355577,353075,345285,304758,286520
20252,11710690,잠실4동,2194840,1021560,1173279,491159,250574,325540,424982,302372,400214,665760,485267,230752,229266,303334,280461,311054,313798,314938,314223,314449,314109,312271
20252,11710680,잠실3동,3604843,1586339,2018503,907916,408303,507025,679717,468263,633618,831121,723856,465430,487816,657669,438949,491177,502715,501931,515375,522112,541331,530203
20252,11710670,잠실2동,2211104,1009898,1201205,660762,225073,243238,447919,305386,328724,673701,455402,222271,229853,332036,297841,306435,310483,310286,308821,316056,330800,328222
20252,11710650,잠실본동,7796721,3686534,4110187,1096594,1265080,1591419,1407142,1063848,1372639,2003040,1513889,885629,921498,1414719,1057946,1080425,1085302,1081173,1084638,1114048,1188822,1162313
20252,11710647,위례동,3205216,1445067,1760148,1044012,252903,469855,622278,389457,426711,868652,627709,347203,369703,554408,437540,448904,451718,445175,447820,453618,476704,481277
20252,11710646,장지동,7389133,3430307,3958825,1400154,848356,1274371,1258572,1061914,1545764,2113402,1571476,790772,781590,1142586,989307,1048122,1052330,1047425,1044437,1042325,1064927,1089568
20252,11710642,문정2동,2761782,1386993,1374791,259477,370159,602362,550261,439014,540510,614858,586155,396694,397650,454982,311444,417375,409738,423002,416372,410659,352385,332250
20252,11710641,문정1동,4262065,2027066,2234999,611111,612380,849973,749036,600756,838810,1154009,902313,509578,486548,664735,544881,618017,618172,623158,620633,613652,583224,585209
20252,11710632,가락2동,5854544,2694211,3160332,1036945,690848,896612,929253,891575,1409311,1588199,1211618,655639,666284,958858,773946,835058,833626,830845,827034,829313,843381,855285
20252,11710631,가락1동,781031,379699,401332,136856,70880,146044,153816,112964,160471,199520,161257,93696,93368,130815,102376,111095,111359,111065,112461,112920,112858,109273
20252,11710620,가락본동,8577197,4180816,4396382,1205082,1036650,1588722,1592309,1384241,1770193,2105900,1766995,1077239,1066094,1446090,1114882,1242876,1246165,1256526,1257190,1256650,1181043,1136749
20252,11710610,삼전동,6241600,2870323,3371276,922197,914088,1345585,1108044,805576,1146109,1825046,1264560,659636,662700,996003,833653,882285,882958,875478,875163,880213,917216,928284
20252,11710600,석촌동,6669824,3081510,3588314,864592,989553,1498029,1178114,895326,1244210,1785433,1348807,784103,772181,1106830,872470,937759,941589,940292,946113,954697,966323,983050
20252,11710590,송파2동,2813304,1232484,1580820,642743,302493,418649,459740,386385,603294,730426,604589,345633,334638,446557,351462,403388,406946,403830,405263,404829,394999,394047
20252,11710580,송파1동,5726140,2560807,3165334,690759,1036810,1304356,938444,737246,1018525,1451963,1115831,694282,703562,1025330,735172,794932,805633,793257,806538,827302,855423,843054
20252,11710570,오금동,9349558,4340840,5008719,1993110,926179,1187734,1451267,1463713,2327556,2479741,1990156,1136531,1089844,1484658,1168628,1337823,1342235,1327764,1333284,1326225,1329122,1353108
20252,11710566,오륜동,755272,353122,402148,167754,91290,98099,127552,98259,172320,170979,164195,93616,95771,133668,97043,104178,104210,103527,105089,109906,112564,115799
20252,11710562,방이2동,6255859,2979439,3276420,709970,1238227,1467474,1065131,781875,993182,1534644,1209480,751295,760637,1160913,838891,878067,880018,884476,889115,912890,926437,884858
20252,11710561,방이1동,3595046,1665416,1929629,965429,386747,467953,572434,477217,725265,755015,637191,426061,488606,818804,469368,503034,506653,502972,516673,514508,536823,514383
20252,11710550,마천2동,4756358,2296044,2460315,641520,471425,599951,659143,838385,1545934,1362163,947249,500423,513635,784476,648412,664752,667812,657387,656329,663587,710931,735560
20252,11710540,마천1동,2733111,1332633,1400478,444745,265480,335077,401088,489699,797024,838479,570360,268074,266755,409751,379694,382632,384292,375095,378052,380241,407052,425749
20252,11710532,거여2동,3626251,1628952,1997300,600250,338167,556854,592213,561015,977753,1111992,742523,364762,358445,546835,501693,516470,515857,511549,508491,515262,526347,532275
20252,11710531,거여1동,3455708,1640773,1814935,509423,380086,493935,519100,615902,937262,960429,699270,371437,376967,572652,474953,488339,490698,487092,484726,487449,504550,512854
20252,11710520,풍납2동,4894432,2207782,2686650,879544,547762,750538,831707,767441,1117440,1403607,1060361,536590,521310,731230,641334,700965,705131,704546,702778,698271,685057,697687
20252,11710510,풍납1동,4369741,2028780,2340962,560366,541798,700918,663428,716556,1186675,1259624,903995,464522,460017,686742,594841,614271,618405,611266,611572,617571,646704,649951
20252,11680750,수서동,2283962,1088848,1195113,325695,219501,349084,397753,331972,659956,439648,535495,349768,324506,375980,258566,348026,345150,355826,349798,340402,276869,267888
20252,11680740,일원2동,1356016,674176,681840,366015,116707,188033,277614,181051,226594,394379,292933,145321,142372,195408,185603,194888,195935,196865,195788,195466,187291,189783
20252,11680730,일원1동,2387539,1155402,1232137,305529,304396,410001,441048,358716,567850,626898,505131,278700,271503,390204,315104,341068,342133,342883,341420,342363,338768,338905
20252,11680720,일원본동,2271954,1105795,1166159,632537,170918,236325,416987,313765,501423,720435,509525,230156,201640,290676,319521,328477,329659,331824,330795,326366,307565,317270
20252,11680700,세곡동,3489172,1579392,1909781,910325,331846,496752,599934,431380,718936,980091,730226,377467,376061,551907,473422,493983,495984,494274,494180,491918,503116,515716
20252,11680690,개포4동,3438057,1600962,1837096,616373,393319,559246,617742,580489,670887,966796,735456,401455,392701,513646,428004,498581,499922,501202,498271,495318,469699,475065
20252,11680670,개포2동,2184982,967502,1217480,569473,195252,269162,398916,294278,457901,542386,474968,271397,263498,356261,276472,314036,316043,318794,318460,320123,296395,301133
20252,11680660,개포1동,2168984,968412,1200573,616388,157565,238938,425690,279215,451186,643647,469345,225172,218214,312905,299699,305288,304919,303749,302919,303332,320023,328752
20252,11680656,도곡2동,4021339,1817042,2204297,982224,377307,485285,856737,626611,693173,967640,844288,544516,535123,652276,477496,582260,582732,594891,587132,587479,547520,539324
20252,11680655,도곡1동,8379978,3913325,4466653,1785045,876986,1303596,1717293,1228170,1468889,2041129,1791039,1095060,1093350,1336839,1022563,1218535,1226457,1250709,1240189,1228710,1121077,1094299
20252,11680650,역삼2동,12024460,5734076,6290384,2408549,1713966,2182288,2626748,1682139,1410772,2599347,2643262,1780018,1774440,1917699,1309695,1810553,1802623,1884554,1842362,1787696,1483687,1412985
20252,11680640,역삼1동,20011130,10262481,9748650,1214619,4601166,5572924,4185113,2407649,2029661,3202760,4129560,3501033,3477099,3756181,1944497,3078638,3066198,3265227,3198247,3082409,2296282,2024130
20252,11680630,대치4동,10110351,5037259,5073092,2722685,1332727,1603850,1926612,1434173,1090304,1880852,1953420,1500439,1563521,2069916,1142204,1453327,1462309,1497744,1495043,1480427,1416988,1304514
20252,11680610,대치2동,6380736,3416268,2964468,1880751,713009,925198,1299143,823396,739239,1096367,1310738,1006273,1071559,1253833,641965,946575,941798,969636,963128,935397,841565,782637
20252,11680600,대치1동,4247687,2028328,2219360,1768624,298964,274629,859356,547475,498639,1000026,825227,515414,568415,806844,531762,599281,606154,595805,608092,609784,628418,600154
20252,11680590,삼성2동,8795704,4314527,4481177,1423624,1199852,1741463,1951274,1309865,1169626,2080985,1912311,1228733,1219369,1362571,991736,1321130,1312395,1362847,1349453,1306320,1095737,1047821
20252,11680580,삼성1동,4795270,2425734,2369536,541595,705608,1061520,1066779,726072,693699,713824,1053839,880331,869509,850966,426801,707438,712056,764043,762424,732218,586855,530237
20252,11680565,청담동,8962430,4190193,4772237,1144400,1335935,1796492,1926412,1323083,1436106,1764853,1945172,1415837,1376558,1515625,944386,1279195,1323557,1373380,1364267,1347032,1208556,1066444
20252,11680545,압구정동,7471126,3396072,4075056,1040945,1238849,1487568,1525268,1013546,1164951,1222255,1427205,1272112,1294481,1478938,776136,1051924,1087376,1113925,1125190,1144142,1043081,905488
20252,11680531,논현2동,11839040,5864987,5974054,1174211,2003951,2847847,2614047,1629499,1569483,2283603,2462709,1936446,1925000,2022836,1208446,1791906,1808002,1905370,1870173,1790948,1401412,1271228
20252,11680521,논현1동,9453179,4530913,4922265,531904,2057717,2543219,1963640,1167906,1188793,1941314,1990196,1421663,1429163,1647505,1023337,1407710,1416841,1467288,1453938,1422409,1191582,1093411
20252,11680510,신사동,6532228,3043252,3488976,772513,1178637,1409454,1353111,894899,923616,1031585,1241740,1108775,1159217,1331913,658999,944260,962647,990591,987986,998809,886410,761525
20252,11650660,내곡동,1867751,903870,963882,593070,145341,221223,317326,225413,365378,523293,410051,215781,207169,270297,241161,267190,271231,270562,270227,266934,258123,263484
20252,11650652,양재2동,5732101,2981096,2751005,678781,790606,1248649,1173449,891620,948997,1261681,1245994,823278,803787,945778,651584,851466,849653,869151,860586,848148,734349,718746
20252,11650651,양재1동,8445174,4231662,4213512,1370655,1029600,1640434,1673009,1195105,1536370,1786708,1840322,1269697,1228336,1398466,921645,1270298,1267023,1310049,1289077,1246215,1028069,1034444
20252,11650621,방배4동,6293588,2788351,3505237,1131926,796287,965864,1192232,976933,1230343,1536905,1311586,781259,789517,1082532,791787,905393,910670,916841,913630,914562,879201,853292
20252,11650620,방배3동,3448453,1605979,1842474,654325,451809,480608,586983,537596,737131,964211,784094,410097,381047,475795,433208,499234,504595,510559,506672,496076,464608,466708
20252,11650610,방배2동,4427361,2047527,2379833,679980,635139,722387,723111,673584,993159,1059374,903925,557072,553812,798882,554296,631034,634512,638462,639757,648915,634392,600289
20252,11650600,방배1동,4391779,2027261,2364520,846120,602475,750631,772127,610646,809779,1091373,908702,567341,562879,729614,531872,643134,645689,650430,644527,628405,597756,581839
20252,11650590,방배본동,4648868,2099945,2548924,1003254,474603,594432,910230,723630,942721,1223269,964381,553123,557840,758079,592176,662825,667636,665719,663424,667843,663610,657812
20252,11650581,반포4동,5282692,2438843,2843849,1494715,423774,619359,1101699,749715,893429,1289845,1051734,660847,702220,938306,639740,762155,767915,764398,772125,770482,744040,701578
20252,11650580,반포3동,3209417,1458753,1750664,783008,347594,382086,622068,514370,560290,710298,637363,411274,442616,610819,397045,441491,448987,450829,450184,464976,482128,470821
20252,11650570,반포2동,1933635,878232,1055403,567909,185009,229772,382347,275225,293371,410908,431959,273017,271530,329579,216644,275869,275679,283520,279245,284059,267145,268119
20252,11650560,반포1동,6724401,3238131,3486270,1079028,1072983,1397439,1407890,859747,907315,1655437,1409269,857228,864940,1122509,815017,965366,970125,981825,983685,985253,949146,889000
20252,11650550,반포본동,512954,286309,226645,99718,50825,74818,104718,93930,88944,81538,140336,82242,78796,80310,49731,75597,75847,79592,78254,78413,66963,58289
20252,11650540,잠원동,6229793,2999757,3230036,1056107,881964,1103215,1312803,930667,945037,1435745,1333086,862976,865070,1025124,707790,915800,912190,933617,925816,928920,843607,769845
20252,11650531,서초4동,6326996,3016341,3310656,1086550,1175272,1157758,1237407,848938,821072,1229719,1283929,974149,980080,1160374,698746,940973,936694,963418,962011,967060,841340,715500
20252,11650530,서초3동,12000820,6023643,5977176,1570405,1845057,2386712,2373346,1899981,1925319,2351029,2626521,1896368,1845849,2042418,1238636,1784383,1797016,1876170,1845405,1785170,1476678,1435997
20252,11650520,서초2동,6764201,3385607,3378594,776145,1102513,1619787,1493136,939329,833291,1189393,1492737,1127265,1096137,1186327,672341,1049784,1037882,1101571,1079924,1040930,765915,688195
20252,11650510,서초1동,7461301,3616079,3845221,1035850,1119807,1345251,1464575,1155225,1340589,1568593,1623513,1099767,1088792,1265762,814873,1115708,1109180,1147159,1137188,1117062,953176,881829
20252,11620775,난곡동,5769029,2740481,3028548,891389,731024,872693,883262,871263,1519398,1714143,1211777,603079,586117,870561,783354,815076,820183,807151,809746,804979,839296,872598
20252,11620765,미성동,5310002,2428221,2881780,864714,756535,815468,811249,807984,1254051,1565883,1118933,570087,549232,797462,708404,758533,757023,748526,750532,744237,766477,784676
20252,11620745,삼성동,6929967,3470325,3459642,662613,1357832,1032279,959375,1012443,1905423,1972018,1408733,745040,732646,1116900,954630,990108,992752,986587,983428,980877,990651,1005565
20252,11620735,대학동,6403501,3687086,2716414,540539,2146065,1273865,849350,700445,893238,1732809,1329641,721872,710429,1042777,865973,906218,919218,906378,908788,906486,926068,930346
20252,11620725,조원동,7638539,3858320,3780219,461255,1561923,1833520,1358975,1103963,1318902,1872400,1554356,955570,964982,1316193,975037,1107185,1105242,1117336,1114753,1106056,1052075,1035892
20252,11620715,난향동,1401313,664752,736561,294024,118668,170552,251100,238503,328464,354697,280340,164947,176177,247415,177737,195798,195316,194328,197155,192524,210313,215881
20252,11620695,신림동,9950093,5215223,4734868,462913,3482781,2549961,1325725,929618,1199093,2630815,1986531,1080831,1099625,1760214,1392075,1368431,1380830,1363930,1369656,1397479,1531701,1538064
20252,11620685,신사동,7489086,3590470,3898616,592265,1916346,1484330,1018207,980677,1497263,2197624,1585704,760108,748248,1164680,1032724,1047629,1052675,1037912,1043039,1052287,1108997,1146547
20252,11620665,서림동,4944787,2658751,2286037,473865,1332368,988490,693313,608141,848609,1549416,1052964,485105,463015,713746,680543,691433,697048,683778,685170,685367,734644,767347
20252,11620655,신원동,5921564,2977051,2944513,516930,1477875,1308745,809407,716106,1092500,1768038,1229915,607389,586591,908541,821091,830501,827979,820554,820672,825273,881314,915274
20252,11620645,서원동,5248921,2647237,2601684,371938,1452054,1189679,705068,606152,924029,1562571,1080367,538183,527105,815741,724955,731231,733090,723173,727542,737064,790300,806520
20252,11620630,남현동,4170493,2003381,2167114,472157,765161,789692,589523,592587,961374,1152072,860031,442314,444022,703120,568936,580173,587572,579987,583190,591029,625222,623320
20252,11620625,인헌동,5958105,2755263,3202843,694139,1401024,1201121,850351,719673,1091796,1734880,1249993,606805,590397,939465,836566,836688,845589,834097,837309,838221,868845,897354
20252,11620615,중앙동,5255816,2444351,2811465,455087,1376302,1135461,723285,624306,941375,1490913,1070257,553935,561476,859966,719270,731700,742223,732772,733663,735435,787558,792466
20252,11620605,은천동,8407871,3981874,4425997,1165234,1475744,1528361,1294473,1162662,1781395,2350700,1695666,902525,912045,1404314,1142620,1180699,1179510,1163842,1165890,1175427,1261800,1280703
20252,11620595,청룡동,10992885,5312522,5680363,1016529,3335208,2204378,1409603,1236494,1790674,3201866,2292659,1140338,1116561,1729583,1511881,1540051,1553032,1535662,1540527,1546958,1622017,1654640
20252,11620585,낙성대동,5894748,2904495,2990253,638313,2004229,1222235,702269,568480,759223,1435229,1134217,672207,686827,1138168,828100,808148,823407,814883,830379,843903,893196,880836
20252,11620575,행운동,6852956,3259247,3593710,808516,1682887,1440118,902482,795821,1223133,2021830,1455705,725874,696135,1036329,917084,962943,971321,960755,965620,966087,1003883,1022348
20252,11620565,성현동,4332598,1981012,2351585,756257,547521,657214,748502,650540,972566,1270771,885761,438032,451057,686149,600828,606928,606610,596447,599898,603933,650322,668460
20252,11620545,청림동,3120357,1443267,1677090,557761,370376,511042,517010,451835,712332,993746,639287,287053,291893,463288,445090,436536,439156,431720,434048,435052,463687,480157
20252,11620525,보라매동,3473239,1693876,1779363,345570,693614,703276,554233,474073,702475,889287,743384,417472,411352,565787,445957,494999,497222,495229,493464,491462,496152,504710
20252,11590680,신대방2동,5114295,2350878,2763419,707271,836226,926823,881546,718275,1044154,1349595,1080081,622671,609774,808718,643459,728281,737183,728572,731530,721042,725156,742533
20252,11590670,신대방1동,3684869,1724512,1960357,471167,585903,648795,586222,583624,809159,1032057,782453,403404,393776,583826,489351,518186,519123,516140,517135,517494,537060,559729
20252,11590660,대방동,7467327,3536855,3930473,1261191,1355368,1219625,1170847,1108358,1351938,2093536,1570802,803553,790682,1179556,1029199,1064994,1062024,1062459,1062929,1060938,1072394,1081589
20252,11590651,사당5동,3301092,1525947,1775145,595260,462090,553453,529428,437986,722873,896505,707625,377207,361483,525262,433011,467502,473054,466759,466321,463733,479189,484532
20252,11590650,사당4동,3875822,1802669,2073154,490087,627977,717273,590298,546136,904052,1141775,786272,388679,401322,620390,537384,538781,543233,533485,533764,539974,584195,602391
20252,11590640,사당3동,5280359,2458295,2822064,870194,668485,833745,831123,752744,1324068,1580487,1081545,527162,526184,820608,744373,747028,745429,738447,736419,741313,777998,793724
20252,11590630,사당2동,7450587,3409281,4041305,1274770,981765,1166464,1157840,1108009,1761739,1824555,1470742,860270,904872,1378808,1011340,1045847,1052307,1045893,1048846,1068505,1105289,1083898
20252,11590620,사당1동,6514858,3061799,3453059,612402,1368206,1364699,957360,874299,1337895,1789117,1314819,697338,688004,1129780,895798,910178,920307,916311,928411,941446,962000,936204
20252,11590605,흑석동,6010053,2724694,3285358,1052679,1557050,747276,795567,766666,1090815,1521580,1275133,756415,737280,965693,753953,871189,880037,901914,893055,868117,807409,788330
20252,11590560,상도4동,5387691,2410388,2977302,882696,754348,895828,851235,771973,1231609,1716232,1118148,518198,500492,782972,751650,759764,761749,746371,749357,753557,794966,821928
20252,11590550,상도3동,4692401,2142722,2549680,637664,759067,813949,685232,667645,1128844,1427788,952406,460065,463771,728263,660111,658280,660877,645805,647729,649357,705955,724399
20252,11590540,상도2동,4712513,2158301,2554212,925271,711613,690054,763607,665554,956414,1281791,978068,524896,525384,766531,635844,672321,680296,672447,673804,666713,676733,670199
20252,11590530,상도1동,8287619,3915021,4372598,1288623,2370345,1047013,1046614,980224,1554801,2239046,1694181,950686,951463,1372659,1079585,1172108,1185531,1182450,1183214,1164961,1201514,1197839
20252,11590520,노량진2동,2875918,1444195,1431723,261987,634412,554394,395008,411809,618307,732122,616435,353856,349283,473301,350921,415828,413248,414792,417982,417202,403242,393625
20252,11590510,노량진1동,6080608,3153767,2926841,649157,1803757,1183945,790301,697498,955950,1553371,1281342,712050,725402,1039216,769228,857226,865075,865292,868286,873322,883402,868003
20252,11560720,대림3동,6769175,3294507,3474669,590275,854152,1181759,1136080,1258921,1747988,1652084,1372195,803481,822611,1217107,901698,958681,956907,954871,956138,957889,979833,1004860
20252,11560710,대림2동,4728823,2340603,2388219,313642,565614,843231,846192,961369,1198775,1274532,937950,530896,542018,805487,637941,665589,659127,656836,654030,657450,693878,741913
20252,11560700,대림1동,4272878,2015175,2257702,416195,513100,613303,705985,835603,1188693,1174649,854909,475018,479756,706880,581669,599000,598851,597024,592057,595036,626549,664361
20252,11560690,신길7동,3800047,1761511,2038536,721044,522231,635688,630020,554936,736130,949105,795121,441191,448155,664923,501553,534217,536741,537287,538991,539893,558257,554661
20252,11560680,신길6동,5983573,2737789,3245785,921123,869438,1069406,978680,876978,1267950,1628962,1274761,665065,654060,977125,783601,854173,855495,855312,851990,849958,857600,859046
20252,11560670,신길5동,3055448,1412298,1643150,439106,322148,465094,518894,508769,801436,807547,642515,349325,338730,508884,408445,431424,429370,426004,426968,432216,449279,460186
20252,11560660,신길4동,2498278,1207583,1290694,279476,288308,402654,414794,407059,705987,770660,505572,246349,246137,382296,347265,351052,352991,345364,346289,350683,369138,382758
20252,11560650,신길3동,6285384,3010473,3274911,1029202,725496,982176,951746,998024,1598740,1798007,1257882,658577,668074,1033019,869826,881054,886070,869634,874000,878518,934775,961333
20252,11560630,신길1동,5577086,2730651,2846435,603493,906636,1013943,856121,826563,1370328,1588192,1183929,598940,588284,871151,746588,789893,794830,786012,789561,787518,804787,824484
20252,11560620,양평2동,4820932,2396614,2424318,576601,740744,1218127,913575,661941,709942,1259476,1075698,603958,579981,711206,590612,711022,708653,725387,717319,708537,625312,624701
20252,11560610,양평1동,5187139,2506299,2680839,587174,844229,1227356,979609,721819,826952,1264057,1139248,723083,688920,777116,594714,778165,767547,786636,778304,761098,656682,658706
20252,11560605,문래동,9109639,4400712,4708927,1198323,1269988,1830874,1814327,1345462,1650663,1756082,1870065,1343403,1371879,1731938,1036270,1312630,1315498,1342803,1334837,1353926,1261179,1188765
20252,11560585,도림동,5332644,2531169,2801477,637117,714286,984006,852973,851810,1292455,1608294,1083374,522157,525713,839541,753563,735718,740392,729445,734251,736677,808049,848111
20252,11560560,당산2동,8744512,4089500,4655013,1259792,1527129,2009692,1479285,1072841,1395770,2250884,1881678,1037601,1028245,1427606,1118499,1249461,1258460,1277907,1268350,1269156,1215886,1205293
20252,11560550,당산1동,7159121,3429957,3729164,655694,1264597,1681068,1221349,1037683,1298729,1624996,1499392,1007944,993488,1201694,831607,1037618,1034009,1060935,1053874,1052710,981369,938607
20252,11560540,여의동,6469796,3290907,3178889,752095,898037,1404073,1429123,977229,1009240,1137779,1468221,1099670,1085641,1082306,596178,992916,989178,1043531,1020283,989662,718834,715394
20252,11560535,영등포동,10387036,5135723,5251313,741828,2267172,2545977,1669777,1394614,1767671,2107770,2093497,1519665,1581132,1911225,1173747,1442703,1462781,1479569,1483099,1523317,1543236,1452331
20252,11560515,영등포본동,6608929,3262679,3346250,886723,970445,1118315,1053952,1006686,1572807,1847884,1395555,723649,709178,1042339,890322,932150,938563,933492,929066,932780,962484,980396
20252,11545710,시흥5동,3277444,1555150,1722293,493545,358299,442993,506696,582605,893304,945859,651300,339850,348005,538112,454319,462152,464313,457953,461295,459849,480047,491833
20252,11545700,시흥4동,2148493,1025821,1122672,342552,208356,298007,329780,365664,604134,681484,446885,210348,206033,309569,294176,304506,302719,293493,297070,296399,318027,336281
20252,11545690,시흥3동,1221727,606951,614776,184852,122931,180309,190100,208100,335437,360912,270734,128466,121194,175291,165132,175580,175600,175663,175868,174631,171344,173041
20252,11545680,시흥2동,1537101,690999,846102,366560,125545,179787,237429,225280,402499,432377,317736,161084,167044,248116,210743,217879,217487,216424,215317,214471,223895,231627
20252,11545670,시흥1동,5394252,2622202,2772051,737294,671087,905068,856959,908536,1315310,1419178,1056557,628185,635060,931345,723927,765919,771024,764849,765321,768800,783310,775030
20252,11545640,독산4동,3792964,1837158,1955806,357438,477702,631184,598565,703647,1024430,1110427,764751,388738,386546,607907,534595,534428,535861,531796,527641,528486,556083,578669
20252,11545630,독산3동,4370892,2145986,2224907,418351,634109,785136,694043,721953,1117300,1192503,894800,484534,490059,720674,588321,618231,616964,608260,612085,616514,642435,656406
20252,11545620,독산2동,3247793,1566433,1681359,328824,394183,549448,511402,592980,870957,966602,656909,330326,334402,512522,447031,454117,453745,449119,448845,448322,484420,509225
20252,11545610,독산1동,5238448,2681749,2556701,618606,894557,1132258,857997,746858,988173,1395432,1121979,601751,598124,837555,683608,749996,752152,750496,751101,746606,740813,747284
20252,11545510,가산동,4976484,2703158,2273326,242320,1146912,1320232,895440,683583,687997,1169271,1093152,693064,676888,775729,568383,755618,745071,772284,755684,733984,601802,612040
20252,11530800,항동,940538,452994,487544,248832,68407,157701,197889,109091,158618,277060,191573,97671,98173,145606,130455,133842,136204,134445,134005,134010,133152,134881
20252,11530790,수궁동,1729708,793474,936234,314941,186975,226229,283282,277338,440944,461958,365684,190554,189778,289199,232537,241923,244861,245165,244478,243067,240540,269674
20252,11530780,오류2동,4903249,2232630,2670619,994019,579193,707279,773327,684489,1164942,1468774,1021150,500982,495468,750061,666812,691168,693798,690942,691347,690712,713450,731830
20252,11530770,오류1동,4068177,1879310,2188866,566859,676231,720517,596789,578518,929263,1118555,806141,427626,443280,694465,578110,560117,572296,568122,571644,567995,610383,617620
20252,11530760,개봉3동,4384281,2056972,2327308,735823,439498,644936,781466,693960,1088598,1117561,826376,487979,530348,806247,615771,613891,619493,611251,614739,619428,647942,657534
20252,11530750,개봉2동,3678617,1676272,2002348,511521,421039,598690,585417,573722,988227,1074089,732267,359317,374959,615013,522973,511841,513403,502795,504766,509242,561642,574931
20252,11530740,개봉1동,7397338,3499952,3897386,1143678,794466,1131775,1124973,1192562,2009885,2111636,1501538,798008,791920,1186990,1007246,1045400,1042056,1024753,1034708,1036376,1096512,1117535
20252,11530730,고척2동,5175445,2406055,2769391,1032792,503897,663594,786974,847858,1340332,1566806,1070343,534185,521808,778576,703725,730586,730734,724003,726092,726157,757264,780611
20252,11530720,고척1동,4767539,2255849,2511689,860520,647165,714018,718609,742671,1084556,1287737,966467,554385,549288,789910,619752,665075,679547,674065,675307,671576,701376,700592
20252,11530595,가리봉동,2988521,1657407,1331115,108982,558440,656042,575572,523438,566046,737298,637351,386096,380363,488606,358804,435299,432634,437022,432708,425834,401719,423306
20252,11530560,구로5동,6844347,3279519,3564827,830691,1066757,1292094,1111129,1076150,1467527,1642983,1417627,857344,859325,1202344,864723,966720,967604,970431,971009,978145,995349,995088
20252,11530550,구로4동,7427933,3659248,3768684,663777,804003,1211353,1352545,1400856,1995397,1862009,1471076,876252,929642,1328073,960881,1068163,1058092,1066968,1063534,1053247,1051621,1066307
20252,11530540,구로3동,7147659,3626743,3520916,697966,1085167,1510735,1397260,1098023,1358507,1646639,1541931,937383,937454,1228699,855552,1073951,1053989,1086347,1070162,1053160,906907,903141
20252,11530530,구로2동,8973856,4347794,4626062,791378,991926,1433196,1578290,1795910,2383156,2391413,1891592,1060540,1053978,1427724,1148609,1293193,1281728,1282013,1275136,1265040,1264457,1312289
20252,11530520,구로1동,1925212,927640,997571,456910,189213,327995,334058,263896,353139,534502,422912,218863,211614,291590,245731,277134,275935,279071,280111,276596,265433,270929
20252,11530510,신도림동,6288224,2884814,3403409,1411551,686529,1070408,1149149,853502,1117085,1561064,1282995,773473,788130,1077753,804810,877849,884712,884204,884304,889365,932703,935084
20252,11500641,방화3동,2387024,1119778,1267246,373556,216840,390310,413977,356286,636055,722507,494834,244107,242395,355676,327507,335630,338478,335170,334372,334432,348710,360231
20252,11500640,방화2동,4410862,2139293,2271569,467818,595204,861675,717982,648708,1119473,1206979,925191,520258,507843,690685,559905,618213,623783,617624,620631,625949,646212,658450
20252,11500630,방화1동,7012914,3292125,3720788,1301818,688521,1131744,1172740,1002676,1715415,1926284,1440980,793571,787129,1135159,929789,992898,999050,996321,992245,993823,1014810,1023766
20252,11500620,공항동,5315237,2673430,2641807,1205495,621057,846519,949916,676973,1015278,1592592,1105974,575362,555021,782342,703947,760383,766677,764129,761782,761036,748929,752300
20252,11500615,우장산동,6449152,2941412,3507740,1327587,870065,948379,1125830,886908,1290385,1689314,1346473,733509,735692,1092171,851992,914341,918655,917875,920648,916229,934869,926535
20252,11500611,발산1동,5381897,2384980,2996917,1501018,590687,638061,915153,763941,973038,1474631,1177003,641510,611809,799135,677806,785802,783862,785885,786032,778142,731449,730724
20252,11500605,가양3동,1713632,813509,900124,138594,197178,424597,301115,227344,424807,521833,367131,187097,179980,236538,221054,249378,248901,252390,251145,245512,232026,234279
20252,11500604,가양2동,2078727,955226,1123501,198736,209188,380271,300339,260922,729270,515209,448021,248731,251446,347388,267931,297517,297460,297959,297692,296526,294037,297535
20252,11500603,가양1동,3045907,1500457,1545451,366929,480983,727384,548388,410221,512003,652624,665831,454756,441249,497864,333584,458336,456803,469226,462092,451681,380552,367217
20252,11500593,화곡8동,9684433,4550960,5133474,1835562,1263449,1580773,1752914,1342885,1908848,2642036,1963003,1083707,1109928,1604594,1281166,1368848,1377026,1365542,1369911,1369010,1419799,1414296
20252,11500591,화곡6동,5431622,2533353,2898268,574584,936426,1165469,926506,720695,1107943,1474916,1123591,608117,601708,884696,738596,764217,767505,764949,760510,766539,797275,810627
20252,11500590,화곡본동,7881050,3692361,4188691,1203920,1194733,1416793,1278441,1051627,1735539,2437406,1631527,772948,763008,1185357,1090803,1104476,1111935,1085997,1088857,1093024,1176072,1220691
20252,11500570,화곡4동,4212882,1919486,2293398,805608,508168,612335,671741,624203,990826,1242612,867461,446741,433681,647557,574830,597169,599848,590120,597347,590053,612271,626073
20252,11500560,화곡3동,3823167,1728343,2094823,627213,515809,624735,604716,519824,930869,976665,766288,442031,447974,675299,514911,535671,540770,538648,534346,541430,563245,569057
20252,11500550,화곡2동,3595535,1633475,1962061,607693,458172,550181,601115,548621,829752,1086283,727429,360570,364986,561043,495224,503746,505170,498988,492975,500225,540200,554234
20252,11500540,화곡1동,16521390,7823137,8698253,1726928,2898525,3308595,2724235,2295298,3567809,4357767,3336387,1858367,1888435,2823121,2257313,2330510,2337016,2301753,2310568,2326405,2436951,2478187
20252,11500535,등촌3동,6968744,3216326,3752418,1042488,876563,1242550,1117514,948466,1741160,1837112,1452305,860876,834906,1109124,874421,992526,997165,1003020,1000098,998865,990832,986239
20252,11500530,등촌2동,3745003,1754355,1990648,648166,480727,727880,594206,494610,799415,1106935,802064,400029,387855,546836,501284,535566,534062,532405,529542,525025,538990,549415
20252,11500520,등촌1동,5069501,2327375,2742126,533367,807715,1313435,866515,620063,928407,1460591,1064549,570093,542126,764431,667711,725918,727530,729877,726792,722104,713877,723405
20252,11500510,염창동,8254640,3863004,4391635,1856010,846367,1606055,1571050,1030157,1345001,2412383,1726836,853167,841003,1267985,1153268,1172839,1177180,1171627,1183122,1180118,1173624,1196128
20252,11470680,신정7동,2965584,1342408,1623175,784907,251022,306120,498678,442165,682693,871926,593848,298855,307778,484459,408718,416413,419784,413694,419867,418330,434447,443050
20252,11470670,신정6동,1980340,885881,1094459,577638,161106,210280,383876,276420,371021,527500,407288,222981,231795,335914,254863,280975,282297,281010,283011,281534,284493,287019
20252,11470650,신정4동,10760305,5065989,5694315,1926331,1492014,1615666,1793932,1606236,2326126,3014480,2231856,1182461,1180430,1724680,1426396,1527412,1534622,1523603,1519046,1528154,1568184,1559285
20252,11470640,신정3동,7227161,3342743,3884419,1593717,720395,963651,1142899,1126914,1679584,2263176,1562399,735071,667226,988354,1010934,1039138,1043458,1030700,1026710,1030611,1006974,1049570
20252,11470630,신정2동,4346884,2004564,2342319,1205207,431944,436056,786796,665096,821785,1188739,864901,483025,493540,737749,578930,606277,610668,602612,605849,615898,651156,654427
20252,11470620,신정1동,3052000,1427609,1624392,729444,307807,362863,563900,461714,626272,748885,599403,362528,378426,559679,403078,429027,432918,431043,429224,431133,455368,443287
20252,11470611,신월7동,2027944,971469,1056475,320243,198304,278180,282000,335474,613744,525466,410330,228819,230043,352489,280797,285525,287590,283137,284503,284396,298057,304737
20252,11470610,신월6동,858784,412089,446694,145873,76640,130895,146458,139964,218955,191979,177084,108246,113611,157305,110559,121969,122250,121592,122284,121318,123868,125503
20252,11470600,신월5동,2673756,1280463,1393294,509282,299974,394144,408911,391980,669467,707550,578291,333012,308567,411058,335278,384578,387044,385550,389500,382500,367190,377394
20252,11470590,신월4동,3307237,1561617,1745621,756775,300146,410616,545505,475455,818742,995830,665546,331372,334049,518873,461566,467974,469406,464401,463362,467640,481052,493402
20252,11470580,신월3동,2643408,1310334,1333075,416737,258860,372185,414071,437811,743745,748630,563042,301227,292046,395503,342962,377977,377597,373061,374685,371425,379259,389404
20252,11470570,신월2동,3358533,1566196,1792337,706986,329415,478308,559256,475346,809223,991716,683281,349247,347122,521786,465379,475190,478500,472632,471596,471094,486447,503075
20252,11470560,신월1동,3861175,1903567,1957608,491495,414905,573600,640148,622493,1118533,1129714,783478,407806,409331,605495,525353,544511,545910,534540,535059,540323,571531,589303
20252,11470550,목5동,4705078,2176969,2528108,1569450,385780,400230,920856,645029,783734,1235913,934248,516326,546397,832829,639367,657108,660840,654136,653599,664339,708128,706924
20252,11470540,목4동,5394307,2563964,2830343,1232225,658102,648853,884025,926554,1044549,1662958,1110105,537995,533225,801711,748312,767192,765051,753902,752799,758707,790659,805999
20252,11470530,목3동,4759808,2173873,2585935,782290,560882,803658,752274,715613,1145089,1350395,950539,499759,495888,781637,681590,671669,671953,666551,664968,668734,698021,717910
20252,11470520,목2동,6547481,3015363,3532120,1090376,855850,1153297,1056813,968458,1422686,1998671,1373344,631095,628999,997057,918317,918595,923961,909365,906072,912861,976926,999702
20252,11470510,목1동,4554224,2097561,2456663,1333076,475182,519546,899234,645043,682144,836902,880344,646287,688100,956589,546000,633141,640853,639276,646344,660640,696159,637810
20252,11440740,상암동,5223602,2515604,2707998,772988,824354,1056713,1076536,747031,745981,1144305,1143629,751108,727595,863216,593748,790736,789028,811432,808569,770759,642170,610908
20252,11440730,성산2동,6551570,2890679,3660892,1051102,1055485,1171746,1120577,949678,1202982,1963563,1375739,663959,657514,992731,898065,923857,930822,916210,919503,918121,967338,975719
20252,11440720,성산1동,5871259,2640863,3230397,832460,936334,1151838,1148959,841049,960620,1563664,1240153,689434,682166,940366,755477,832701,834077,832999,833077,831416,847509,859477
20252,11440710,연남동,6440816,2869625,3571191,613560,1629864,1478414,1085761,731861,901356,1583252,1227406,792349,847581,1177771,812455,889310,890055,887139,895423,919158,986096,973635
20252,11440700,망원2동,5697801,2550400,3147400,770257,815282,1044700,1025165,895168,1147230,1642912,1149483,594394,611158,923999,775855,789936,796498,782612,783378,796963,858221,890193
20252,11440690,망원1동,6742021,2970081,3771940,644950,1307459,1498393,1174057,870073,1247089,1925965,1307551,716502,751693,1116347,923964,916876,927947,913647,924188,947480,1045134,1066748
20252,11440680,합정동,4527896,2087644,2440252,426911,1027534,1113872,778015,551105,630459,970713,879584,623629,629036,866752,558180,633416,636049,643108,646751,668720,661646,638208
20252,11440660,서교동,17202186,7610665,9591521,1816312,5836966,3592410,2575912,1675172,1705413,2916891,2852422,2556044,2940736,3884575,2051519,2341651,2349315,2381206,2418298,2558552,2706658,2446507
20252,11440655,서강동,6202643,2915880,3286763,947891,1586473,1044966,949385,724096,949833,1576673,1257347,751412,774832,1061835,780546,869539,880263,886328,884731,889788,904589,887406
20252,11440630,신수동,4938411,2370767,2567645,920444,871052,743540,809313,695079,898984,1264541,1038749,601223,594296,819833,619771,702047,708842,707830,702931,700668,706606,709486
20252,11440610,염리동,5591352,2482479,3108873,1081730,734567,950025,1152005,792514,880510,1511664,1156862,644912,639578,897578,740759,807255,810418,813746,810419,800692,777809,771015
20252,11440600,대흥동,7089241,3172753,3916488,1047614,2263726,1096391,982272,766012,933226,1570641,1480663,947638,954520,1280732,855045,1014034,1035279,1042427,1039258,1020382,997193,940668
20252,11440590,용강동,5605986,2577668,3028318,1122857,581662,935016,1123024,837675,1005753,1426740,1144194,680647,686163,970678,697564,806867,811873,815856,812989,809980,786150,762270
20252,11440585,도화동,3870390,1806500,2063891,412029,538185,800642,704813,603426,811294,831627,763218,511485,522479,754506,487076,550550,550541,554352,551036,557870,560468,545574
20252,11440565,공덕동,12582687,5762785,6819902,1795399,1800182,2330825,2150526,1953335,2552418,3496924,2659226,1435491,1387768,1950846,1652430,1817420,1812024,1817281,1807933,1793323,1758802,1775903
20252,11440555,아현동,7999211,3394379,4604833,1731865,928371,1447031,1453099,1108622,1330221,1992473,1748649,1019695,999727,1278568,960099,1168972,1171281,1182726,1172684,1160550,1066439,1076558
20252,11410720,북가좌2동,9594320,4300414,5293905,1498621,1286848,1425888,1548713,1488255,2345994,2691047,1901566,1003937,1051332,1612474,1333963,1347752,1350696,1330296,1333652,1339997,1429316,1462611
20252,11410710,북가좌1동,2509186,1134572,1374615,556330,236083,334242,441339,390916,550275,734861,514853,256572,254787,395302,352811,354719,354644,351597,351840,354748,366492,375146
20252,11410700,남가좌2동,6285178,2807419,3477760,1099564,1450126,835874,891504,791447,1216663,1641410,1306102,750651,740946,1033672,812397,898248,909246,911390,906666,869496,893073,897060
20252,11410690,남가좌1동,1268787,557121,711667,325906,119652,178043,229268,178421,237499,284815,257583,151218,169593,244298,161278,175477,178107,174544,175053,178155,196095,191355
20252,11410685,홍은2동,4464639,2014247,2450391,782216,773154,556136,656326,675996,1020809,1253974,976308,514483,489828,659274,570773,638741,643416,640069,637998,626361,630143,647911
20252,11410660,홍은1동,3607559,1635339,1972222,500534,434661,512615,544026,620809,994914,1012750,746507,377677,381664,588601,500363,502535,504446,493992,496172,496394,545069,568954
20252,11410655,홍제2동,2124683,940272,1184410,288831,254755,319915,316541,365655,578986,575683,408999,215077,230959,383648,310317,298643,298417,293277,296198,298705,316832,322612
20252,11410640,홍제3동,3718426,1662541,2055885,520117,461282,512458,529480,628075,1067015,950535,753906,429148,441102,644042,499695,525745,530038,521941,525803,527995,539644,547259
20252,11410620,홍제1동,5573389,2441760,3131629,837721,699537,767179,822551,915508,1530893,1563441,1156869,608482,609004,890326,745266,785382,786442,774819,779328,786696,825335,835388
20252,11410615,연희동,8833614,3987833,4845781,1072570,2079189,1413654,1357748,1246642,1663810,2365964,1902794,1055232,1027122,1382530,1099972,1240224,1258877,1251907,1255820,1253262,1279502,1294020
20252,11410585,신촌동,10927017,4440092,6486926,1148885,5205137,1696138,1049920,878410,948528,2296361,2079836,1492558,1518925,2162142,1377194,1523028,1554489,1573263,1593612,1604265,1587928,1490432
20252,11410565,충현동,10907837,5023736,5884100,1248744,1781371,2128955,2164061,1742858,1841849,2225778,2388845,1686979,1707944,1776673,1121616,1659714,1656973,1720247,1690735,1615549,1296520,1268099
20252,11410555,북아현동,21125725,10012527,11113197,2517980,3284848,4328245,4590107,3385626,3018917,4908968,4751325,3111860,3047828,3004879,2300864,3255524,3286495,3428582,3371389,3241387,2336337,2206011
20252,11410520,천연동,3434420,1563237,1871183,583187,420415,475986,566349,583305,805179,918368,731567,412478,390373,543341,438295,493292,500161,498754,500006,490851,479087,472272
20252,11380690,진관동,6677837,3002126,3675711,1760029,673010,734379,1129091,987137,1394192,1941234,1407068,709106,694069,1024741,901618,941352,944169,936387,936286,939802,981340,998502
20252,11380650,수색동,2520081,1185636,1334444,298408,319109,502425,467948,429376,502814,726817,531642,260025,261610,395381,344604,354896,359270,355334,355089,354055,368312,373127
20252,11380640,증산동,2982436,1350381,1632054,453048,366149,462014,483373,490225,727625,863597,627059,312988,306895,463626,408273,421619,424044,420586,423644,421748,432247,438547
20252,11380632,신사2동,2649485,1254407,1395078,470546,293546,385272,409494,389257,701370,725438,565906,294597,290026,422674,350845,374982,375528,371228,374296,373260,383768,396424
20252,11380631,신사1동,6005594,2685097,3320496,913486,754141,912506,991637,956704,1477119,1777515,1225291,607341,604977,952462,838008,842395,842494,824948,827504,837862,901129,929264
20252,11380625,역촌동,11179905,5007437,6172468,1687714,1436180,1655140,1840698,1799887,2760285,3214193,2236083,1159920,1179356,1835910,1554443,1566554,1569181,1538871,1547223,1564301,1683081,1710693
20252,11380600,응암3동,7780739,3546974,4233765,1020022,1033185,1176057,1278324,1216016,2057136,2202416,1569005,832157,820470,1254456,1102236,1096870,1110018,1096213,1098074,1104470,1131994,1143099
20252,11380590,응암2동,3734426,1727282,2007145,844271,291242,554371,761761,514647,768133,1047448,752524,395566,405272,619965,513651,522187,520377,517384,519024,520940,560604,573911
20252,11380580,응암1동,5132384,2226876,2905507,810040,711014,838289,916307,752009,1104726,1525954,1033634,522328,527808,821511,701150,722721,725953,710708,715602,722958,766349,768091
20252,11380570,대조동,13154681,5817728,7336951,1834632,1886945,2361462,2125376,1982167,2964098,3670083,2636472,1423866,1438842,2159761,1825657,1859872,1873128,1865895,1862426,1870018,1925969,1897370
20252,11380560,구산동,5441081,2361075,3080006,1064577,631033,685830,823679,880807,1355156,1594044,1153309,586471,565683,813483,728092,774419,779391,765726,771293,762456,780693,807103
20252,11380552,갈현2동,5702568,2570264,3132304,1069877,763427,754930,910528,883370,1320438,1594793,1189219,615837,607602,910568,784549,814403,811437,801088,806317,809607,825703,834014
20252,11380551,갈현1동,5345951,2467261,2878690,769587,781955,826113,815698,816467,1336131,1306983,1116710,643670,641462,941025,696101,760307,754032,756884,758696,771459,774051,770521
20252,11380530,불광2동,5308720,2445304,2863417,742765,704024,745008,740712,882977,1493233,1545289,1109726,568499,544418,812237,728550,754176,753960,741025,745747,748566,772650,792597
20252,11380520,불광1동,5363640,2395380,2968262,767797,663555,786787,787210,848892,1509400,1553131,1089015,565746,569797,858565,727388,753721,757213,744431,745166,747659,798997,816452
20252,11380510,녹번동,6314648,2756344,3558305,797424,811493,1043452,1027484,1025348,1609447,1868051,1317637,647197,642894,972187,866684,895742,898429,889493,888531,891425,920395,930633
20252,11350720,상계10동,1837390,801798,1035592,316063,243666,287407,274549,284694,431012,460652,372484,216585,227072,323168,237430,255701,256405,255012,256669,260740,276933,275933
20252,11350710,상계9동,1793730,799876,993854,406030,176330,247244,255599,257463,451066,509052,379308,196519,188693,275572,244587,258521,258149,256279,254931,254419,252899,258531
20252,11350700,상계8동,977082,434297,542784,223545,93187,167261,150223,132906,209959,296325,201555,94527,92039,148476,144161,138913,139459,138862,138631,138988,139918,142309
20252,11350695,상계6?7동,6308524,2757267,3551257,1060288,844122,937492,974618,1048267,1443735,1471490,1274363,844165,852124,1099341,767040,903591,906317,913019,911055,914722,896680,863140
20252,11350670,상계5동,5423955,2459543,2964411,769018,624738,612493,765017,979451,1673239,1512548,1078045,575532,594968,915429,747432,760094,764850,749733,754165,763755,809649,821711
20252,11350665,상계3?4동,8411477,3925984,4485494,1210968,861841,932463,1260126,1503665,2642415,2300716,1712434,906892,932854,1429349,1129233,1174778,1174973,1157103,1158935,1160753,1275620,1309315
20252,11350640,상계2동,10035529,4649803,5385727,1490713,1507124,1343745,1438426,1687284,2568236,2378533,1943528,1232759,1289709,1882766,1308234,1391182,1399468,1393322,1396751,1432823,1509059,1512924
20252,11350630,상계1동,6836278,3122510,3713768,1066542,703043,830201,981105,1155583,2099804,1814906,1367615,782488,793150,1173127,904992,958324,957609,943747,946791,951767,1023519,1054520
20252,11350625,중계2?3동,4192037,1834298,2357739,831845,439520,528202,669359,690145,1032964,1189316,878299,470707,454674,638556,560486,597497,599737,597513,593822,589914,599153,614400
20252,11350624,중계4동,2750946,1294033,1456913,511499,301618,269715,399234,473435,795446,729831,543159,314408,321093,468284,374171,388743,387603,385858,387681,392250,405005,403807
20252,11350621,중계1동,3781320,1731140,2050180,1202362,351737,281470,672760,591824,681166,1030257,750610,413110,436462,656301,494580,532079,534591,533207,533086,533678,560608,554068
20252,11350619,중계본동,3860993,1751491,2109502,1276467,363419,252255,702226,627356,639269,919130,738052,458989,512588,753929,478305,527067,532011,528064,531847,530574,608029,603400
20252,11350612,하계2동,2364149,1057918,1306232,393028,267919,311369,400791,403506,587537,666976,492454,248883,252909,376871,326056,333280,333312,331710,328910,330651,349608,356678
20252,11350611,하계1동,3659164,1737756,1921407,714172,562472,381081,496145,588121,917174,921289,797975,475607,450331,572087,441874,523862,529120,531463,528787,520129,506093,519710
20252,11350600,공릉2동,8370122,3947558,4422564,1708145,1698171,1058267,1226377,1075577,1603586,2285631,1757752,949736,927099,1337298,1112608,1185280,1198783,1191814,1190762,1187141,1203265,1213076
20252,11350595,공릉1동,10198923,4750652,5448271,1436592,1982033,1372801,1460619,1485852,2461029,2751814,2073867,1141681,1152063,1716819,1362680,1430815,1446426,1428044,1433778,1445484,1506679,1507697
20252,11350580,월계3동,2444004,1113517,1330488,411191,274625,348791,373488,372073,663836,702363,511911,253914,257508,386068,332242,343690,342671,338709,340644,341296,366589,370406
20252,11350570,월계2동,3687113,1637527,2049585,738556,419088,423823,569097,534663,1001887,1235594,801229,356978,319693,465110,508509,533483,535515,534036,531504,519725,507307,525545
20252,11350560,월계1동,4694730,2516805,2177925,882052,1222565,507360,568471,576003,938279,1117182,973740,611380,599968,807964,584496,681196,683075,696191,697192,670235,635616,631225
20252,11320710,방학3동,3380248,1587158,1793091,714103,285840,367096,494982,507769,1010460,1063243,707154,338109,317795,487948,465999,479136,479673,470827,469938,470647,495301,514727
20252,11320700,방학2동,2560484,1224076,1336407,313388,248946,288434,362892,459766,887058,694148,505022,283051,292345,435156,350764,359871,360553,354643,356020,357781,380820,390797
20252,11320690,방학1동,6352247,2967847,3384399,809339,722965,802051,977268,1131892,1908735,1522906,1272460,772218,807655,1154013,822996,891932,892224,885169,884936,892586,952149,953250
20252,11320681,쌍문4동,2225827,1021046,1204781,490691,194209,261534,335245,337801,606346,622660,463250,238249,243882,360929,296856,316732,318150,309487,312485,311842,323784,333346
20252,11320680,쌍문3동,5318727,2396427,2922302,809557,744085,751126,796997,812951,1404011,1425083,1119858,607239,592400,867762,706387,758338,758311,753712,751093,752342,765551,779383
20252,11320670,쌍문2동,4357620,1981721,2375901,671823,509148,599380,644529,705699,1227039,1185854,897220,498551,489694,705408,580893,623550,622130,618323,619828,619385,621386,633019
20252,11320660,쌍문1동,4524590,1953007,2571583,771229,747351,503917,625165,689770,1187158,1264630,929082,516775,511042,709460,593599,649040,651982,647128,645991,620051,640133,670266
20252,11320522,도봉2동,3086468,1458723,1627744,418004,305237,406011,448588,519757,988872,837957,644051,339623,339483,504077,421277,440527,439194,435182,435757,436625,444574,454610
20252,11320521,도봉1동,3740307,1836108,1904198,456641,359587,428893,493978,664962,1336248,1010044,778499,430871,440841,601171,478882,524578,528697,523163,523793,523622,545430,571025
20252,11320515,창5동,3743138,1703337,2039801,560493,480982,545893,548922,597135,1009713,860105,748026,458695,480799,712019,483493,527190,530098,524831,526303,531770,554314,548631
20252,11320514,창4동,3660172,1709065,1951107,601876,434970,484838,552888,621634,963967,1019479,779735,415381,412141,556382,477054,514412,516951,516421,515813,523242,534463,538871
20252,11320513,창3동,3480572,1609877,1870696,510990,362973,378061,548034,641145,1039369,991315,704286,373861,368065,560436,482607,491445,487296,482752,487295,486584,512100,533100
20252,11320512,창2동,10884586,5010768,5873817,1528740,1555378,1590286,1679126,1687131,2843925,3305915,2204468,1076895,1091827,1670944,1534536,1535356,1540055,1511384,1521883,1514787,1605931,1655188
20252,11320511,창1동,3612315,1671092,1941224,546338,472629,524628,527320,584952,956448,937766,752950,427095,425418,600131,468955,513980,513962,510327,509803,514072,518646,531524
20252,11305660,인수동,8123879,3722805,4401074,1247292,980413,983599,1190951,1305715,2415908,2412117,1691369,848566,839074,1235468,1097286,1153057,1152241,1134468,1135747,1138497,1189125,1220743
20252,11305645,우이동,3876885,1679284,2197601,561940,565563,466841,589034,619371,1074139,1095991,798425,439933,431392,603390,507755,546471,549127,539150,540686,535480,572485,593487
20252,11305635,수유3동,9521301,4451313,5069988,869960,2049056,1410989,1441060,1504841,2245397,2365841,1856788,1120492,1151995,1727810,1298378,1335287,1335334,1333327,1340505,1377878,1411808,1387162
20252,11305625,수유2동,5222938,2330589,2892349,650027,703297,615962,796196,893429,1564027,1336347,1020068,598673,612701,941027,714122,735804,739738,719213,727666,730327,771788,798405
20252,11305615,수유1동,5722737,2690856,3031881,820003,824840,734863,817085,912776,1613170,1620718,1236983,659475,625037,841583,738942,821003,813245,808960,810413,809529,819177,840409
20252,11305608,번3동,3196732,1446913,1749819,449252,312786,360379,470125,545454,1058736,931033,653754,335286,334799,501440,440422,456621,457784,452285,451284,451605,456716,470437
20252,11305603,번2동,2741048,1288469,1452580,349755,333183,341354,385696,468861,862202,856615,579609,279067,262238,394071,369449,389901,389680,381960,383343,382842,399998,413324
20252,11305595,번1동,6424489,2984559,3439931,660003,1253190,940839,943255,1040945,1586257,1731994,1313464,742821,745855,1055682,834676,913052,914732,909860,908962,916891,927918,933076
20252,11305575,삼각산동,3061482,1409144,1652338,813232,272811,325709,527390,486522,635819,820851,623919,342339,363693,513112,397569,427761,431863,425512,424709,425746,457946,467945
20252,11305555,송천동,10890365,4966245,5924120,1822202,1164599,1295843,1615452,1886030,3106239,2882073,2304929,1290645,1251678,1754207,1406832,1557921,1562141,1547351,1548390,1545830,1547861,1580871
20252,11305545,송중동,11776106,5288765,6487341,1719188,1575051,1561663,1787186,1985944,3147074,3129422,2354454,1347558,1375406,1997006,1572261,1671358,1677449,1658902,1659920,1668066,1727422,1712991
20252,11305535,미아동,7715840,3454407,4261431,767888,1422115,1037584,1062482,1279257,2146513,2103217,1639682,886718,867730,1219730,998763,1103046,1104859,1094864,1104235,1099118,1104386,1105331
20252,11305534,삼양동,11381264,5360440,6020823,1652565,1398515,1434152,1850841,1879610,3165581,3202484,2302418,1220148,1240246,1878391,1537578,1602840,1594435,1576084,1577919,1587088,1696882,1746017
20252,11290810,석관동,10174087,4728612,5445475,1450718,1617822,1419895,1457515,1640137,2588000,2927213,2091136,1081658,1080346,1616086,1377650,1444543,1449947,1434852,1448360,1440906,1466300,1489178
20252,11290780,장위3동,3687986,1799820,1888167,566257,512689,538560,601293,586105,883082,956819,770565,428177,432608,611183,488635,522127,521415,521863,519508,522299,537432,543344
20252,11290770,장위2동,5583856,2489553,3094303,728172,747730,839487,836930,924382,1507155,1582208,1155071,607979,607592,884338,746667,800285,792074,796462,794277,792153,797455,811149
20252,11290760,장위1동,6491773,2943888,3547886,1133737,783507,877960,955663,1106143,1634762,1969137,1371979,683964,646295,942341,878061,926340,927372,910278,918471,914060,932232,963019
20252,11290725,월곡2동,6231314,2766535,3464779,964310,1156462,863233,847286,936219,1463805,1591770,1298216,751262,745044,1046780,798241,889030,892192,895366,892957,876005,882270,903492
20252,11290715,월곡1동,8355616,3892716,4462900,1824171,1099088,1052274,1324863,1273053,1782168,2080465,1686956,1046283,1066088,1424887,1050937,1199457,1203074,1212430,1203795,1182086,1175396,1179377
20252,11290705,종암동,10970283,5047152,5923132,1997859,1909607,1355681,1632123,1631808,2443206,3021646,2243664,1214894,1242639,1793478,1453962,1549714,1559543,1551480,1559705,1542917,1594593,1612333
20252,11290685,길음2동,5011473,2215649,2795823,961827,579103,668535,933551,784977,1083479,1296847,983977,567685,611403,896987,654574,686696,696934,688985,690417,697673,772421,778349
20252,11290660,길음1동,6262287,2779242,3483046,1814407,623642,665864,1185014,903085,1070275,1721015,1241865,649496,692388,1086479,871044,877191,887743,876530,884132,883390,925422,927878
20252,11290650,정릉4동,3426695,1557222,1869474,606546,585705,406679,504439,509473,813856,1057614,706093,340863,339490,509106,473531,483604,496332,485658,485451,475231,494349,506073
20252,11290640,정릉3동,2715671,1337696,1377976,435383,795835,289355,297452,343098,554549,754717,568138,301953,301209,429777,359879,383704,389403,385785,387163,381404,390176,398035
20252,11290630,정릉2동,5536543,2552364,2984179,994536,747083,772236,892990,860837,1268862,1688586,1135602,536907,532581,853332,789534,779272,785022,768185,774379,773751,820184,835748
20252,11290620,정릉1동,4416546,2001739,2414808,925781,506976,538505,750200,680302,1014783,1225179,879841,462592,478084,756510,614343,620799,619507,612320,611925,613151,662154,676691
20252,11290610,보문동,5471016,2528064,2942952,690266,1027240,862678,824757,853620,1212455,1541947,1166576,595581,590301,858066,718545,778946,778325,776436,776422,772543,785238,803107
20252,11290600,안암동,8162847,4009912,4152935,1205689,3430276,991625,732939,772715,1029604,1796797,1684117,1179478,1132987,1396655,972813,1224914,1242327,1274445,1263887,1154927,1009348,993000
20252,11290590,돈암2동,2701773,1223722,1478051,600762,281586,341724,490440,431689,555572,812465,540940,257620,272275,434688,383786,374023,375776,371783,370224,371570,412715,425682
20252,11290580,돈암1동,2278720,1014093,1264628,431462,275303,285953,313996,372723,599283,659505,479029,238807,241111,355402,304867,324328,326275,325407,325184,323861,327414,326250
20252,11290575,동선동,7875073,3146146,4728925,1362914,2303399,1125739,983001,946516,1153504,1903362,1577744,974753,999542,1426266,993408,1102574,1128541,1132599,1124797,1132507,1137072,1116981
20252,11290555,삼선동,10129591,4543030,5586561,1443827,2376899,1505118,1483791,1497130,1822827,2309343,1993398,1246405,1314364,1930103,1335980,1444972,1454611,1461290,1463535,1464801,1440257,1400123
20252,11290525,성북동,4319491,1957219,2362274,715268,705961,634119,659658,658991,945494,1095233,918315,533008,523853,720218,528864,611954,619832,622396,624668,618743,613421,608479
20252,11260690,신내2동,1643296,748915,894381,288750,161376,231369,258186,263005,440610,452169,343384,185891,183763,266059,212030,236474,234516,233141,232597,234122,235510,236936
20252,11260680,신내1동,4941424,2262207,2679220,958084,476740,697193,747258,761325,1300824,1369240,975717,523473,547975,847723,677298,699512,697735,692706,691274,699435,723899,736864
20252,11260660,망우3동,4013078,1894773,2118305,490609,507181,589065,578842,713656,1133725,1252394,842726,415527,390586,571187,540659,573872,570827,562307,565274,563783,577958,599059
20252,11260655,망우본동,11536631,5322113,6214518,1876972,1382907,1782254,1841015,1765210,2888272,3000749,2359847,1385937,1355946,1919712,1514438,1640385,1636835,1624278,1631402,1620575,1669125,1714030
20252,11260630,묵2동,5225602,2424219,2801383,629212,755708,797637,828973,880415,1333655,1418824,1043679,581360,596067,884693,700980,728307,737712,721116,721856,730669,784534,801408
20252,11260620,묵1동,6967421,3187822,3779598,1183479,912056,991950,1044482,1056610,1778842,1906657,1444623,763391,766396,1144546,941806,981403,985233,973425,975702,980980,1024876,1045802
20252,11260610,중화2동,7556109,3720015,3836093,852264,988056,1170309,1098383,1272081,2175014,2035905,1517995,816204,846515,1306178,1033311,1061202,1061503,1049126,1053665,1063126,1122485,1145004
20252,11260600,중화1동,4863033,2293844,2569188,837791,593949,763442,703517,724607,1239728,1410352,1021683,533440,502067,734062,661431,698595,696275,692488,693174,690273,686981,705247
20252,11260590,상봉2동,7187804,3323834,3863969,570484,1420069,1548435,1041950,1082988,1523877,1913018,1395122,807450,829664,1259201,983349,1001080,1007856,991759,1001097,1021810,1099335,1064868
20252,11260580,상봉1동,4300436,2011885,2288550,749685,497496,696655,644560,645356,1066682,1151574,914399,493640,482412,692767,565646,613203,617942,606187,609590,609849,616657,627009
20252,11260575,면목3?8동,6102211,2888208,3214003,716493,943325,943982,928371,994528,1575514,1613479,1217019,707525,706345,1030110,827734,872425,873551,867300,870056,865860,875470,877550
20252,11260570,면목7동,6089438,2901749,3187690,721441,711503,951650,957083,1016787,1730975,1738719,1232372,634378,653391,997155,833422,855714,859167,846563,846326,847899,906879,926893
20252,11260565,면목본동,9597075,4468787,5128288,995379,1385249,1605456,1425611,1714470,2470910,2851065,1958043,984990,987168,1501500,1314309,1356113,1357711,1341313,1342869,1346341,1414429,1438300
20252,11260550,면목5동,2362540,1115130,1247411,317201,251772,376856,389722,402002,624986,684855,487112,246082,249132,376839,318522,330325,332296,325618,327595,328407,352476,365825
20252,11260540,면목4동,4695511,2263702,2431809,667336,541538,700926,799821,761219,1224671,1306108,967451,515051,518358,749289,639253,663392,665328,657608,662620,659100,681459,706001
20252,11260520,면목2동,5272377,2512663,2759714,705149,647936,802621,824557,930172,1361940,1527078,1074116,564112,565568,829312,712191,741681,743642,736317,735818,739520,778845,796553
20252,11230750,이문2동,3334977,1549095,1785883,478808,559612,402511,532784,521652,839611,1017485,696568,322895,324864,507588,465578,471056,476026,465947,467646,468971,487999,497331
20252,11230740,이문1동,10759091,4835691,5923400,1543399,4025789,1389534,1154127,1181534,1464708,2933047,2290444,1274122,1216835,1660706,1383937,1543128,1576901,1574182,1565847,1515917,1487392,1495723
20252,11230730,휘경2동,4349270,2082309,2266962,602898,1385278,530782,517086,511200,802027,1269624,953773,471628,449284,632623,572340,622345,623849,621315,620119,610331,614914,636398
20252,11230720,휘경1동,5452750,2427356,3025393,608554,1878407,739814,619151,647880,958944,1478246,1204649,608386,592818,865396,703257,762759,774329,769760,771905,770808,802029,801159
20252,11230710,회기동,4863701,2122450,2741251,700004,2106839,524102,461116,409147,662492,1181545,1017752,622108,586493,823182,632621,694355,713552,719435,717756,707202,663432,647969
20252,11230705,청량리동,6168282,2861007,3307275,602474,960039,799107,846369,966022,1994272,1466318,1282230,811492,806848,1045847,755546,863563,872004,868289,870723,876494,903046,914166
20252,11230660,장안2동,7487517,3562245,3925273,1495763,868957,1120827,1332637,1133095,1536238,1990452,1500947,847825,862702,1288412,997176,1054982,1065609,1054963,1059539,1060273,1094539,1097613
20252,11230650,장안1동,8909228,4290623,4618606,1087781,1213130,1605219,1670757,1359375,1972965,2343455,1844606,1067659,1053375,1453784,1146352,1274793,1273943,1288274,1280711,1279495,1257330,1254683
20252,11230610,답십리2동,5505395,2577872,2927523,722640,607393,913902,954409,882919,1424132,1488170,1098443,611865,636407,939212,731299,773434,773798,764740,766858,770283,823809,832474
20252,11230600,답십리1동,7063038,3253485,3809554,1134037,929186,1197989,1276270,1025750,1499807,1909388,1493076,800636,792509,1140031,927398,1003508,1011595,1004217,1003972,1005617,1017743,1016388
20252,11230570,전농2동,2315610,1050278,1265332,449936,283648,295113,368728,347623,570563,574996,477508,283030,287130,400570,292376,329803,329536,328253,327587,326283,332732,341416
20252,11230560,전농1동,11439262,5444211,5995052,1881478,2366098,1581560,1722390,1558679,2329061,2982756,2389243,1352539,1333668,1879661,1501396,1631346,1642387,1642951,1643350,1625375,1619204,1634651
20252,11230545,제기동,12271963,5864591,6407373,1303801,3111226,1526956,1475527,1717235,3137216,2908277,2619575,1684249,1653190,1963949,1442725,1770017,1791599,1785464,1796050,1752128,1711027,1665678
20252,11230536,용신동,14186217,6905350,7280867,1333547,2697686,2463469,2255512,2186100,3249901,3366332,3050508,1899443,1859164,2327424,1683344,2043713,2048229,2068480,2061350,2045185,1962668,1956592
20252,11215870,구의3동,6153180,2801976,3351203,1238345,783340,929719,1052437,982773,1166565,1597092,1220361,696085,741636,1094450,803555,864689,867289,863235,867801,880471,916517,893179
20252,11215860,구의2동,4918704,2176555,2742148,885010,614979,717264,816969,761130,1123351,1431739,1015563,516108,512692,769644,672958,693803,693068,684807,687000,693419,725638,740967
20252,11215850,구의1동,6832738,3184811,3647927,915889,1327826,1338405,1060688,953636,1236295,1983157,1429816,737598,711198,1047672,923298,971781,979480,972730,975885,974836,978755,979271
20252,11215847,자양4동,8951997,4186788,4765209,885107,1984196,1620276,1324809,1334806,1802803,2291642,1802599,1001917,1041490,1616421,1197926,1258289,1257356,1245384,1253754,1281379,1329784,1326050
20252,11215840,자양3동,6641281,3042418,3598862,1312631,933534,995052,1107139,936861,1356064,1794213,1358816,749413,744926,1108637,885275,940584,943530,937046,936709,942680,966529,974204
20252,11215830,자양2동,5160179,2431990,2728190,924786,626436,878677,888514,737507,1104257,1534584,1084090,535091,532697,776685,697032,727255,731239,724090,722191,729049,757157,769199
20252,11215820,자양1동,7862796,3713114,4149682,1063880,1532089,1356978,1208955,1124631,1576263,2102208,1613981,900425,904049,1299146,1042986,1119508,1128397,1120832,1121573,1112792,1126055,1133640
20252,11215810,광장동,6336033,2885339,3450694,1896909,632631,676101,1192826,943769,993798,1781882,1351655,715542,686173,964523,836258,905947,911474,911328,914519,909776,894508,888482
20252,11215780,능동,2196514,982739,1213775,323796,429502,446569,332213,272301,392133,571034,456838,257394,257332,363824,290094,311171,314369,312357,314210,318791,310427,315190
20252,11215770,중곡4동,6415828,2940103,3475725,909847,814560,976744,958588,1024657,1731432,1901877,1327293,667530,653661,995917,869549,907415,907965,888501,897075,898939,937446,978487
20252,11215760,중곡3동,4702350,2164007,2538344,577115,639497,843969,696042,756887,1188841,1410902,949532,468303,471457,744443,657715,658472,660651,652488,653706,656014,694968,726051
20252,11215750,중곡2동,4352732,2010799,2341933,623765,673856,781963,674527,674769,923853,1367405,892428,432383,418453,633344,608719,619817,617163,609824,614424,614132,631785,645588
20252,11215740,중곡1동,3678009,1764458,1913551,377655,697167,763636,578954,529704,730891,1013946,745591,395903,400851,618227,503491,518981,517258,516721,518300,521106,541971,543672
20252,11215730,군자동,6763400,3258413,3504985,868565,2155771,1152728,899541,730896,955896,1750376,1406964,838245,820917,1088526,858371,976049,990852,1006674,998693,964522,913862,912746
20252,11215710,화양동,9059046,4188907,4870140,830864,4056496,1545835,934476,766551,924825,2409594,1782197,1007909,1013150,1592084,1254110,1260882,1276378,1271931,1276838,1307677,1354377,1310963
20252,11200790,용답동,3238863,1587226,1651637,267844,676472,582906,475602,537774,698266,936220,694389,357838,344302,486629,419485,457089,460987,460085,459527,458287,466361,476527
20252,11200720,송정동,3232174,1633876,1598297,287133,750257,618120,508035,434079,634549,957403,711747,353732,338812,456437,414042,462451,462096,463388,458167,460447,457614,468011
20252,11200690,성수2가3동,5700149,2783057,2917092,523529,1334883,1307916,989179,775335,769305,953708,1177147,978337,1022249,1040195,528511,865715,858154,897433,888230,870947,675882,643788
20252,11200670,성수2가1동,4934829,2484076,2450755,487432,781101,985101,788063,844939,1048195,1139246,1007124,653314,686418,858134,590593,707431,709951,718279,715891,717624,687251,678405
20252,11200660,성수1가2동,5614925,2723186,2891739,493603,1191623,1401920,1028213,724356,775209,867670,1125862,977732,1024265,1104580,514816,832524,840914,875744,858746,857461,684155,665379
20252,11200650,성수1가1동,3196039,1548183,1647857,319727,579192,755982,518526,460535,562078,658374,652483,478704,497392,563991,345096,463414,463938,474840,472112,473993,422388,425354
20252,11200645,옥수동,2946041,1331565,1614477,523217,278895,515125,547071,414104,667631,702892,616608,349458,368218,535547,373321,415101,417884,421298,418357,422617,430677,420109
20252,11200620,금호4가동,2558286,1189713,1368573,377985,254312,465226,456070,395133,609560,653192,524334,282718,303346,450810,343887,359032,361163,359505,359158,363493,380764,375171
20252,11200615,금호2?3가동,5552003,2537735,3014269,878036,553916,914867,994992,872769,1337423,1564489,1117503,574723,592453,933836,769001,776709,782146,773983,775351,780639,830033,833143
20252,11200590,금호1가동,3209351,1406513,1802839,570263,278597,549616,652760,467144,690971,859354,654130,336425,364965,561320,433156,445041,449473,441777,440946,447903,487639,496572
20252,11200580,응봉동,2689260,1195803,1493456,518699,261627,421622,490735,430402,566176,849597,570319,255632,244886,382846,385979,379342,382735,378312,378453,380889,390020,399511
20252,11200570,행당2동,4677789,2049560,2628229,899199,549281,733606,837041,674827,983834,1320668,976972,494144,484694,749356,651954,661108,666093,656592,658159,660544,681415,693880
20252,11200560,행당1동,5913700,2758195,3155505,942160,1243445,946257,959222,831465,991151,1354914,1166998,764590,790697,1097674,738828,840240,847558,856477,858020,857288,845576,808542
20252,11200550,사근동,4460944,2114063,2346881,765982,1901625,528858,381288,377597,505593,1204020,952697,530770,494758,694969,583731,639220,650767,656770,660056,652344,612715,589071
20252,11200540,마장동,4876867,2346077,2530789,596867,833784,773919,731651,810663,1129984,1249258,1088847,603164,577261,769137,589198,694522,697458,705259,704930,702109,691580,681011
20252,11200535,왕십리도선동,5465586,2522771,2942815,687977,979477,1025822,904974,808191,1059143,1353347,1122556,675463,682800,953114,678305,770765,775947,778160,780496,784718,794078,781422
20252,11200520,왕십리2동,4358103,1924813,2433291,543527,678068,853020,695076,640850,947563,1274879,886599,438167,446793,704408,607257,608236,612299,604882,605920,610217,654232,662318
20252,11170700,보광동,2508267,1287954,1220314,277287,310884,427873,517001,416461,558761,681284,534742,283363,283791,394925,330164,357949,358463,354831,357166,358296,360314,361247
20252,11170690,서빙고동,1688340,832732,855608,286908,201957,243677,346428,278222,331146,485591,372989,192859,186848,240388,209667,238114,238996,237497,236639,237712,244594,254788
20252,11170685,한남동,4291192,2030069,2261123,342068,698904,1003315,930640,635998,680268,826948,869151,635769,665390,809202,484732,595715,610022,628175,623693,640649,617276,575662
20252,11170660,이태원2동,2809213,1327241,1481972,291932,419570,642304,616574,368387,470447,766266,578059,324150,322869,452823,365045,391920,393219,390790,394284,400792,419958,418248
20252,11170650,이태원1동,2483019,1324667,1158353,159103,600651,610139,450895,302550,359682,603094,426748,315269,331556,461668,344684,324849,313942,314334,323634,363669,436456,406135
20252,11170640,이촌2동,1459822,706350,753472,160728,196466,267468,257692,225787,351681,379611,301407,161255,177402,252188,187960,203274,206474,205899,205222,207855,212590,218510
20252,11170630,이촌1동,4535257,2077281,2457976,960849,404107,576976,846124,741388,1005813,1110979,965050,543045,555341,779510,581333,637861,642151,645050,641465,653502,655907,659322
20252,11170625,한강로동,5518689,2821884,2696805,460523,1099918,1346586,1057661,764028,789973,1078741,1113545,836424,848138,1037456,604384,790398,796963,823014,812507,814449,760578,720779
20252,11170590,용문동,2311046,1081815,1229231,263808,311510,430192,389398,373758,542381,627946,454572,259543,268895,393015,307075,324628,326256,324807,325400,328847,344745,336363
20252,11170580,효창동,3772522,1658750,2113771,582089,556472,701943,627155,549917,754947,960286,812640,450142,440197,612928,496329,540907,542680,541511,544259,533746,532526,536892
20252,11170570,원효로2동,3633609,1730370,1903238,490480,460282,690290,632819,555330,804407,1034833,787448,408426,397749,535789,469361,518799,521417,522551,519523,517404,511457,522459
20252,11170560,원효로1동,5018335,2390891,2627444,571789,804837,1245598,931975,711080,753055,1168449,1096734,671207,660130,827693,594122,729169,727683,738903,734227,730886,684187,673279
20252,11170555,청파동,7609923,3333627,4276296,917073,1758691,1413765,1143990,1049375,1327030,1911374,1613244,972503,941731,1230069,941003,1102436,1099734,1108028,1107724,1088518,1033750,1069734
20252,11170530,남영동,2019412,1028980,990431,153141,355213,412389,347674,329619,421374,363267,439652,313364,316073,372118,214939,296759,294847,305350,304283,301062,260655,256455
20252,11170520,용산2가동,4894044,2264022,2630022,760525,837908,960243,781008,559409,994950,1271864,1029216,581968,577233,807986,625779,685205,683605,685734,691548,699837,714821,733296
20252,11170510,후암동,3887531,1881330,2006198,587469,501105,736482,651833,553480,857163,1161092,823859,421609,405588,566199,509182,551303,553155,550502,552780,550327,556117,573346
20252,11140680,중림동,1968294,938638,1029656,164564,255911,394484,398652,332723,421959,424705,424222,286776,283708,327626,221260,292180,291737,299658,297784,292208,249418,245309
20252,11140670,황학동,5863751,2751452,3112298,581627,955508,1229560,972921,812579,1311555,1586116,1228638,694107,692390,930296,732203,822914,837546,824273,828437,835145,861951,853486
20252,11140665,동화동,3491626,1632971,1858656,388075,428759,558880,534594,631566,949754,836807,699489,444517,462136,624052,424626,496801,502526,505327,502559,502691,494899,486826
20252,11140650,신당5동,3228110,1479242,1748869,314050,511105,573185,495751,526107,807913,713163,638965,408896,423615,631825,411646,452358,455383,454456,455444,463666,477991,468812
20252,11140645,청구동,2816904,1276482,1540423,439856,329592,519427,425833,433932,668263,800600,593450,324466,306615,425111,366662,406308,405359,404029,403804,401977,394017,401414
20252,11140635,약수동,1854990,842590,1012400,209728,226077,328887,296949,294351,499002,430308,372962,231377,237107,342640,240597,260316,261207,259667,260518,262651,273098,277534
20252,11140625,다산동,4263410,1994227,2269182,495222,664593,787237,727026,645159,944172,995404,914156,566023,557793,721113,508919,624581,624303,635741,630008,626331,567080,555365
20252,11140615,신당동,5429827,2618709,2811118,312225,917953,1101771,949652,932672,1215555,1279383,1110521,725730,700309,919593,694293,814738,822222,833540,833116,792674,666418,667118
20252,11140605,을지로동,4822187,2710044,2112143,202254,779218,966928,967069,906368,1000351,435430,1051347,1003690,989006,960004,382708,760742,758293,830904,815488,800081,487268,369413
20252,11140590,광희동,6517843,3259653,3258191,412103,1418363,1390498,1184397,996061,1116421,986354,1334400,1130681,1136827,1256222,673359,993300,991858,1049902,1041873,997002,754879,689029
20252,11140580,장충동,2159571,1061767,1097804,181624,672413,373929,317425,285040,329140,441539,469960,346098,331852,354533,215588,317947,321023,335099,329462,311825,277812,266402
20252,11140570,필동,2644573,1371824,1272749,205630,609575,489277,465874,425168,449050,347177,564371,504042,488073,506683,234226,409398,410152,446199,435223,415722,280088,247791
20252,11140550,명동,5614655,2712016,2902638,367817,1133768,1308341,1271260,849611,683858,380803,1248157,1287512,1270146,1094509,333529,893375,874604,956827,927054,885937,564117,512744
20252,11140540,회현동,4472620,2078863,2393757,161107,542732,971033,1016640,817375,963730,316377,988720,1156678,1091757,702602,216483,714100,724155,769863,753515,716505,457529,336953
20252,11140520,소공동,2572626,1274823,1297803,178769,413538,647394,609786,419369,303771,167970,600619,615645,596981,461208,130202,418332,413573,455654,446377,414814,230426,193451
20252,11110710,숭인2동,5360471,2632258,2728212,398954,1071956,865248,760312,907435,1356566,1281510,1139479,735586,724016,842515,637367,751381,755993,756594,759937,760997,764867,810699
20252,11110700,숭인1동,2283555,1097279,1186276,228507,336809,350553,351224,390751,625711,562395,465135,278858,286514,403894,286758,324271,324914,322503,320371,320645,332444,338408
20252,11110690,창신3동,934584,431887,502696,129220,119065,132518,146093,159153,248535,278312,198800,95721,93995,139981,127776,131176,131266,133063,133823,129052,136685,139520
20252,11110680,창신2동,4689181,2265478,2423702,300134,716916,562095,572991,998104,1538943,1327245,972094,513524,513517,751062,611739,666009,673626,659706,660552,664367,678611,686310
20252,11110670,창신1동,2894717,1415260,1479457,157880,425920,430498,498237,547791,834392,677869,602927,411249,401424,466113,335137,427656,426146,430561,428091,416476,377411,388376
20252,11110650,혜화동,9403241,4107410,5295831,1540113,3521929,1087137,1035218,1000476,1218369,2245646,1893699,1209557,1201022,1688989,1164327,1307708,1338801,1367016,1361171,1351920,1352923,1323706
20252,11110640,이화동,4841942,2151635,2690307,550443,1164380,912798,777461,693522,743337,778959,952897,802891,871308,957285,478600,683681,709648,758564,743708,727168,627704,591467
20252,11110630,종로5?6가동,5238510,2633150,2605361,378453,835639,815725,854782,960100,1393812,858354,1128013,959823,928038,888730,475551,783320,796111,829659,817405,797900,648083,566033
20252,11110615,종로1?2?3?4가동,14129208,7489578,6639631,673154,2784653,2921230,2729170,2308722,2712278,1418751,2715313,2896348,2974803,2965970,1158023,2150091,2129143,2301595,2258684,2184482,1727527,1377684
20252,11110600,가회동,1244131,593154,650978,188967,180340,225611,236698,197280,215235,183995,269489,243529,247510,203351,96256,182100,184140,192106,189832,184815,160449,150690
20252,11110580,교남동,4167907,1908016,2259891,839490,488708,560506,727928,660656,890617,1186118,911549,467424,447021,619330,536465,599367,602350,598645,595835,592425,582265,597017
20252,11110570,무악동,1779593,783121,996472,328439,205857,219065,277682,279530,469021,435198,376050,210373,217878,305034,235062,248027,252582,257594,250811,252037,260759,257784
20252,11110560,평창동,904147,382772,521375,171628,87739,92995,137548,159093,255146,264979,189006,95637,94159,137954,122412,127181,128704,126709,127416,126366,132394,135374
20252,11110550,부암동,931763,408212,523550,190962,123900,104203,141310,150542,220847,231974,199761,121447,117388,144401,116793,135159,136098,137539,135375,133173,126715,127704
20252,11110540,삼청동,1020583,464412,556172,121660,160112,177998,191979,165628,203207,151940,203136,210479,205815,169943,79271,143417,140218,149737,148193,150014,147613,141393
20252,11110530,사직동,4099841,1839397,2260444,383906,631473,832673,840974,686909,723907,458092,860508,824845,816552,809078,330767,600514,592138,644403,636764,617692,518858,489473
20252,11110515,청운효자동,3549035,1454708,2094326,698056,465669,549383,619762,538072,678093,758656,720267,546995,532057,593881,397177,506422,502267,517987,514883,504826,504185,498465
20251,11740700,둔촌2동,6940288,3250082,3690206,1287416,793634,1032118,1109377,1018407,1699336,1920970,1476154,794645,764257,1073401,910862,988515,986729,987329,986838,985292,986580,1019007
20251,11740690,둔촌1동,23239,10861,12379,4861,1974,3414,4302,3236,5451,6103,4917,2793,2745,3707,2976,3272,3245,3251,3278,3340,3415,3439
20251,11740685,길동,18457501,8447930,10009573,2558331,2272547,2914077,2941861,2911939,4858747,4925772,3768511,2169234,2157229,3022553,2414202,2623654,2604108,2611751,2601673,2622366,2683668,2710280
20251,11740660,성내3동,6753807,3169217,3584590,938227,900957,1084270,1182297,1043535,1604520,1854793,1390668,779509,760235,1080024,888577,951613,950104,952341,949295,959903,981047,1009504
20251,11740650,성내2동,8506868,4054897,4451970,1183513,1178867,1487349,1313533,1261090,2082516,2307949,1739887,961674,964938,1412897,1119522,1195839,1183505,1191612,1186795,1196086,1264721,1288308
20251,11740640,성내1동,5650885,2567424,3083462,970279,646145,900999,980121,860565,1292778,1462919,1183101,699496,691350,911268,702751,820060,820722,817000,821922,816843,772737,781601
20251,11740620,천호3동,7484127,3517910,3966217,932181,1157437,1368164,1110494,1086413,1829438,2088795,1536890,814442,815387,1208693,1019919,1052734,1042210,1048313,1041452,1048371,1108598,1142450
20251,11740610,천호2동,11117687,5321635,5796051,1446287,1423626,1892287,1811352,1718445,2825691,2919791,2279602,1300495,1321932,1849736,1446130,1565802,1557817,1567629,1563790,1575926,1640089,1646636
20251,11740600,천호1동,10636603,4934714,5701889,1757745,1168300,1595877,1734545,1631440,2748696,3075349,2215115,1156268,1147189,1630841,1411840,1516903,1503629,1512705,1507230,1494426,1531369,1570339
20251,11740590,암사3동,1486043,702394,783649,353449,148221,203142,259030,212759,309442,426785,338629,161011,151654,214157,193806,214119,212337,214662,213971,213840,207191,209923
20251,11740580,암사2동,2351791,1112617,1239171,350921,274988,417248,402938,371626,534067,640342,473724,265014,269826,391350,311534,331467,326249,328524,326943,331865,354814,351927
20251,11740570,암사1동,8884521,4183358,4701162,1473524,978958,1328737,1490628,1405373,2207301,2531747,1828524,944076,939215,1431412,1209546,1252032,1239098,1244666,1236855,1229627,1317312,1364932
20251,11740560,고덕2동,2109036,995147,1113889,473791,179127,311963,407643,271537,464974,542847,461060,249680,241704,341704,272040,299762,299678,301178,302908,303071,301645,300795
20251,11740550,고덕1동,3627089,1788506,1838583,1273169,265862,350685,671350,414228,651793,1023166,781173,401869,394299,547342,479241,522090,515846,516995,516136,512857,519252,523912
20251,11740540,명일2동,2165237,1023609,1141627,633726,206556,204120,344564,286338,489935,540052,433104,264153,273086,386353,268489,309051,307884,310860,312012,315336,310398,299696
20251,11740530,명일1동,4850370,2169866,2680504,924846,479222,604230,839798,711232,1291043,1157894,991108,597892,593703,887061,622712,668219,667034,683261,669973,679363,718328,764191
20251,11740520,상일동,3442510,1598258,1844252,714539,296794,499305,700297,473958,757616,922006,717166,390451,388890,567852,456147,491499,489933,490785,492231,492434,492022,493606
20251,11740515,강일동,3701358,1716254,1985104,863166,333407,494785,678082,512673,819242,1101876,792772,382979,361959,546067,515704,530163,526116,527036,524646,521205,527264,544928
20251,11710720,잠실7동,656428,296371,360058,95368,85423,104017,116641,102401,152580,176789,146710,82090,77116,95126,78599,92980,92750,94125,94177,93654,92448,96294
20251,11710710,잠실6동,2314231,1076273,1237958,321597,333649,426197,472322,329917,430549,406745,490953,366200,383235,433111,233985,339038,345955,341910,350490,346842,304863,285132
20251,11710690,잠실4동,2217013,1016260,1200753,512686,245681,315823,424483,303915,414424,654250,494720,242425,233930,309186,282501,317687,315635,315882,317385,317632,318303,314487
20251,11710680,잠실3동,3785707,1664334,2121375,987157,424322,524710,704787,483896,660834,863323,767786,497133,519402,684943,453123,526935,527604,523621,534741,540575,574568,557664
20251,11710670,잠실2동,2177996,989406,1188590,652062,219647,233297,437617,303092,332281,668438,461679,222151,220391,312427,292909,307696,304539,307241,306395,310775,320630,320722
20251,11710650,잠실본동,8029149,3789113,4240036,1185824,1294768,1596253,1427557,1091424,1433324,2056228,1585054,928514,950190,1435465,1073696,1125477,1113341,1122071,1119413,1146233,1213428,1189186
20251,11710647,위례동,3215483,1467780,1747703,1041592,266443,478804,613053,382426,433166,860572,645602,358626,371854,547734,431094,451494,446418,448730,451089,456310,478215,483226
20251,11710646,장지동,7570371,3543850,4026521,1372277,879578,1303183,1292959,1102740,1619633,2152603,1613205,814913,800574,1177651,1011423,1075714,1067867,1071610,1064385,1059868,1096439,1134489
20251,11710642,문정2동,2723254,1362850,1360404,272015,373590,594739,540550,419313,523048,616928,579480,396469,394071,438302,298003,411187,410047,403727,410506,411430,346341,330014
20251,11710641,문정1동,4225249,2000471,2224778,570230,629504,836050,742419,594368,852679,1134753,888029,506679,488381,668161,539247,609442,609808,607971,611543,612299,584679,589509
20251,11710632,가락2동,6143164,2846535,3296629,1116133,728881,918987,954473,931645,1493047,1659387,1285394,702314,700301,993313,802457,879361,869906,873555,868364,873178,885376,893423
20251,11710631,가락1동,786976,382546,404430,129935,75244,146684,154258,115323,165533,196736,161985,95416,95584,134156,103098,113136,111143,110175,111606,113192,115060,112663
20251,11710620,가락본동,8436105,4125976,4310130,1145516,1040907,1563527,1552092,1373771,1760291,2053478,1738620,1075017,1060535,1426058,1082396,1220021,1227547,1218947,1234066,1242304,1164880,1128341
20251,11710610,삼전동,6320203,2887426,3432776,992897,919938,1332887,1089358,808706,1176417,1820874,1299264,683646,680534,1000635,835248,898190,887022,891230,892330,892338,924437,934656
20251,11710600,석촌동,6660172,3080668,3579504,871358,980473,1476205,1169440,901697,1260999,1807125,1355406,778309,768309,1084284,866739,938305,932190,936517,940095,946577,977821,988669
20251,11710590,송파2동,3109692,1381693,1728000,642625,348122,477984,517303,434161,689498,826801,669897,372390,357171,489203,394230,442990,444143,442727,444184,443577,444142,447927
20251,11710580,송파1동,5974916,2692207,3282709,726385,1079768,1337609,971265,772901,1086989,1498072,1179679,729795,739890,1068065,759415,838813,830342,833153,839332,858145,902179,872953
20251,11710570,오금동,9884400,4584575,5299827,1987067,1030183,1253282,1561714,1561612,2490542,2638826,2089550,1176815,1140678,1586147,1252385,1404161,1405987,1403148,1406462,1398496,1418228,1447918
20251,11710566,오륜동,763523,357850,405672,168955,84423,93202,129634,105395,181912,178771,164600,93709,95313,133977,97152,105461,105782,105170,106313,112139,113572,115085
20251,11710562,방이2동,6254962,3011813,3243149,704190,1248893,1458777,1057216,776266,1009622,1536784,1208452,747872,766197,1155395,840261,880307,872986,884468,887194,911464,933915,884629
20251,11710561,방이1동,3685633,1694738,1990896,973156,404688,472206,585834,492372,757377,770576,668781,463358,514253,803794,464872,522541,526194,512105,537226,542876,537771,506919
20251,11710550,마천2동,4900846,2353722,2547122,722045,494244,613543,666921,837301,1566792,1384376,985585,533021,539200,798478,660187,692143,682571,687884,680425,681255,724177,752392
20251,11710540,마천1동,3233268,1568691,1664577,534808,319238,390865,479500,577443,931413,949980,683640,336106,330539,490992,442011,453626,449463,457191,448570,447431,476778,500208
20251,11710532,거여2동,3678057,1650176,2027880,602985,348547,554312,605049,571279,995885,1095169,761361,386228,373621,558958,502719,525353,520631,522912,519061,519739,531250,539111
20251,11710531,거여1동,3373504,1607034,1766470,484326,374997,483497,513069,593161,924454,922430,683820,371238,374846,562452,458720,479265,474005,475822,472322,478485,493049,500555
20251,11710520,풍납2동,4976049,2269073,2706977,895734,573270,741934,836261,778470,1150381,1423192,1085844,552097,529159,736975,648783,715570,715019,716779,715190,709025,692511,711955
20251,11710510,풍납1동,4457779,2085744,2372034,591050,555404,700822,662811,729141,1218551,1267808,930390,482701,476239,702009,598632,629427,626004,628251,625760,625607,655924,666803
20251,11680750,수서동,2223931,1058621,1165309,279493,218258,345865,393057,329827,657432,446167,509545,332504,310804,369838,255073,332448,338283,333087,339003,336052,276338,268720
20251,11680740,일원2동,1328210,652996,675215,335920,122640,190317,269688,180784,228861,385741,287636,143276,138962,192277,180320,190207,188436,189759,192021,192905,185499,189385
20251,11680730,일원1동,2507700,1209262,1298438,317468,335478,426145,452032,374829,601749,665832,534346,293449,282795,402654,328623,359069,358817,358730,358442,360544,353979,358119
20251,11680720,일원본동,2457884,1181974,1275910,644180,199874,257011,450580,349725,556513,750461,547249,255040,231164,333985,339985,353195,351820,354249,352412,350763,341451,353997
20251,11680700,세곡동,3537658,1587884,1949774,903685,348138,505751,607855,433457,738772,986278,748098,389164,384768,554532,474819,503591,498838,501108,501377,498660,510962,523125
20251,11680690,개포4동,3351285,1590195,1761090,564031,389032,552365,597621,575545,672691,937797,719966,397118,383729,498120,414555,486917,482956,483990,486835,478095,465589,466902
20251,11680670,개포2동,2188614,978777,1209838,530951,205291,279842,404000,300335,468197,551605,469281,268266,263289,357558,278616,310695,311641,314342,314981,317745,311046,308165
20251,11680660,개포1동,2175105,978994,1196110,589386,165497,240468,428519,288217,463016,648118,470331,224743,216398,315328,300187,305385,303783,307216,304544,304419,318039,331720
20251,11680656,도곡2동,3981389,1820726,2160663,969408,382682,483951,839536,611113,694703,960266,839820,541819,525693,643007,470783,575598,577378,575536,583578,588754,545637,534911
20251,11680655,도곡1동,8393182,3951145,4442037,1773157,918333,1310816,1685215,1219604,1486057,2034975,1808925,1113298,1092300,1336120,1007564,1214330,1238766,1228948,1245418,1248858,1113862,1102999
20251,11680650,역삼2동,12157363,5785651,6371712,2502633,1763923,2168268,2630615,1680896,1411029,2570535,2659058,1826103,1812820,1967296,1321553,1821408,1858122,1828162,1864753,1846960,1500531,1437426
20251,11680640,역삼1동,20637783,10590681,10047101,1354983,4804785,5721695,4244548,2437949,2073822,3256762,4197431,3602651,3619304,3949035,2012601,3123488,3240594,3162054,3277599,3295404,2421382,2117264
20251,11680630,대치4동,10634846,5325397,5309449,3114715,1336050,1597083,1996828,1460211,1129958,1897114,2042012,1636343,1711602,2179655,1168123,1542120,1560265,1535549,1574819,1602286,1470554,1349251
20251,11680610,대치2동,6579513,3512454,3067060,2090367,711375,922061,1303621,816280,735810,1079967,1328852,1070562,1137275,1303254,659603,968935,985730,959701,992099,991665,866992,814391
20251,11680600,대치1동,4588549,2195459,2393091,1929598,317845,298061,922163,579954,540928,1044892,886700,580660,633077,873035,570185,650864,647300,629693,655618,665305,690490,649275
20251,11680590,삼성2동,8882682,4370648,4512033,1401273,1208462,1780262,1980320,1312069,1200295,2107837,1929265,1236483,1221589,1379987,1007521,1326048,1345507,1323955,1356162,1344113,1115319,1071580
20251,11680580,삼성1동,4679313,2373877,2305437,527673,685693,1038380,1041820,710725,675023,721747,1017928,847076,837541,831284,423738,690868,712919,716355,741493,731687,564757,521237
20251,11680565,청담동,8680956,4041714,4639242,1037825,1311201,1767893,1861591,1291746,1410699,1712379,1870045,1371867,1344089,1471873,910702,1225678,1293225,1283786,1316496,1342778,1181989,1037003
20251,11680545,압구정동,7516652,3408410,4108242,1022918,1267395,1489836,1538444,1021698,1176360,1232312,1416982,1272619,1312177,1501153,781407,1051696,1094249,1077366,1121571,1176541,1075920,919308
20251,11680531,논현2동,11820073,5848514,5971558,1116308,2046998,2876313,2618953,1588579,1572921,2226595,2458038,1950314,1938587,2045713,1200825,1773612,1847037,1804462,1871461,1858230,1399371,1265897
20251,11680521,논현1동,9752622,4662130,5090492,571954,2146488,2622631,1997761,1185797,1227988,1980222,2046439,1471915,1484365,1716484,1053197,1443443,1475751,1450391,1489078,1507014,1245895,1141052
20251,11680510,신사동,6531524,3045379,3486146,749126,1215252,1404920,1335736,883594,942897,1026186,1234165,1113521,1165056,1338008,654587,939756,968794,944358,982880,1032286,906188,757261
20251,11650660,내곡동,1874838,905066,969772,597629,137908,223096,320047,226678,369481,530670,412608,213665,203695,271194,243007,269417,270551,269001,271507,269751,259332,265280
20251,11650652,양재2동,5710184,2986865,2723319,674201,795841,1251324,1163210,870326,955282,1268673,1237587,815883,797114,940684,650243,846379,854191,848058,860738,858243,728457,714116
20251,11650651,양재1동,8398928,4217584,4181344,1350091,1037294,1618450,1660339,1178482,1554273,1780530,1843579,1256993,1216638,1385591,915596,1252738,1278251,1261465,1290906,1262201,1025981,1027385
20251,11650621,방배4동,6253360,2800360,3453000,1133639,797283,968168,1156829,962418,1235024,1518503,1304230,788105,791538,1070438,780545,900332,901706,896153,905848,920615,878603,850106
20251,11650620,방배3동,3385097,1574089,1811009,594054,436519,477603,587515,541292,748115,959807,764140,396528,368294,468570,427758,484020,491381,491548,495399,490232,462953,469566
20251,11650610,방배2동,4539414,2083530,2455884,681599,656005,738268,739089,691168,1033286,1080464,923828,574912,573381,820207,566623,644793,646028,646357,652244,667125,659575,623292
20251,11650600,방배1동,4356245,2011512,2344734,809807,579284,762993,767338,607323,829501,1080483,910598,563024,556662,719383,526095,631351,638868,632960,639264,633020,593154,587629
20251,11650590,방배본동,4733101,2153780,2579321,1018770,483826,603536,917296,744013,965658,1225139,989898,578147,575378,770181,594357,676633,675363,677005,677583,682744,674215,669560
20251,11650581,반포4동,5472634,2535271,2937364,1543075,444173,640009,1135587,772791,936998,1316848,1107535,705297,735259,954176,653519,795627,798313,784795,801814,807197,764364,720525
20251,11650580,반포3동,3339273,1519981,1819291,828041,352803,392055,647264,532928,586180,740987,674082,440883,467321,612417,403581,468417,466989,468301,474493,492562,497564,470946
20251,11650570,반포2동,1762184,819088,943096,476924,169753,211716,361241,259454,283095,388300,388639,241084,242233,300614,201314,249373,250339,250975,254933,259623,249816,247125
20251,11650560,반포1동,6812782,3301087,3511694,1067717,1108902,1423553,1418188,873745,920677,1670686,1420131,874852,882322,1142738,822052,980313,983644,974767,994778,1006603,966374,906303
20251,11650550,반포본동,469583,248117,221466,87270,47924,69002,96291,83408,85685,79312,122467,71767,70273,78750,47014,67683,68818,69282,70556,72075,64246,56921
20251,11650540,잠원동,6215665,3018171,3197494,1022196,888085,1097657,1315628,942420,949680,1432366,1328357,866885,865994,1021659,700405,908221,917182,907846,925501,939433,850550,766933
20251,11650531,서초4동,6363986,3028357,3335628,1083332,1237558,1149881,1235440,831504,826270,1213246,1268508,982876,999040,1196178,704138,941172,951113,930836,964120,996629,858064,722052
20251,11650530,서초3동,12074292,6025708,6048583,1494684,1928274,2428435,2380800,1888006,1954093,2344864,2603215,1931303,1893249,2059611,1242049,1755123,1835026,1813791,1860908,1846224,1496910,1466310
20251,11650520,서초2동,6748748,3369652,3379096,803600,1110079,1600581,1463044,922222,849220,1180956,1468026,1124094,1097848,1204574,673250,1032510,1065124,1039456,1073032,1073883,774327,690417
20251,11650510,서초1동,7592346,3663526,3928821,1101727,1116988,1368262,1497579,1142181,1365609,1596822,1645331,1126979,1113044,1284188,825983,1127044,1147992,1130417,1157304,1158910,966780,903899
20251,11620775,난곡동,5740137,2717494,3022643,834692,719137,870343,880186,881128,1554650,1697667,1202112,596762,584421,875673,783502,812264,806186,813530,803519,793549,838647,872441
20251,11620765,미성동,5358757,2454836,2903921,830755,786553,812002,822262,811395,1295789,1568445,1126478,577724,556855,813502,715753,759958,755610,759990,755438,747628,781000,799132
20251,11620745,삼성동,6935735,3514419,3421315,591735,1332692,1023448,958893,1058827,1970137,1952968,1400005,755039,741769,1131770,954182,988036,986771,991057,979441,979906,1001311,1009210
20251,11620735,대학동,6255689,3626823,2628867,497842,2037891,1239385,862488,705995,912089,1677605,1290816,710377,704009,1027441,845440,888440,883869,888499,883793,881246,908031,921812
20251,11620725,조원동,7687284,3878290,3808995,506341,1577713,1839406,1337357,1098171,1328296,1874202,1558585,963472,970427,1336583,984016,1102574,1110426,1107861,1116736,1120031,1070303,1059354
20251,11620715,난향동,1469718,697168,772550,307417,131771,177378,254817,248101,350233,381196,297191,170762,178177,253815,188575,206624,205046,207411,201986,202616,219328,226705
20251,11620695,신림동,9993104,5215106,4777998,504148,3511976,2522344,1305425,942636,1206575,2604128,1984751,1108124,1136571,1778248,1381282,1381167,1355589,1374915,1373640,1398207,1546259,1563329
20251,11620685,신사동,7432118,3560632,3871486,580625,1866479,1456236,1016930,993194,1518655,2181422,1583245,758643,747249,1145407,1016152,1045966,1033611,1041944,1030576,1037961,1104106,1137955
20251,11620665,서림동,5156657,2738530,2418129,506494,1353276,1019634,723653,631061,922541,1600441,1110340,517394,489142,740266,699075,726293,718276,724147,717416,707583,762229,800716
20251,11620655,신원동,6095112,3080526,3014585,532658,1523396,1324710,824619,751832,1137895,1792659,1263163,630678,615038,949993,843580,853320,832940,847896,839548,844230,914342,962833
20251,11620645,서원동,5364335,2729258,2635077,397046,1475996,1193353,720469,619099,958371,1562367,1100858,562774,552586,848719,737031,749415,736468,748679,740676,747477,816430,825189
20251,11620630,남현동,4405557,2124379,2281178,597350,800707,821483,605939,601582,978495,1201461,918373,480670,478061,737189,589803,615170,614566,618573,616826,618452,662640,659332
20251,11620625,인헌동,6083958,2810740,3273217,691336,1425458,1233766,864946,739164,1129285,1749885,1270926,626837,613955,969780,852574,855356,847210,850493,848510,853451,898482,930454
20251,11620615,중앙동,5392313,2520072,2872241,485840,1390586,1132614,749279,647695,986300,1525439,1094342,579028,584430,877026,732047,757037,747869,751381,749222,754948,811260,820598
20251,11620605,은천동,8520499,4049461,4471038,1223846,1476633,1515690,1323244,1154951,1826137,2307026,1733093,950245,957290,1434340,1138508,1202397,1184130,1194285,1184859,1185349,1273780,1295699
20251,11620595,청룡동,10873988,5233468,5640521,962843,3248988,2183463,1395321,1231951,1851423,3143836,2263025,1144423,1119618,1715762,1487322,1523826,1509572,1516990,1517477,1529827,1619789,1656507
20251,11620585,낙성대동,5842973,2886770,2956203,638777,1953601,1197562,703614,578087,771333,1403727,1116838,675653,690289,1139282,817185,805287,800494,807460,815859,834773,897435,881667
20251,11620575,행운동,6962577,3309626,3652951,777217,1702971,1453163,949805,820115,1259306,2038514,1478780,744030,713743,1060350,927162,982229,969233,972253,972145,976372,1034407,1055939
20251,11620565,성현동,4381134,2025990,2355143,762481,555961,643375,750106,656389,1012821,1272507,905556,453866,459715,690743,598747,613709,606880,613647,606504,606397,651875,682120
20251,11620545,청림동,3178963,1481507,1697456,564166,361631,517040,529838,464670,741618,985453,656334,306182,309653,476169,445170,447453,441548,447527,441202,441562,471373,488297
20251,11620525,보라매동,3571382,1736398,1834982,370860,698291,708290,573533,486855,733554,922936,765432,428347,419755,577379,457532,508674,505680,508792,507176,503972,512070,525017
20251,11590680,신대방2동,5263265,2429438,2833827,730360,863835,944149,893493,737441,1093987,1405058,1114219,632208,617094,827137,667550,751871,750817,753886,755544,746390,743311,761445
20251,11590670,신대방1동,3617755,1701836,1915917,468475,564088,630171,577924,576468,800630,1010861,771440,400758,387738,570475,476482,509015,507175,509709,506036,505692,528987,551138
20251,11590660,대방동,7516083,3535079,3981005,1228856,1329903,1226520,1193587,1122303,1414911,2126905,1569843,803347,790021,1184879,1041088,1063117,1060395,1062695,1065579,1067789,1092299,1104207
20251,11590651,사당5동,3416858,1585041,1831818,571743,461232,581186,555707,459592,787399,924794,724122,384701,374973,556360,451911,482057,476844,481822,479532,473471,505499,517634
20251,11590650,사당4동,3883115,1818125,2064991,506365,633655,706073,587503,530771,918750,1124827,793824,402613,409227,622257,530369,543762,537911,543567,535481,538577,581263,602556
20251,11590640,사당3동,5371972,2511193,2860780,878320,679624,851949,843252,750067,1368759,1583734,1108505,550229,545756,836129,747618,758358,751219,758296,755572,748720,791340,808467
20251,11590630,사당2동,7423649,3403184,4020465,1274871,969650,1152216,1164463,1087594,1774856,1811829,1465055,865190,908133,1369991,1003450,1045091,1038372,1040918,1037488,1064350,1106122,1091309
20251,11590620,사당1동,7014960,3310311,3704651,679964,1453787,1449110,1039745,938198,1454157,1892281,1408378,767759,760627,1230318,955597,979064,976366,984336,995602,1019067,1045328,1015197
20251,11590605,흑석동,5668175,2592036,3076139,901316,1310076,756323,819631,767957,1112872,1431569,1199553,711084,692716,919079,714176,815235,824456,826763,831039,828125,777062,765495
20251,11590560,상도4동,5656231,2548938,3107293,916573,785547,941011,887633,819869,1305598,1762866,1190037,562910,538553,824183,777682,796200,789308,795013,789675,782312,833866,869857
20251,11590550,상도3동,4741258,2182149,2559109,681632,744102,793010,696206,670085,1156224,1423369,971104,479701,475634,733688,657762,670457,657952,658754,652866,654818,711630,734782
20251,11590540,상도2동,4803600,2217267,2586334,900101,700084,713411,798864,674283,1016857,1309993,999727,537922,534824,776230,644904,683965,681523,683775,684188,685400,693057,691692
20251,11590530,상도1동,7896645,3710316,4186329,1219344,2014454,1032140,1054428,982224,1594053,2123363,1627325,913692,907552,1300754,1023959,1110167,1111406,1120236,1118138,1117847,1151458,1167393
20251,11590520,노량진2동,2837039,1442864,1394175,239843,645154,534469,382813,403548,631214,730134,603177,342443,338868,471669,350748,406757,404464,404012,409606,410510,406515,395176
20251,11590510,노량진1동,6205243,3218923,2986319,649227,1831725,1210140,804859,709731,999562,1575700,1317874,737052,742036,1056138,776442,879781,876989,878983,880767,891018,910286,887419
20251,11560720,대림3동,6766448,3318480,3447968,592582,839136,1171016,1142558,1264130,1757026,1619481,1372243,823712,837665,1222210,891137,958953,952553,952309,949134,959217,987259,1007023
20251,11560710,대림2동,4897418,2422028,2475391,349171,572471,849972,869550,1002681,1253572,1290360,977706,564422,574909,838375,651647,690772,685032,690367,681898,678649,711273,759427
20251,11560700,대림1동,4401081,2063365,2337716,429184,525126,641915,732266,851425,1221166,1184736,890884,505050,503111,728763,588539,620034,614336,624615,611229,607979,641494,681394
20251,11560690,신길7동,3838962,1782753,2056208,717163,527806,639636,631576,568478,754300,947364,807136,453796,459054,673215,498396,540249,539376,544088,546169,548510,564786,555782
20251,11560680,신길6동,5935101,2695171,3239929,916212,841626,1044065,978233,876630,1278332,1606958,1263997,665163,652391,973577,773013,846405,845726,844987,846207,852933,850188,848655
20251,11560670,신길5동,3131951,1462106,1669845,424760,333003,486148,530840,524925,832275,831785,654897,356899,347373,524230,416766,440612,436718,444768,440979,435587,458932,474355
20251,11560660,신길4동,2602598,1264533,1338064,308352,290331,411153,427597,423683,741482,783050,533207,269578,263136,396109,357518,369709,366506,363574,362778,361717,380487,397827
20251,11560650,신길3동,6477301,3108854,3368447,1059901,732113,994447,976925,1045711,1668204,1833932,1308411,697456,696423,1058858,882221,916429,905032,911459,899895,901043,957011,986432
20251,11560630,신길1동,5667134,2757646,2909488,625075,901643,1006336,886319,825278,1422484,1597186,1209143,621914,604585,884772,749536,804169,799767,804317,800700,796943,820748,840491
20251,11560620,양평2동,4738464,2351609,2386855,549152,740859,1187783,889012,659509,712149,1251968,1051082,588341,564648,696945,585480,692236,699649,696727,707688,708055,620144,613966
20251,11560610,양평1동,5409750,2622640,2787110,658588,881501,1242819,1016482,750408,859951,1307993,1185097,756939,721135,820109,618477,802558,804998,797799,807066,806861,696930,693541
20251,11560605,문래동,9297573,4506368,4791207,1254133,1297194,1845416,1826725,1382735,1691370,1804240,1903562,1374943,1409226,1753008,1052595,1328453,1335198,1333885,1357619,1395642,1314945,1231832
20251,11560585,도림동,5492238,2614475,2877761,666383,733925,992548,855869,885705,1357808,1606298,1129096,564451,560554,869239,762600,763565,757732,766231,759579,756614,823578,864939
20251,11560560,당산2동,8618016,4058778,4559239,1197512,1517279,1973031,1445914,1076653,1407628,2194707,1847945,1030704,1022882,1425048,1096728,1231366,1232381,1233810,1247188,1260407,1216147,1196716
20251,11560550,당산1동,7181436,3444460,3736976,659819,1259106,1674882,1221036,1044415,1322177,1608311,1492760,1017837,1007236,1222739,832554,1035681,1037591,1033892,1047780,1069003,1002578,954914
20251,11560540,여의동,6401052,3264867,3136186,750346,883334,1401639,1400867,961587,1003283,1125040,1448802,1096207,1083758,1065501,581741,970754,1003480,986737,1019327,1011686,719623,689446
20251,11560535,영등포동,10540190,5247545,5292645,786880,2316968,2563226,1678809,1416049,1778260,2112717,2104994,1551618,1624009,1959701,1187148,1466239,1462411,1472307,1495814,1560723,1593549,1489146
20251,11560515,영등포본동,6704901,3306482,3398417,808119,998396,1156629,1078070,1044294,1619393,1871574,1397386,729262,723314,1075827,907539,943173,934723,945477,934728,936868,988428,1021503
20251,11545710,시흥5동,3443204,1642907,1800298,498611,382668,453099,536938,616121,955766,957504,684048,369054,379358,577069,476172,486673,485603,490376,484692,481467,504338,510055
20251,11545700,시흥4동,2181361,1035350,1146011,341694,219691,298701,329888,367167,624219,689970,462940,216173,207379,309187,295713,306997,306289,307575,301933,297330,321565,339674
20251,11545690,시흥3동,1166393,580531,585862,170028,119908,175637,182083,198347,320392,340635,257773,123689,116673,169736,157887,167584,167620,169162,166996,164954,163811,166268
20251,11545680,시흥2동,1622656,742484,880172,373829,136219,189707,253451,243803,425648,469015,335866,166555,170930,257242,223047,228693,229255,229703,227508,224592,236489,246417
20251,11545670,시흥1동,5468550,2662803,2805746,735601,698334,915253,848169,937485,1333708,1430820,1075299,644622,652788,937765,727256,777490,775260,777259,773711,780155,792359,792313
20251,11545640,독산4동,3919114,1892436,2026679,387266,489845,655735,594886,731881,1059502,1150871,797626,409336,402073,614347,544863,556278,549118,556487,543837,543475,572501,597416
20251,11545630,독산3동,4275186,2117549,2157636,395984,627463,755568,662344,731564,1102263,1169845,882058,479174,478191,695761,570159,605052,598232,604431,595940,593147,627333,651051
20251,11545620,독산2동,3225001,1553745,1671256,335817,396086,535748,509430,588393,859528,941308,662811,337378,336975,506831,439696,454169,449002,453739,447135,441756,476275,502925
20251,11545610,독산1동,5431887,2784314,2647573,647896,922235,1153960,900389,772434,1034974,1443479,1158666,628655,622725,871011,707350,775602,772209,774283,772606,773971,776508,786707
20251,11545510,가산동,4896397,2681150,2215247,259720,1126641,1276949,868551,674075,690460,1148397,1070958,679622,663268,772227,561925,734167,738211,728906,742653,733101,604634,614724
20251,11530800,항동,938443,456108,482334,241184,67117,163819,198372,104256,163697,277849,193964,96960,96228,142162,131280,135008,133084,133277,131907,133944,134056,137166
20251,11530790,수궁동,1889667,866058,1023609,338622,204875,254319,309061,304409,478382,502186,400010,210514,208606,315183,253168,264150,264100,268202,262337,262737,269038,299104
20251,11530780,오류2동,5066575,2320944,2745631,1013147,590432,735015,795448,715772,1216762,1492463,1063743,526707,517801,781158,684701,716521,711366,715521,715538,709234,740166,758233
20251,11530770,오류1동,3808676,1783405,2025271,512238,604113,680764,565636,562534,883390,1051104,761751,407098,415457,640392,532875,532685,527034,535314,525250,525918,574658,587818
20251,11530760,개봉3동,4635709,2179775,2455934,793563,462157,674285,814153,738855,1152696,1152016,888208,540326,572555,845925,636682,655911,649388,652301,642392,650810,684208,700700
20251,11530750,개봉2동,3929062,1807700,2121362,578272,444056,621217,623287,611693,1050536,1122014,795025,402653,410987,652500,545883,550016,545433,549544,540664,537192,595022,611195
20251,11530740,개봉1동,7529512,3576468,3953042,1125650,818741,1130561,1142787,1228583,2083188,2085731,1535846,832854,828992,1233913,1012174,1062234,1053421,1049623,1045127,1047353,1120681,1151069
20251,11530730,고척2동,5327769,2519120,2808650,1075068,531198,645322,809473,866929,1399782,1600708,1111072,556718,538134,799851,721289,754690,751018,750481,743887,743266,781197,803231
20251,11530720,고척1동,4727357,2235304,2492054,830412,603458,706889,707521,759603,1119475,1294537,968726,541785,532997,766017,623295,662567,661163,661098,662246,662145,705457,712682
20251,11530595,가리봉동,3104079,1719620,1384459,138236,578340,664084,592655,542716,588049,766027,661635,400486,394420,507191,374320,448571,450470,449225,450190,446057,416961,442604
20251,11530560,구로5동,7152402,3443233,3709169,867142,1093823,1341846,1155764,1135569,1558259,1728448,1477089,896834,899408,1247858,902764,1009575,1003702,1009509,1009925,1015222,1052198,1052272
20251,11530550,구로4동,7435737,3673723,3762017,693028,771951,1209967,1335164,1400974,2024653,1813556,1483035,900613,948504,1338525,951507,1066243,1065532,1064357,1059017,1057963,1049498,1073128
20251,11530540,구로3동,7010157,3570726,3439433,721640,1061612,1485298,1366979,1058899,1315730,1651749,1506267,926712,916884,1177085,831462,1046316,1055235,1046225,1056948,1053629,879004,872802
20251,11530530,구로2동,9386358,4558182,4828177,884463,1029049,1513868,1624157,1835726,2499094,2468099,1994217,1128334,1111395,1497121,1187191,1347485,1341506,1344126,1335614,1323990,1317384,1376251
20251,11530520,구로1동,1893061,912104,980956,427889,189219,326011,324714,263006,362222,532338,412372,210500,204005,287893,245952,271105,271769,270460,270617,270445,265978,272686
20251,11530510,신도림동,6277595,2886687,3390908,1375311,702818,1080486,1161908,847413,1109659,1574359,1286138,770540,778962,1067622,799971,880724,873138,879681,878754,882664,938636,943997
20251,11500641,방화3동,2410780,1142767,1268012,374725,220479,389727,411965,362601,651282,722201,504911,251730,246976,358365,326597,341024,338814,340757,336326,336133,353437,364289
20251,11500640,방화2동,4694543,2271564,2422979,511711,639120,898574,752243,681534,1211360,1287289,987120,547434,536557,739314,596829,662707,658497,661461,660472,657023,687953,706429
20251,11500630,방화1동,7292825,3429433,3863393,1364580,711791,1165178,1197566,1045037,1808674,1973431,1499439,835534,830108,1189344,964972,1037248,1031811,1033465,1028696,1036507,1059055,1066042
20251,11500620,공항동,5402089,2716086,2686003,1215599,635631,859030,968921,685882,1037028,1593186,1133847,596010,573420,798366,707260,775455,774224,773131,774264,770249,765255,769509
20251,11500615,우장산동,6951637,3198042,3753594,1418911,921009,1023146,1211917,968990,1407663,1776677,1442181,812533,818859,1187928,913459,990414,984592,982897,984986,990764,1010942,1007041
20251,11500611,발산1동,5406242,2418335,2987907,1423235,613573,648027,935511,784690,1001206,1487268,1173923,634019,608502,811707,690821,782432,778941,774723,780342,780171,751895,757736
20251,11500605,가양3동,1867782,879413,988368,145931,221882,471545,322450,247768,458206,586775,399927,198241,189228,250823,242787,272127,271822,270793,270765,268574,255683,258017
20251,11500604,가양2동,2113025,964253,1148772,181836,209924,378585,296039,267557,779085,528814,451788,251175,254783,352949,273516,302295,301268,301806,300918,300972,301305,304463
20251,11500603,가양1동,3111313,1541181,1570131,366666,500052,734813,553379,422031,534372,688589,673228,451239,440139,508521,349597,460789,465956,461860,469120,466207,400728,386654
20251,11500593,화곡8동,9669499,4536453,5133047,1855656,1256172,1579921,1732238,1322853,1922657,2617800,1982039,1104681,1119195,1583080,1262703,1374834,1371344,1371660,1367824,1368996,1408016,1406828
20251,11500591,화곡6동,5457855,2550616,2907239,584003,919425,1160610,923280,736435,1134101,1472703,1126515,620613,612882,890310,734831,766518,763410,768422,761668,768207,805560,824070
20251,11500590,화곡본동,8047396,3801023,4246373,1267848,1205245,1446996,1297702,1052728,1776875,2414040,1683761,823976,805319,1220415,1099884,1134805,1120702,1129839,1120348,1113073,1190365,1238261
20251,11500570,화곡4동,4730457,2180722,2549735,898555,570916,687512,755219,689528,1128727,1374860,972841,501982,491038,739041,650694,669391,663645,667519,664952,661896,694179,708875
20251,11500560,화곡3동,3838848,1737092,2101756,605722,523326,632646,614994,523284,938875,984557,774874,447751,452690,669680,509295,540378,538390,541371,537035,540903,565820,574950
20251,11500550,화곡2동,3365443,1542627,1822816,598665,434544,488118,574616,503260,766240,1016306,704402,348747,340896,505608,449483,473339,470803,471049,468105,463792,497837,520517
20251,11500540,화곡1동,16737330,7901985,8835344,1819014,2918907,3346735,2729855,2293827,3628990,4369071,3409431,1920201,1940958,2844383,2253284,2362736,2343568,2356706,2344235,2347973,2466496,2515618
20251,11500535,등촌3동,7140197,3337433,3802764,1037994,938485,1277419,1160180,971801,1754317,1845007,1493412,893646,866980,1149936,891213,1021017,1018692,1019153,1019886,1030295,1018136,1013018
20251,11500530,등촌2동,3594111,1675225,1918887,599639,458046,669400,576620,489555,800854,1043639,763658,384478,375913,542065,484360,509569,503725,509871,505287,502189,524366,539105
20251,11500520,등촌1동,5076482,2326125,2750358,521771,801473,1300679,864861,629544,958156,1443032,1067787,578629,551101,772365,663569,731052,723407,726890,724791,727364,716677,726302
20251,11500510,염창동,8380426,3917757,4462667,1783521,880188,1662933,1594073,1057143,1402569,2432693,1766363,879041,859568,1284483,1158278,1197374,1183066,1187822,1190045,1195151,1202376,1224593
20251,11470680,신정7동,3037920,1390030,1647889,800899,269251,304483,503537,454128,705622,875803,615775,317954,325216,491494,411676,431449,428072,426304,431594,431215,440227,449058
20251,11470670,신정6동,1948405,873582,1074823,562259,165991,203822,371528,271851,372954,515235,404478,224802,230387,325424,248078,278114,275763,276331,277853,279999,280472,279871
20251,11470650,신정4동,11161259,5298730,5862530,2014866,1550536,1684552,1822821,1653745,2434738,3059583,2319197,1265075,1255692,1801698,1460015,1583855,1580905,1583017,1583085,1586056,1624071,1620270
20251,11470640,신정3동,7236774,3373583,3863191,1520015,744991,968664,1148900,1136577,1717627,2297861,1546062,715824,649021,1000437,1027570,1033951,1026585,1033801,1024350,1022867,1026489,1068730
20251,11470630,신정2동,4523320,2101347,2421974,1271679,461631,447374,800249,686143,856243,1189620,914829,526519,532218,773046,587089,638592,632006,630800,636728,645991,669551,669653
20251,11470620,신정1동,3167301,1483194,1684107,796414,326558,361994,572897,470576,638863,771728,634010,385253,395138,568687,412486,450616,445734,444857,448818,454739,464591,457946
20251,11470611,신월7동,2075467,989207,1086259,324992,203353,281470,287421,343546,634684,539966,419054,235217,236067,359333,285828,293013,290392,293418,287938,288909,307121,314674
20251,11470610,신월6동,1046020,502830,543188,167255,96206,158926,179585,176460,267587,249080,214593,126916,130781,187612,137038,147760,148091,150093,147340,145983,152591,154161
20251,11470600,신월5동,2793771,1336635,1457137,443862,333703,416189,435996,423252,740771,745331,586902,332841,321311,449382,358005,396288,394731,396518,396724,398063,400309,411139
20251,11470590,신월4동,3419661,1629680,1789983,820961,305404,421313,565073,479346,827565,1010418,700317,356828,353618,530753,467728,487518,482991,485007,480459,484132,492829,506723
20251,11470580,신월3동,2694911,1361395,1333516,424753,269778,368475,423625,450888,757391,756980,573195,305487,297044,410283,351921,383132,383109,384208,378890,375013,387921,402637
20251,11470570,신월2동,3447522,1619935,1827587,733715,338575,483426,564148,495517,832143,1010780,707036,364712,362410,533025,469559,488624,487001,492591,485303,478677,496723,518605
20251,11470560,신월1동,3930134,1948174,1981960,541632,396970,577717,637879,625682,1150253,1139664,807462,424914,422235,608101,527757,557630,548785,554033,548317,544170,577706,599495
20251,11470550,목5동,4745606,2211270,2534336,1592615,398327,396184,916400,642655,799426,1223951,947408,540499,568419,832379,632952,668456,661573,661374,668807,675700,706435,703262
20251,11470540,목4동,5666185,2660113,3006073,1291164,702252,685355,917863,967230,1102321,1729191,1173409,575877,564094,843276,780338,805956,799578,797007,794772,796646,828745,843483
20251,11470530,목3동,4960297,2279690,2680607,789654,609767,832210,788826,754904,1184937,1374050,997789,536674,529788,820240,701757,702083,693127,698744,693706,695933,723245,753459
20251,11470520,목2동,6870429,3179960,3690469,1197322,910199,1182591,1088342,1010724,1481252,2051768,1461421,691209,675653,1043863,946515,969543,959042,962444,957721,951221,1017871,1052588
20251,11470510,목1동,4742299,2186174,2556125,1379448,510869,545094,925631,670717,710539,877824,906043,682057,729055,983768,563552,665610,663269,661513,675754,694329,720575,661251
20251,11440740,상암동,5213228,2522270,2690958,767876,827132,1039620,1064418,750615,763568,1148608,1133609,748070,723519,864790,594632,781890,797602,784567,809501,788818,639158,611695
20251,11440730,성산2동,6703555,2965052,3738503,1067104,1068243,1190237,1156579,972518,1248873,1982619,1417475,692691,682163,1015386,913222,948744,940056,943142,941600,942451,983732,1003830
20251,11440720,성산1동,5919302,2658235,3261068,800756,950453,1186097,1146385,843744,991866,1576176,1250179,697352,690815,948708,756073,840496,836017,838268,833028,838223,862714,870557
20251,11440710,연남동,6695602,2961410,3734193,634310,1707355,1523455,1098596,766790,965097,1629215,1269080,818488,893290,1244154,841374,922120,906621,918186,930583,954064,1051291,1012739
20251,11440700,망원2동,5759684,2610286,3149398,844323,794652,1023905,1022158,902762,1171884,1648451,1177839,617169,619586,918615,778023,807180,796452,803642,801686,796238,862147,892338
20251,11440690,망원1동,6888566,3037465,3851101,694497,1328255,1507774,1188020,880268,1289751,1955349,1349010,744325,782088,1126295,931499,944668,934575,944347,947331,959464,1082118,1076061
20251,11440680,합정동,4581859,2123060,2458799,419544,1064022,1119259,773762,558221,647053,998090,882143,620046,632114,882571,566896,635855,639907,640019,653495,677400,683893,651287
20251,11440660,서교동,17338634,7720131,9618503,1971841,5838683,3602167,2552026,1649818,1724098,2887994,2812749,2580913,3029447,3975077,2052452,2356452,2335876,2359379,2432861,2599799,2784648,2469619
20251,11440655,서강동,6077000,2878704,3198296,909373,1457483,1048100,955163,733882,973001,1530717,1230108,746009,767473,1041876,760816,852128,850913,859256,864360,880468,892218,877657
20251,11440630,신수동,4950213,2357075,2593139,863601,830957,759637,836568,721974,937477,1271058,1035040,601625,598401,824393,619697,699539,700331,701626,708650,703148,712653,724268
20251,11440610,염리동,5522692,2450321,3072371,1051694,716996,958204,1130969,781532,883296,1482917,1144637,640158,631237,886615,737129,790660,790430,790324,794306,795489,769883,791601
20251,11440600,대흥동,6638894,3006333,3632561,916926,1992680,1061624,960281,761840,945544,1478073,1372169,887447,898843,1200953,801409,949036,958060,953700,965562,973566,942911,896059
20251,11440590,용강동,5642605,2604831,3037774,1164416,575388,922303,1107476,839739,1033285,1415890,1163565,704659,702191,967357,688943,815380,814962,811020,822625,827607,788539,762473
20251,11440585,도화동,4181729,1943276,2238453,466616,570058,845562,759665,646737,893094,912276,839028,558018,560651,796180,515577,598038,594672,588343,594769,604518,608499,592890
20251,11440565,공덕동,12922123,5920016,7002109,1776683,1845494,2416310,2194299,2022150,2667188,3547702,2729591,1492741,1450245,2023242,1678601,1851048,1845522,1842894,1843370,1850355,1843988,1844947
20251,11440555,아현동,7929131,3404392,4524739,1634543,925853,1457218,1428754,1106617,1376147,1990660,1715610,990782,984354,1282263,965462,1150437,1148993,1142577,1152422,1154026,1096168,1084507
20251,11410720,북가좌2동,10095710,4551008,5544703,1599868,1359943,1465076,1625151,1543474,2502199,2785526,2045163,1091149,1118419,1680458,1374996,1424395,1414668,1422996,1405685,1405273,1491866,1530825
20251,11410710,북가좌1동,2533135,1156764,1376372,551668,245041,334898,444941,387102,569487,739353,521135,261654,258428,398237,354328,358163,355799,357159,355976,355811,369878,380348
20251,11410700,남가좌2동,6049803,2715470,3334333,996295,1286395,838909,880796,806255,1241154,1581292,1241928,723332,713281,999525,790444,859310,861848,870180,865781,846450,870147,876087
20251,11410690,남가좌1동,1301727,576583,725144,344173,122909,176169,231980,179687,246807,281712,263911,166311,180092,247535,162166,182501,180676,180514,182135,185104,198431,192365
20251,11410685,홍은2동,4375217,1967067,2408149,695150,732961,559794,652038,676895,1058378,1239982,945040,491905,472598,656109,569583,622532,619800,624808,619392,611477,626376,650833
20251,11410660,홍은1동,3704498,1681527,2022970,542999,441710,505115,548568,626724,1039380,1009214,776149,402801,401763,608479,506090,519704,514426,518350,511189,505897,553824,581108
20251,11410655,홍제2동,1992561,885636,1106926,290369,232490,292528,292752,342601,541822,519205,381277,211867,226396,363961,289857,281664,278021,278424,279200,281783,290645,302827
20251,11410640,홍제3동,3862275,1765897,2096378,532969,480624,533940,543861,648148,1122732,998588,783051,449324,457107,658204,516002,546181,548472,550359,546189,543352,560580,567142
20251,11410620,홍제1동,5940951,2630880,3310070,882582,730983,816792,883872,974944,1651780,1650528,1242124,659511,656631,947276,784881,839514,832056,838231,828528,832942,882493,887187
20251,11410615,연희동,8615389,3909456,4705933,1062355,1939662,1379547,1329862,1230203,1673759,2281673,1852745,1041157,1014427,1356454,1068932,1215155,1217809,1219483,1222533,1220358,1260666,1259386
20251,11410585,신촌동,10229734,4303535,5926198,1056668,4631676,1681770,1028999,878324,952297,2094473,1912243,1407712,1456176,2077762,1281369,1435267,1436116,1433180,1472302,1525588,1517907,1409374
20251,11410565,충현동,10822733,5066078,5756654,1153950,1689945,2166144,2184520,1756825,1871349,2205163,2379677,1671723,1684303,1767887,1113981,1620612,1665334,1639133,1676174,1643261,1300297,1277924
20251,11410555,북아현동,21562913,10315203,11247710,2533080,3181136,4512170,4758624,3473547,3104355,5044397,4938308,3155963,3077989,3037213,2309043,3278637,3414588,3362797,3441519,3379132,2400128,2286114
20251,11410520,천연동,3286557,1488143,1798414,499561,399994,460842,547054,576200,802906,853153,690044,402893,381636,536820,422013,473697,475553,471370,476432,473997,460738,454769
20251,11380690,진관동,6796893,3066265,3730627,1749029,706539,745674,1160891,985267,1449491,1956477,1434518,726497,708864,1052613,917923,963362,950821,959339,952744,954444,998340,1017844
20251,11380650,수색동,2934521,1366366,1568153,371420,377393,590771,534376,476790,583773,834174,619791,310510,308195,462008,399840,414877,417060,417539,415503,412294,423930,433318
20251,11380640,증산동,3005355,1362587,1642768,434342,376534,463199,480488,504443,746347,872091,629063,317025,309686,466757,410734,426110,424443,427243,424240,418620,437334,447366
20251,11380632,신사2동,2658630,1255306,1403325,439528,303978,379800,417677,401099,716549,746811,565182,289423,284509,419975,352730,374209,372692,376360,371718,369517,389933,404200
20251,11380631,신사1동,6202075,2781731,3420343,952466,790395,922741,1013898,978914,1543661,1800896,1278083,647095,634186,986898,854919,873203,861488,868044,858290,857412,923975,959664
20251,11380625,역촌동,11255448,5081626,6173822,1788080,1451432,1623589,1828867,1785882,2777598,3157330,2294618,1214838,1222493,1838492,1527676,1591466,1566381,1577006,1565960,1567448,1672374,1714814
20251,11380600,응암3동,7887574,3582430,4305143,1050910,1040573,1188744,1281515,1232631,2093199,2205079,1589825,854759,844176,1276982,1116753,1115978,1115308,1116423,1113651,1111288,1148611,1166312
20251,11380590,응암2동,3913772,1811757,2102014,897617,312360,582389,780992,541005,799409,1096035,796083,419975,426139,648079,527459,551338,543523,549044,544722,538709,584209,602225
20251,11380580,응암1동,5193897,2265750,2928146,844779,688187,845075,923800,761945,1130112,1529685,1048167,542448,544295,825769,703531,738473,727029,732427,722507,729757,767580,776124
20251,11380570,대조동,13447228,5981446,7465782,1876685,1944778,2394585,2142670,2025365,3063143,3718226,2748970,1472987,1475305,2191582,1840159,1909044,1899699,1904481,1900184,1900484,1974858,1958478
20251,11380560,구산동,5584682,2457365,3127317,1048839,671990,691421,862528,894412,1415493,1631637,1182498,596063,579671,842437,752376,791490,788783,793931,784923,776807,807458,841292
20251,11380552,갈현2동,5735652,2625781,3109871,1024551,793813,753806,930398,890442,1342642,1634440,1174276,609043,603348,919139,795406,811606,806066,811751,808412,809936,837925,849957
20251,11380551,갈현1동,5558209,2571204,2987004,746704,849315,853288,845747,851371,1411783,1382644,1136905,658477,664656,984861,730665,783695,778589,784202,780649,792481,823566,815028
20251,11380530,불광2동,5464920,2523933,2940987,742166,736611,765694,762102,897221,1561126,1577041,1139911,584659,561531,851564,750213,775518,766848,769095,763631,762961,798785,828082
20251,11380520,불광1동,5589708,2513930,3075779,827409,700452,802092,809214,880857,1569684,1581506,1141386,609705,610428,896702,749982,790258,784082,783220,775699,779902,830699,845848
20251,11380510,녹번동,6432092,2814825,3617267,827074,806519,1051658,1036076,1043362,1667406,1870924,1343330,680977,670843,993964,872055,913782,910056,914296,908811,909526,931528,944093
20251,11350720,상계10동,1904605,833806,1070799,328558,258652,292064,286432,291950,446950,475611,381620,227950,238682,336635,244105,266388,262297,264568,264992,269448,288551,288360
20251,11350710,상계9동,1812556,813753,998803,386109,186221,250057,264082,262553,463535,519587,376965,194754,188972,282185,250090,259348,256274,258015,255963,255634,260704,266618
20251,11350700,상계8동,948751,424183,524569,214431,92127,163805,145517,129233,203639,290206,194633,92563,90268,142786,138297,135382,133576,134879,133958,134736,136591,139628
20251,11350695,상계6?7동,6400242,2800911,3599331,1069114,872433,938605,988212,1061774,1470104,1492264,1296013,853298,868889,1114908,774870,917743,909631,913264,916962,933190,921834,887621
20251,11350670,상계5동,5801220,2635828,3165393,872426,668673,650560,798223,1025548,1785790,1592154,1180487,636276,642673,967366,782264,823958,813656,818389,810171,808062,851438,875546
20251,11350665,상계3?4동,8750772,4090216,4660557,1333532,898564,957924,1290267,1542604,2727882,2334111,1797822,980341,993391,1488985,1156121,1226758,1218331,1223086,1209224,1202228,1317184,1353962
20251,11350640,상계2동,10335978,4784998,5550979,1599322,1577552,1359380,1468981,1715232,2615511,2416456,2000130,1287012,1343677,1947571,1341131,1440671,1434547,1440054,1439148,1469978,1557358,1554223
20251,11350630,상계1동,7026614,3257926,3768688,1092782,752614,859676,991281,1187822,2142438,1843958,1411305,821462,823428,1203855,922605,985193,975524,986653,975252,974247,1052327,1077419
20251,11350625,중계2?3동,4262652,1868979,2393673,813618,452659,537397,682390,706419,1070172,1212144,896861,476236,460440,650095,566876,604535,599218,606218,600103,597889,619073,635616
20251,11350624,중계4동,2860062,1332491,1527571,514798,322895,276149,408293,489765,848163,762667,565677,324876,331981,485429,389432,405788,402306,403348,403327,404246,420821,420228
20251,11350621,중계1동,3835851,1782322,2053529,1233015,370129,279482,669524,598486,685212,1027753,762304,433490,453436,663277,495591,546243,538144,539961,546520,549749,564194,551040
20251,11350619,중계본동,3905866,1786898,2118968,1304618,382107,248937,700514,626056,643635,900546,759447,486461,535129,750626,473658,545520,538163,542295,544624,545896,599434,589936
20251,11350612,하계2동,2529958,1133669,1396289,439307,287574,329724,422718,425741,624894,700637,529292,274839,275513,405068,344609,359464,355085,358572,353091,350618,371945,381184
20251,11350611,하계1동,3557543,1658511,1899032,614106,525413,378885,497507,603401,938229,902285,762988,453317,436520,564357,438077,507295,508693,508862,507195,503649,501174,520675
20251,11350600,공릉2동,8255872,3926541,4329331,1626944,1587357,1063657,1242121,1095367,1640425,2255973,1717656,927251,914732,1336229,1104031,1170140,1159047,1166958,1168099,1170983,1200507,1220137
20251,11350595,공릉1동,10349736,4841374,5508362,1467323,1940701,1387162,1502956,1520959,2530635,2758685,2117931,1182867,1184351,1734645,1371258,1462493,1451206,1462601,1455396,1465596,1526994,1525451
20251,11350580,월계3동,2513256,1156081,1357175,431507,277870,355378,384830,377558,686115,714569,528071,267260,266524,398103,338731,354259,349733,351901,349192,348942,376881,382349
20251,11350570,월계2동,3589689,1610646,1979044,665749,392635,423533,567464,533879,1006432,1215087,777783,336602,301480,457358,501379,516335,516947,516222,510764,503544,499536,526340
20251,11350560,월계1동,4366384,2283943,2082441,724890,1032973,507295,576786,575186,949254,1045176,903265,559204,553237,755999,549503,628233,630542,629852,632359,621871,617294,606235
20251,11320710,방학3동,3445607,1627549,1818058,689851,301163,376877,501114,513540,1063063,1077568,723448,345810,323604,498264,476912,487963,484884,486343,482010,477085,503092,524231
20251,11320700,방학2동,2689753,1288195,1401559,339386,260952,292236,381902,482700,932576,711953,535133,306627,315012,458588,362440,380779,380399,378163,373447,370440,397138,409386
20251,11320690,방학1동,6547860,3082118,3465743,862738,755664,815632,982086,1172051,1959690,1546689,1313657,813936,849623,1186433,837522,921483,918365,922791,913991,913604,976387,981242
20251,11320681,쌍문4동,2265883,1044034,1221850,469586,207592,268144,345592,345086,629882,626401,476592,249638,251205,365364,296684,321421,318814,318125,316447,314015,329698,347363
20251,11320680,쌍문3동,5352593,2409764,2942830,792068,757527,759397,799720,824628,1419253,1430108,1115165,612053,602196,881575,711495,758437,757254,759345,754444,754713,776056,792343
20251,11320670,쌍문2동,4399209,2021266,2377942,651374,520898,625449,652033,708402,1241054,1195054,903585,504543,498638,713237,584153,627334,625576,627581,623680,623462,628134,643439
20251,11320660,쌍문1동,4461746,1979732,2482014,738909,649011,531895,622905,700988,1218039,1252620,928141,502394,493368,697656,587567,632644,636121,638092,630337,611246,642282,671025
20251,11320522,도봉2동,3158959,1498050,1660909,444350,315201,418160,460872,512756,1007622,854731,657985,354399,351988,513131,426725,449382,450811,452072,447121,444844,453466,461263
20251,11320521,도봉1동,3775363,1866146,1909219,466669,364707,427182,499934,665319,1351551,1011013,783978,438420,446033,611249,484671,528075,530481,538000,528754,524871,552537,572646
20251,11320515,창5동,3825992,1748222,2077770,595081,489825,548778,553614,612314,1026379,872788,766372,479940,497402,720810,488680,542646,537998,537146,537199,544732,565700,560570
20251,11320514,창4동,3721570,1739565,1982004,593402,448314,492909,559372,639346,988226,1035549,785870,425873,421058,569345,483874,523921,522600,524529,522171,527980,546041,554326
20251,11320513,창3동,3570322,1676960,1893362,545099,379430,385492,559941,637830,1062527,993623,727925,393720,386085,579067,489901,505652,504490,505623,498294,493629,519515,543119
20251,11320512,창2동,11433462,5298223,6135239,1640978,1589997,1670338,1743413,1761924,3026811,3420242,2388273,1169771,1157410,1729176,1568591,1618427,1605232,1613365,1594925,1582970,1678048,1740495
20251,11320511,창1동,3634046,1688488,1945558,518201,479239,531458,533859,597862,973425,951005,754990,428147,424214,603900,471790,514363,510237,516703,511576,514962,526977,539230
20251,11305660,인수동,8328595,3833035,4495559,1296602,1009122,1002474,1225057,1319281,2476059,2436316,1748752,882088,868882,1275319,1117238,1181801,1174837,1179751,1168241,1159683,1212648,1251633
20251,11305645,우이동,3858763,1693253,2165511,536395,525175,475977,598622,632730,1089865,1095350,800096,435466,425088,595212,507553,543776,536314,547252,538294,532732,573203,587191
20251,11305635,수유3동,9499554,4461935,5037619,886368,2024851,1419260,1425671,1505770,2237635,2338043,1839609,1129617,1170550,1728975,1292761,1332594,1325702,1334469,1334107,1368823,1414387,1389471
20251,11305625,수유2동,5444090,2457016,2987074,715180,698713,637374,829036,921609,1642180,1366535,1075321,639537,650936,979094,732667,769614,764681,767088,759155,756025,799425,828103
20251,11305615,수유1동,5576627,2639959,2936668,730966,812854,734341,801808,908649,1588008,1582306,1191560,637899,610698,833398,720767,791896,787515,789910,782316,778101,805509,841379
20251,11305608,번3동,3364811,1523336,1841475,503078,330323,372528,487334,551892,1119654,976017,692365,356010,354202,525486,460732,479876,478490,482667,475440,471012,484708,492617
20251,11305603,번2동,2848035,1334113,1513922,379475,345738,347241,398360,475241,901979,879283,605135,294968,275750,410291,382609,402992,400395,404999,398586,395302,414214,431548
20251,11305595,번1동,6634188,3093740,3540449,720528,1240849,953615,979994,1079589,1659614,1775558,1355016,780425,779533,1086460,857197,942828,939811,945313,943508,943503,955088,964138
20251,11305575,삼각산동,3103540,1422866,1680672,805906,268417,329882,545304,492852,661177,824130,633212,345937,366804,525432,408023,436973,428558,433966,429976,430242,465567,478260
20251,11305555,송천동,11762582,5422324,6340257,1823678,1295426,1421141,1774494,2053767,3394076,3108476,2454213,1381067,1357521,1926867,1534439,1673036,1667262,1680262,1664518,1653489,1697511,1726507
20251,11305545,송중동,11983806,5405645,6578161,1738370,1590534,1585469,1807794,2015477,3246162,3206542,2415042,1382774,1401174,1999979,1578295,1699419,1691303,1694861,1686955,1696054,1759440,1755774
20251,11305535,미아동,7787209,3528290,4258919,751832,1351700,1052148,1063581,1324126,2243822,2120681,1642317,899937,885246,1233028,1005999,1109342,1108483,1103374,1103455,1105870,1124699,1131987
20251,11305534,삼양동,11603178,5550285,6052893,1679481,1424270,1436854,1857916,1922131,3282527,3194721,2360800,1282247,1289611,1917192,1558608,1636309,1627498,1631067,1609855,1604513,1719688,1774247
20251,11290810,석관동,10476790,4906952,5569838,1451263,1591135,1465557,1512011,1714605,2742220,2975190,2162505,1138158,1126981,1671941,1402015,1490133,1486857,1492736,1486073,1474393,1504789,1541810
20251,11290780,장위3동,3151390,1521659,1629730,479409,437196,420883,504684,509811,799408,819511,662202,367791,368149,518481,415255,448049,444575,448911,445566,446804,457224,460262
20251,11290770,장위2동,4592065,2066186,2525879,600368,623132,632873,693485,758508,1283697,1294978,967715,509425,499515,713240,607191,660624,651554,659478,652328,658017,645988,664080
20251,11290760,장위1동,6820967,3101948,3719018,1177158,853824,915553,1011716,1146147,1716568,2046386,1442028,719369,681421,1008567,923196,970266,966873,969454,960320,947565,981733,1024757
20251,11290725,월곡2동,6196374,2814873,3381501,944417,1067454,867260,861869,937462,1517911,1580517,1286935,742691,734319,1052036,799875,876596,878849,883970,890312,874661,882863,909124
20251,11290715,월곡1동,8383828,3889303,4494522,1758618,1024340,1085008,1355757,1293038,1867065,2078554,1702937,1045614,1068782,1434940,1052999,1196263,1199830,1209598,1198032,1186531,1185092,1208480
20251,11290705,종암동,10905824,5079705,5826120,1989396,1752526,1368698,1641435,1651590,2502179,2961400,2263289,1242294,1254997,1764963,1418880,1542683,1541940,1546691,1546150,1537647,1581296,1609415
20251,11290685,길음2동,5155699,2292284,2863415,1040955,570117,686334,949625,787177,1121491,1298315,1025795,611113,640445,915690,664341,717012,712561,716559,711756,722194,787886,787729
20251,11290660,길음1동,6248781,2815145,3433637,1852801,591166,657843,1182183,886746,1078044,1734865,1260864,666991,690966,1043422,851674,884144,878354,875915,884009,885875,913238,927246
20251,11290650,정릉4동,3667960,1669104,1998856,638224,572237,449002,545466,556694,906334,1104463,770540,378357,369819,543554,501228,521242,523808,525138,519117,506994,526606,545055
20251,11290640,정릉3동,2555315,1247375,1307940,376831,668104,292555,299490,345272,573064,710188,528049,283900,285359,407373,340447,359867,362078,360717,360177,356725,372389,383363
20251,11290630,정릉2동,5772691,2649416,3123274,1033998,754180,827935,924166,886902,1345510,1729803,1204764,579955,566057,885171,806939,818711,811727,817228,808433,802488,845424,868679
20251,11290620,정릉1동,4566520,2072037,2494483,958666,508198,549660,779453,702008,1068537,1246056,927686,496490,503152,770030,623109,646369,637148,642313,636002,633686,675646,695357
20251,11290610,보문동,5524232,2534255,2989978,686050,988319,883360,834938,866487,1265078,1527818,1175612,615402,608338,872075,724987,783605,781544,788796,783910,783151,790871,812353
20251,11290600,안암동,6984288,3411821,3572467,863258,2724669,934010,706283,738476,1017591,1574179,1441895,986846,952738,1185338,843292,1026800,1054573,1044241,1057968,1021021,896779,882905
20251,11290590,돈암2동,2742604,1245433,1497171,616962,290190,345562,492316,429135,568437,805741,558882,273409,282769,438918,382885,383257,377330,381249,378372,375843,414140,432414
20251,11290580,돈암1동,2348996,1052590,1296405,415973,278196,298589,332580,390632,633026,672528,489729,246982,251391,372161,316203,334337,332521,335029,332442,332612,339619,342435
20251,11290575,동선동,7805146,3250797,4554349,1264124,2149182,1144196,1021259,984060,1242326,1871206,1543928,958783,996691,1443225,991314,1092806,1096805,1104845,1102502,1125292,1150168,1132727
20251,11290555,삼선동,9868434,4516154,5352281,1423739,2155084,1481971,1479881,1483155,1844606,2293702,1953819,1220500,1277535,1834133,1288745,1407454,1409597,1409068,1413165,1434759,1413932,1380459
20251,11290525,성북동,4161217,1879612,2281605,648460,659790,617537,642643,647615,945173,1061698,881850,511323,503656,689172,513519,588802,592210,592413,594572,598314,598531,596373
20251,11260690,신내2동,1670379,765780,904598,298399,165476,232372,255018,265544,453571,455069,352472,192895,188549,267431,213962,241064,238283,240181,238132,238852,234977,238889
20251,11260680,신내1동,5031362,2304538,2726825,980157,492440,705304,756973,765911,1330577,1377753,999342,548483,567286,853932,684566,716286,709398,714948,706650,710125,731835,742119
20251,11260660,망우3동,4040939,1926909,2114030,447588,515316,585111,583110,734319,1175496,1253314,850741,416626,394873,581242,544142,576467,572508,572612,566780,562189,579556,610832
20251,11260655,망우본동,11705390,5423980,6281410,1777771,1394686,1837642,1900908,1801616,2992769,3064162,2406670,1380560,1358783,1955762,1539454,1646099,1637813,1643004,1634535,1628566,1725641,1789733
20251,11260630,묵2동,5366575,2516716,2849859,691911,754303,807641,840417,903977,1368326,1459957,1085397,603280,608319,893562,716061,755220,748773,756946,747790,754617,798499,804730
20251,11260620,묵1동,7146919,3284115,3862804,1175033,936053,1013420,1075497,1095183,1851734,1941813,1475464,790109,791917,1181902,965711,1009393,1001394,1006174,1002305,998955,1052172,1076528
20251,11260610,중화2동,7738066,3810563,3927503,906855,988994,1169550,1127627,1318995,2226047,2064795,1570637,857737,877876,1323311,1043710,1092083,1087457,1089518,1078546,1081895,1141647,1166920
20251,11260600,중화1동,5053203,2393467,2659736,839682,614083,793987,728309,764462,1312680,1448304,1058886,551013,526907,780673,687419,722343,714452,719094,714368,709180,724371,749396
20251,11260590,상봉2동,7465868,3463681,4002187,645722,1476366,1567307,1069075,1125601,1581798,1951550,1454313,861752,885114,1310606,1002531,1048207,1031603,1037289,1035306,1058133,1147855,1107476
20251,11260580,상봉1동,4288335,2015185,2273150,689557,511291,700079,644787,651354,1091265,1152114,903202,484860,479529,701228,567404,608585,606595,606831,602728,601235,620055,642304
20251,11260575,면목3?8동,6222944,2960467,3262477,710838,941111,968825,951353,1018061,1632755,1650204,1240913,719085,719528,1050804,842410,886069,885631,883610,878780,880694,895502,912660
20251,11260570,면목7동,6235232,2962123,3273109,766099,748965,958060,948342,1029625,1784142,1739428,1274426,673858,684114,1021744,841662,881924,869797,877667,870103,864091,925222,946432
20251,11260565,면목본동,9872097,4586334,5285764,1057200,1422726,1653336,1448311,1752187,2538338,2875042,2025424,1045048,1037486,1548348,1340750,1402396,1386861,1391141,1381636,1376100,1446759,1487205
20251,11260550,면목5동,2480651,1178898,1301753,356684,264943,395491,395819,420216,647500,705457,519171,267966,265537,392924,329597,349464,347055,347728,344850,341270,368114,382169
20251,11260540,면목4동,4713986,2257725,2456261,655033,544272,697431,805786,761217,1250248,1322646,965506,514036,515969,750364,645465,666842,664708,669883,664416,658690,684947,704498
20251,11260520,면목2동,5438065,2600188,2837879,775991,669007,806871,829316,953185,1403693,1547327,1122265,599245,594781,851440,723007,769776,762965,769182,762255,758757,797885,817247
20251,11230750,이문2동,3613334,1705942,1907391,544253,581378,416312,582788,572683,915922,1089483,768941,364644,355959,540171,494137,512475,509966,509950,508434,504920,525826,541766
20251,11230740,이문1동,8871536,4104676,4766858,1187985,3086212,1092149,1020796,1054453,1429941,2343210,1892073,1084140,1032989,1385055,1134069,1260967,1275046,1268434,1270789,1273353,1255264,1267684
20251,11230730,휘경2동,4298752,2042339,2256412,564304,1290009,543843,526033,534117,840449,1269979,935884,460117,439783,623590,569399,612335,608627,609547,608746,601840,616519,641138
20251,11230720,휘경1동,5481169,2491969,2989199,607433,1709653,766128,656808,704038,1037109,1444467,1197548,630050,613855,887927,707319,775271,767916,772798,776104,778482,806130,804467
20251,11230710,회기동,4394643,1955698,2438945,606108,1709186,520133,458106,415930,685179,1085176,911321,552747,523984,744841,576574,624053,633321,638414,641574,644122,609844,603314
20251,11230705,청량리동,6156023,2881162,3274860,573548,907177,796767,845031,985678,2047822,1513227,1278383,796375,793353,1024918,749767,863886,862636,866727,868705,868554,906388,919128
20251,11230660,장안2동,7591454,3620986,3970469,1505710,896822,1136174,1360659,1130185,1561904,1999774,1534005,876741,885548,1297071,998314,1075403,1070598,1074650,1072098,1072830,1105008,1120868
20251,11230650,장안1동,9016517,4402511,4614005,1094996,1211272,1630568,1703079,1385370,1991232,2339792,1873397,1090485,1078219,1478290,1156332,1288343,1283222,1294991,1294589,1297926,1275701,1281746
20251,11230610,답십리2동,5747053,2707193,3039860,799219,632760,929623,984206,921393,1479852,1524497,1155521,660725,678798,976533,750980,811320,805252,808357,800898,802204,849973,869049
20251,11230600,답십리1동,6852442,3151430,3701012,1131419,872637,1138458,1216445,1005838,1487643,1829402,1452244,788659,778147,1108985,895007,977629,970879,974924,971401,976343,987901,993367
20251,11230570,전농2동,2421804,1104798,1317005,464273,279176,309450,390361,367310,611234,596035,497416,297562,302349,421277,307164,342384,342329,342703,342003,340034,350083,362267
20251,11230560,전농1동,11785738,5641345,6144392,1788649,2280608,1673692,1833906,1659623,2549259,3082157,2449022,1386329,1372442,1949059,1546730,1669849,1678226,1685502,1680985,1674830,1693851,1702496
20251,11230545,제기동,12098814,5862264,6236549,1198493,2723064,1530555,1525410,1785101,3336190,2864954,2553593,1679494,1661471,1930681,1408617,1743392,1745698,1729704,1740705,1741638,1730051,1667626
20251,11230536,용신동,14257199,6969751,7287450,1334801,2566794,2492357,2291281,2207013,3364955,3367781,3033250,1927719,1887903,2339242,1701306,2046035,2039987,2043624,2061028,2073028,2007827,1985672
20251,11215870,구의3동,6334331,2904491,3429841,1295799,802440,925989,1075549,1002927,1231627,1597443,1285888,755553,784822,1106062,804563,903395,892438,894967,901471,911210,929900,900951
20251,11215860,구의2동,5001578,2245254,2756323,877127,619387,736115,841751,770027,1157171,1442198,1035250,535329,529116,782326,677357,705039,702088,705862,697868,697927,736478,756317
20251,11215850,구의1동,6921656,3273925,3647730,855078,1334078,1349935,1082684,998776,1301104,2028236,1448172,738225,710389,1058359,938273,981832,980751,984755,988493,980177,998117,1007530
20251,11215847,자양4동,8623849,4060174,4563675,897223,1721775,1551461,1283483,1345376,1824531,2217986,1759694,980595,1008350,1513986,1143238,1212147,1201064,1210923,1212417,1237362,1283014,1266923
20251,11215840,자양3동,6697342,3076785,3620557,1275455,930049,996217,1132792,957636,1405194,1807399,1374158,758397,752509,1114827,890053,951486,937700,943814,941792,950475,980370,991705
20251,11215830,자양2동,5185483,2457957,2727523,906545,630665,859604,886394,759978,1142296,1536746,1099401,541069,534971,777689,695605,733839,728307,736242,732760,725496,760096,768743
20251,11215820,자양1동,7947689,3742338,4205351,975651,1465782,1406146,1250057,1189575,1660477,2081338,1626076,930348,936351,1326381,1047194,1134389,1126872,1127740,1129080,1131215,1144553,1153841
20251,11215810,광장동,6245796,2854808,3390988,1801776,638594,667582,1178536,936647,1022660,1773151,1329920,698465,663092,949186,831981,896814,891553,895518,896329,903429,885085,877072
20251,11215780,능동,2121772,966478,1155296,290566,403331,443517,323513,272447,388399,558430,440349,244410,247166,349200,282219,302833,300206,302526,301309,304541,306123,304237
20251,11215770,중곡4동,6520341,3016913,3503429,877996,856121,1000185,970108,1053628,1762300,1903615,1354449,686984,670760,1018046,886489,922252,911989,916662,905420,904071,959301,1000646
20251,11215760,중곡3동,4981793,2288712,2693082,623153,663892,892206,723991,817432,1261118,1474305,1013256,513572,510411,784795,685455,699250,694068,703968,692236,693616,732143,766512
20251,11215750,중곡2동,4543938,2110410,2433527,678813,697980,801163,702788,695722,967472,1406050,939196,462111,444404,666673,625505,646168,639979,641556,643284,638851,657903,676198
20251,11215740,중곡1동,3751030,1815766,1935263,418126,695692,780083,583493,526265,747370,1027208,766899,415143,412590,623817,505372,532464,527590,527232,520137,530085,553514,560008
20251,11215730,군자동,6541558,3169230,3372328,800021,1897883,1176041,933128,748044,986444,1725066,1377607,791946,771600,1041307,834034,935613,944327,949029,952904,935534,906937,917215
20251,11215710,화양동,8973121,4188289,4784833,841166,3850507,1558034,966018,786803,970592,2342875,1732787,997847,1026436,1626018,1247158,1247859,1238694,1252777,1255885,1292917,1366144,1318846
20251,11200790,용답동,3245657,1584049,1661608,275500,637092,583460,485935,552447,711223,928015,693018,364329,351845,489844,418608,458349,459977,461824,459712,460016,467315,478464
20251,11200720,송정동,3154163,1595595,1558569,300340,686745,600159,502757,429047,635114,916219,696564,351182,336126,449475,404598,451863,450870,452320,451840,451437,439942,455891
20251,11200690,성수2가3동,5517020,2704289,2812731,496675,1272351,1249825,959233,752321,786614,918328,1142924,949192,993810,1004492,508273,829363,849421,836137,866510,864389,658211,612989
20251,11200670,성수2가1동,5012000,2519602,2492399,517487,769411,978922,797452,862498,1086229,1158330,1030548,662417,692780,867796,600127,718867,720419,720979,728521,729757,703169,690290
20251,11200660,성수1가2동,5572767,2743971,2828795,529838,1141848,1358138,1021252,729274,792415,916345,1137534,945982,982415,1064357,526133,826172,856651,838552,861794,872656,684292,632650
20251,11200650,성수1가1동,3228521,1567042,1661479,323062,585637,756946,520801,462676,579398,664455,657595,479397,500695,575920,350461,466749,472422,471610,480536,482096,433163,421945
20251,11200645,옥수동,2889064,1297766,1591298,498264,273334,510512,537409,403744,665798,683764,598046,345503,365661,532245,363847,405917,406567,409791,409444,413068,428764,415510
20251,11200620,금호4가동,2812858,1294300,1518559,407646,282057,513431,494519,436070,679136,714552,581188,319284,335506,487901,374428,398633,394424,398846,395529,397400,414960,413066
20251,11200615,금호2?3가동,5938234,2710758,3227477,967068,599636,971109,1046378,935869,1418174,1641866,1209557,638830,649087,991389,807504,841115,828400,835201,828028,824783,886604,894103
20251,11200590,금호1가동,3355320,1472873,1882448,616806,294568,574449,669134,478793,721572,874724,701610,369750,388368,579804,441065,470156,464206,467767,467308,465812,504203,515868
20251,11200580,응봉동,2725450,1211937,1513514,508721,259331,422044,501586,439710,594059,852132,578119,259554,247742,393650,394253,384859,383455,388166,384737,376198,397930,410103
20251,11200570,행당2동,4673750,2077520,2596230,857918,532009,748950,840015,678620,1016238,1319031,983429,500079,485624,743909,641677,663337,654941,660028,653909,656991,680950,703596
20251,11200560,행당1동,5881662,2770575,3111087,889908,1158500,972143,973230,859135,1028744,1378831,1182719,753443,773528,1068778,724362,834093,840140,838455,847300,858797,848388,814488
20251,11200550,사근동,4007275,1936185,2071089,600967,1645719,508741,369560,376095,506191,1079687,831729,465406,443686,647784,538982,567478,575509,574644,581504,590507,570319,547313
20251,11200540,마장동,4981711,2423426,2558285,598598,823965,792469,750631,831223,1184824,1262915,1107708,623564,597549,791428,598546,706151,711210,713706,717181,716239,712027,705199
20251,11200535,왕십리도선동,5508931,2562077,2946853,716427,980947,1021382,905063,816653,1068460,1334420,1123809,697872,703473,967974,681384,779271,778675,778853,781305,795062,805416,790349
20251,11200520,왕십리2동,4360022,1944176,2415846,572320,683186,842644,688172,632400,941300,1248202,887696,456400,455967,706720,605038,612219,604241,607797,608215,611788,652055,663706
20251,11170700,보광동,2559323,1292555,1266770,267792,312167,445499,537782,429255,566830,692954,542805,293038,291728,404081,334716,363213,361242,362727,364300,365420,373518,368906
20251,11170690,서빙고동,1718079,836286,881794,299168,211961,245894,346327,281438,333291,480555,382415,201400,193065,248391,212256,242957,242617,242993,243714,240726,250570,254501
20251,11170685,한남동,4489139,2144233,2344905,363250,711050,1031214,967796,672374,743454,845887,908765,667772,707228,856952,502536,620548,628599,643429,641881,673418,672173,609090
20251,11170660,이태원2동,2796648,1303993,1492655,289246,409413,641938,617642,365181,473227,766933,578814,321017,320312,448067,361505,390791,389625,390451,391061,394690,419970,420057
20251,11170650,이태원1동,2450278,1303975,1146302,161864,587299,601329,438700,297577,363509,580359,425639,314019,332428,466443,331388,319808,307996,320528,320695,355400,428707,397145
20251,11170640,이촌2동,1509320,736937,772383,161282,191208,279322,265355,243598,368555,394795,320332,172968,181212,248284,191728,212135,212246,214858,213717,215795,221433,219136
20251,11170630,이촌1동,4525395,2070197,2455197,920280,391644,577117,854216,741975,1040164,1119852,965624,542967,548234,767942,580778,637090,637696,641580,644130,644903,658994,661001
20251,11170625,한강로동,5623799,2866825,2756974,468568,1128957,1376893,1073299,775290,800793,1099837,1127988,855085,868651,1058858,613381,802826,814917,806553,827780,845115,785115,741492
20251,11170590,용문동,2438921,1150447,1288474,300895,317385,451783,399229,392579,577050,655837,485160,281913,288364,409209,318437,344395,340769,344941,344813,344462,363608,355933
20251,11170580,효창동,3741020,1642363,2098658,534057,555005,711283,617628,550872,772176,961605,797721,443833,436074,607974,493813,534802,535434,537023,533391,533532,526705,540135
20251,11170570,원효로2동,3772138,1822473,1949665,503056,480591,718905,649655,571573,848358,1062915,822914,433885,417552,554716,480155,538980,539117,540127,541108,536938,531814,544052
20251,11170560,원효로1동,5005893,2385600,2620293,555182,800353,1257356,941388,696371,755242,1167135,1081705,672699,663260,829844,591249,723237,725234,716916,726380,739724,694412,679991
20251,11170555,청파동,7508006,3363982,4144025,827521,1664075,1432313,1158238,1057660,1368199,1931170,1581236,935449,909605,1212082,938466,1067831,1075663,1070092,1078893,1077181,1048027,1090320
20251,11170530,남영동,2035223,1051539,983685,163316,350872,417320,339188,333907,430620,381867,440367,312530,314171,369877,216413,294101,298433,294199,303611,308223,269339,267317
20251,11170520,용산2가동,4654921,2167230,2487692,607460,790281,919447,787249,544277,1006206,1238343,963402,530619,542666,769334,610558,651147,642358,650209,645217,655814,698672,711503
20251,11170510,후암동,3950206,1900965,2049241,578530,504656,756639,650832,562732,896817,1178228,844472,428672,410176,573349,515311,561683,558439,560697,555518,555948,569745,588174
20251,11140680,중림동,1994734,959121,1035613,169193,259215,406136,398082,332679,429426,424397,426515,291156,292370,336531,223764,292690,298179,294778,298556,303323,256729,250477
20251,11140670,황학동,5930183,2790262,3139922,600404,958309,1266607,981554,805500,1317809,1574269,1235180,713927,711583,948033,747192,836298,829537,828408,837820,849612,877215,871294
20251,11140665,동화동,3540342,1652872,1887470,415917,440523,561026,539787,631239,951850,829379,709755,460119,475292,636782,429015,503295,507114,507477,508348,510239,506982,496888
20251,11140650,신당5동,3291975,1527830,1764144,323474,507954,589759,503296,544283,823208,715320,648663,425927,439586,643106,419373,458652,458350,456800,459040,471945,494752,492436
20251,11140645,청구동,3094257,1403342,1690914,455246,366071,565223,465226,480268,762224,885971,650800,348902,332847,471238,404496,441111,439885,442413,442911,438993,440716,448226
20251,11140635,약수동,1911171,868710,1042461,222951,233948,335950,303989,302924,511409,440798,387206,242818,245690,350401,244257,268300,268486,269095,268278,271161,279809,286041
20251,11140625,다산동,4170031,1954963,2215068,448814,644763,770281,715902,644389,945880,965880,887603,551529,546731,715042,503246,603457,610861,608232,613754,619001,563988,550738
20251,11140615,신당동,5270807,2533232,2737575,268354,886833,1077272,928976,915305,1194066,1247599,1056385,699056,686756,906838,674171,782261,790663,780161,793471,784039,674232,665980
20251,11140605,을지로동,4679139,2636515,2042624,158997,754644,938688,954281,892572,979957,419162,1012937,983786,976523,931099,355631,725529,756685,739842,782243,814174,496443,364223
20251,11140590,광희동,6312868,3157949,3154919,371990,1367306,1376366,1149082,958950,1089174,952589,1283274,1088783,1104876,1235098,648247,950551,976652,961387,997401,1000498,752119,674262
20251,11140580,장충동,2014597,997144,1017453,153438,567653,374321,309468,281333,328385,411818,441502,322998,310960,325259,202059,294028,302750,302500,309714,301263,254018,250325
20251,11140570,필동,2431879,1267888,1163992,170956,538521,464794,434900,403677,419032,327891,517468,454799,443863,470612,217246,365698,387006,381271,399773,398107,269280,230746
20251,11140550,명동,5596335,2737699,2858637,357456,1117213,1321656,1281470,836477,682061,393342,1221217,1268947,1278442,1103395,330993,857273,897965,874912,915194,928263,629779,492949
20251,11140540,회현동,4372857,2085601,2287255,166074,552317,991291,1005759,789674,867742,313908,967000,1108879,1071011,697441,214616,691036,720490,689520,732024,737442,470666,331678
20251,11140520,소공동,2518864,1266324,1252540,149519,419075,644633,596123,408244,301271,166737,569683,596710,590967,465066,129700,395174,419274,402590,430658,429899,253174,188096
20251,11110710,숭인2동,5496846,2742274,2754572,419623,1049801,893334,808594,938465,1387028,1312362,1157609,752248,746761,869837,658028,768696,765590,768835,772180,782433,810116,828995
20251,11110700,숭인1동,2278647,1099782,1178865,231656,335580,354435,349672,389055,618250,557999,467474,278590,285349,401467,287770,322493,320708,321125,319857,318667,335609,340187
20251,11110690,창신3동,947256,444104,503152,126862,120416,137886,147292,158509,256292,282583,204378,97006,94436,141392,127461,133476,132948,137138,132875,131953,137081,141784
20251,11110680,창신2동,4956177,2417476,2538701,360942,749772,594407,599216,1052414,1599425,1379449,1039365,550726,549490,794111,643035,702502,704447,709019,700925,699047,712193,728044
20251,11110670,창신1동,2729728,1343828,1385899,146587,416805,405995,459834,509513,790994,634583,558716,393023,389052,443131,311223,402716,402123,396107,399008,396713,369514,363548
20251,11110650,혜화동,8475034,3713787,4761246,1286112,2904964,1060267,1010714,973590,1239386,1998927,1676613,1078331,1103624,1561012,1056525,1167718,1187653,1200954,1208931,1221885,1256696,1231196
20251,11110640,이화동,4574168,2054650,2519518,454737,1068915,892290,753301,671773,733152,765224,888993,736169,826054,905529,452199,634678,669746,680768,689193,690148,627246,582389
20251,11110630,종로5?6가동,4952892,2508153,2444739,327657,775310,782753,821737,926192,1319243,801661,1056674,916366,893970,837341,446879,740828,759251,745342,766849,772182,630691,537749
20251,11110615,종로1?2?3?4가동,13650465,7356899,6293565,660498,2644586,2790446,2646153,2248638,2660143,1401759,2620688,2808266,2919425,2821743,1078582,2021276,2107248,2066101,2174963,2207770,1801328,1271777
20251,11110600,가회동,1222404,613546,608857,155642,184188,220859,238135,197675,225904,196144,265713,223429,233964,199745,103408,178397,186555,180018,190672,186772,158138,141851
20251,11110580,교남동,4219937,1924740,2295197,837142,516754,563775,728716,659252,914299,1176749,909233,478542,464125,641370,549919,601929,605043,603824,604195,602073,598259,604614
20251,11110570,무악동,1725058,762504,962554,342678,190763,202831,268043,266221,454521,449111,364000,197415,199091,283981,231458,241495,241941,245089,242625,241853,257450,254606
20251,11110560,평창동,901766,390681,511085,167163,84147,93179,135744,159414,262119,261041,190905,95726,92651,138012,123431,127649,127903,127470,127574,126037,132051,133082
20251,11110550,부암동,902967,402058,500907,166855,111736,104736,140747,151042,227849,241668,192195,108903,106115,137701,116384,129146,130034,131779,128772,127789,126616,128831
20251,11110540,삼청동,948998,461442,487557,99445,148872,162171,181928,158546,198037,164864,192883,174275,177833,157188,81958,134762,139587,136136,143340,140613,135618,118944
20251,11110530,사직동,3978820,1814538,2164282,339404,604573,788169,818720,674960,752995,459876,812466,771960,807601,800989,325929,559418,585155,589270,607004,612607,585864,439504
20251,11110515,청운효자동,3322244,1398755,1923488,617483,442023,512462,582831,505315,662130,761364,666917,463454,469803,564603,396102,462344,466600,480097,479956,478701,487496,467051
